# Blender v3.4.1 OBJ File: 'MixedBag1_Export.blend'
# www.blender.org
mtllib chain_hanging_B.mtl
o chain_hanging_B
v 1.000000 -0.000000 0.100000
v 1.200000 -0.000000 0.100000
v 1.000000 -0.000000 -0.100000
v 1.200000 -0.000000 -0.100000
v 1.000000 -0.050000 -0.100000
v 1.200000 -0.050000 -0.100000
v 1.000000 -0.050000 0.100000
v 1.200000 -0.050000 0.100000
v 0.950000 0.000000 0.100000
v 1.000000 -0.000000 0.150000
v 1.000000 -0.050000 0.150000
v 0.950000 -0.050000 0.100000
v 1.200000 -0.000000 0.150000
v 1.250000 -0.000000 0.100000
v 1.250000 -0.050000 0.100000
v 1.200000 -0.050000 0.150000
v 1.000000 -0.000000 -0.150000
v 0.950000 0.000000 -0.100000
v 0.950000 -0.050000 -0.100000
v 1.000000 -0.050000 -0.150000
v 1.250000 -0.000000 -0.100000
v 1.200000 -0.000000 -0.150000
v 1.200000 -0.050000 -0.150000
v 1.250000 -0.050000 -0.100000
v 1.100000 -0.101021 -0.122147
v 1.065986 -0.100628 -0.103312
v 1.064464 -0.099535 -0.063457
v 1.135536 -0.099535 -0.063457
v 1.134015 -0.100628 -0.103312
v 1.100000 -0.171834 -0.098885
v 1.066108 -0.160856 -0.083771
v 1.064341 -0.137420 -0.051529
v 1.135660 -0.137420 -0.051529
v 1.133893 -0.160856 -0.083771
v 1.100000 -0.216241 -0.037769
v 1.066103 -0.198469 -0.031994
v 1.064337 -0.160573 -0.019682
v 1.135663 -0.160573 -0.019682
v 1.133898 -0.198469 -0.031994
v 1.100000 -0.216241 0.037769
v 1.066103 -0.198469 0.031994
v 1.064337 -0.160573 0.019682
v 1.135663 -0.160573 0.019682
v 1.133898 -0.198469 0.031994
v 1.100000 -0.171834 0.098885
v 1.064341 -0.137420 0.051529
v 1.135660 -0.137420 0.051529
v 1.133893 -0.160856 0.083771
v 1.100000 -0.101021 0.122147
v 1.065986 -0.100628 0.103312
v 1.064464 -0.099535 0.063457
v 1.135536 -0.099535 0.063457
v 1.134015 -0.100628 0.103312
v 1.066108 -0.160856 0.083771
v 1.100000 -0.050000 0.122147
v 1.135536 -0.050000 0.063457
v 1.134015 -0.050000 0.103312
v 1.065986 -0.050000 0.103312
v 1.064464 -0.050000 0.063457
v 1.064464 -0.050000 -0.063457
v 1.134015 -0.050000 -0.103312
v 1.135536 -0.050000 -0.063457
v 1.065986 -0.050000 -0.103312
v 1.100000 -0.050000 -0.122147
v -1.226136 -0.219167 -0.000000
v -1.207268 -0.219558 0.034015
v -1.167319 -0.220647 0.035536
v -1.167318 -0.220647 -0.035536
v -1.207268 -0.219558 -0.034015
v -0.981842 -0.219167 0.000000
v -1.000643 -0.219559 0.034015
v -1.040405 -0.220647 0.035536
v -1.040405 -0.220647 -0.035536
v -1.000643 -0.219558 -0.034015
v -1.011167 -0.148614 0.000000
v -1.025341 -0.159552 0.033893
v -1.055577 -0.182901 0.035660
v -1.055577 -0.182901 -0.035660
v -1.025341 -0.159552 -0.033893
v -1.076085 -0.104370 0.000000
v -1.080338 -0.122077 0.033898
v -1.089406 -0.159833 0.035663
v -1.089406 -0.159833 -0.035663
v -1.080338 -0.122077 -0.033898
v -1.151623 -0.104370 0.000000
v -1.144327 -0.122077 0.033898
v -1.128769 -0.159833 0.035663
v -1.128769 -0.159833 -0.035663
v -1.144327 -0.122077 -0.033898
v -1.208938 -0.148613 -0.000000
v -1.192883 -0.159551 0.033893
v -1.158634 -0.182901 0.035660
v -1.158634 -0.182901 -0.035660
v -1.192883 -0.159551 -0.033893
v -1.217164 -0.328418 -0.000000
v -1.198402 -0.326807 0.034015
v -1.158720 -0.323179 0.035536
v -1.158720 -0.323179 -0.035536
v -1.198402 -0.326807 -0.034015
v -1.186988 -0.406005 -0.000000
v -1.173138 -0.391724 0.033893
v -1.143373 -0.362574 0.035660
v -1.143373 -0.362574 -0.035660
v -1.173138 -0.391724 -0.033893
v -1.117272 -0.442031 -0.000000
v -1.115775 -0.423098 0.033898
v -1.109656 -0.382810 0.035663
v -1.109656 -0.382810 -0.035663
v -1.115775 -0.423098 -0.033898
v -1.043131 -0.427573 -0.000000
v -1.052773 -0.411907 0.033898
v -1.070650 -0.377525 0.035663
v -1.070650 -0.377525 -0.035663
v -1.052772 -0.411907 -0.033898
v -0.991390 -0.376768 0.000000
v -1.040898 -0.351623 0.035660
v -1.040898 -0.351623 -0.035660
v -1.007120 -0.369173 -0.033893
v -0.973340 -0.313249 0.000000
v -0.992170 -0.314076 0.034015
v -1.032038 -0.315528 0.035536
v -1.032038 -0.315528 -0.035536
v -0.992170 -0.314076 -0.034015
v -1.007120 -0.369173 0.033893
v -1.084157 -0.417999 -0.122147
v -1.117552 -0.424359 -0.103312
v -1.118793 -0.425726 -0.063457
v -1.048840 -0.413165 -0.063457
v -1.050581 -0.412405 -0.103312
v -1.084157 -0.418000 0.122147
v -1.117552 -0.424360 0.103312
v -1.118793 -0.425726 0.063457
v -1.048840 -0.413165 0.063457
v -1.050581 -0.412405 0.103312
v -1.092928 -0.347879 0.098885
v -1.125681 -0.362489 0.083771
v -1.125306 -0.387041 0.051529
v -1.054656 -0.377293 0.051529
v -1.058295 -0.355145 0.083771
v -1.096730 -0.303635 0.037769
v -1.129039 -0.323468 0.031994
v -1.127415 -0.362974 0.019681
v -1.056512 -0.355222 0.019682
v -1.061378 -0.319216 0.031994
v -1.096730 -0.303635 -0.037769
v -1.129039 -0.323468 -0.031994
v -1.127415 -0.362974 -0.019682
v -1.056512 -0.355222 -0.019682
v -1.061378 -0.319216 -0.031994
v -1.092928 -0.347879 -0.098885
v -1.125681 -0.362489 -0.083771
v -1.125306 -0.387041 -0.051529
v -1.054656 -0.377293 -0.051529
v -1.058295 -0.355145 -0.083771
v -1.060777 -0.517326 -0.122147
v -1.093628 -0.526091 -0.103312
v -1.095354 -0.525402 -0.063457
v -1.026881 -0.506359 -0.063457
v -1.028105 -0.507796 -0.103312
v -1.038664 -0.584493 -0.098886
v -1.074595 -0.584885 -0.083772
v -1.084517 -0.562838 -0.051529
v -1.016462 -0.541509 -0.051529
v -1.010278 -0.563481 -0.083771
v -1.023405 -0.626195 -0.037769
v -1.061361 -0.621110 -0.031994
v -1.076375 -0.585172 -0.019682
v -1.008693 -0.562664 -0.019682
v -0.997663 -0.597900 -0.031994
v -1.023405 -0.626195 0.037769
v -1.061361 -0.621110 0.031994
v -1.076375 -0.585172 0.019681
v -1.008693 -0.562664 0.019681
v -0.997663 -0.597900 0.031994
v -1.038664 -0.584493 0.098885
v -1.084517 -0.562838 0.051529
v -1.016462 -0.541510 0.051529
v -1.010278 -0.563481 0.083771
v -1.060777 -0.517327 0.122147
v -1.093628 -0.526092 0.103312
v -1.095354 -0.525402 0.063457
v -1.026881 -0.506359 0.063457
v -1.028105 -0.507796 0.103312
v -1.074595 -0.584885 0.083771
v -1.144326 -0.651192 -0.000000
v -1.126483 -0.645143 0.034015
v -1.088645 -0.632566 0.035536
v -1.088645 -0.632566 -0.035536
v -1.126483 -0.645143 -0.034015
v -0.914786 -0.567578 0.000000
v -0.932359 -0.574365 0.034015
v -0.969445 -0.588995 0.035536
v -0.969445 -0.588995 -0.035536
v -0.932359 -0.574365 -0.034015
v -0.959313 -0.514011 0.000000
v -0.970200 -0.528076 0.033893
v -0.993184 -0.558892 0.035660
v -0.993184 -0.558892 -0.035660
v -0.970200 -0.528076 -0.033893
v -1.028338 -0.490348 -0.000000
v -1.029993 -0.508590 0.033898
v -1.031245 -0.547554 0.035663
v -1.031245 -0.547554 -0.035663
v -1.029993 -0.508590 -0.033898
v -1.101419 -0.509457 -0.000000
v -1.091620 -0.525814 0.033897
v -1.068794 -0.559364 0.035663
v -1.068794 -0.559364 -0.035663
v -1.091619 -0.525814 -0.033898
v -1.148465 -0.571757 -0.000000
v -1.130034 -0.578312 0.033892
v -1.090943 -0.591513 0.035660
v -1.090943 -0.591513 -0.035660
v -1.130034 -0.578312 -0.033893
v -1.102964 -0.754028 -0.000000
v -1.085967 -0.745930 0.034014
v -1.050107 -0.728581 0.035536
v -1.050107 -0.728581 -0.035536
v -1.085967 -0.745930 -0.034015
v -1.048732 -0.812153 -0.000000
v -1.040323 -0.794952 0.033892
v -1.022067 -0.758872 0.035660
v -1.022067 -0.758872 -0.035660
v -1.040323 -0.794952 -0.033893
v -0.974184 -0.825454 -0.000000
v -0.977078 -0.806418 0.033897
v -0.983037 -0.766211 0.035663
v -0.983037 -0.766210 -0.035663
v -0.977078 -0.806418 -0.033898
v -0.907746 -0.789510 -0.000000
v -0.920456 -0.776610 0.033898
v -0.947772 -0.748722 0.035663
v -0.947772 -0.748722 -0.035663
v -0.920456 -0.776610 -0.033898
v -0.872189 -0.723014 -0.000000
v -0.929072 -0.714455 0.035660
v -0.929072 -0.714455 -0.035660
v -0.890237 -0.720488 -0.033893
v -0.880135 -0.653892 0.000000
v -0.897477 -0.661283 0.034015
v -0.934296 -0.676669 0.035536
v -0.934296 -0.676669 -0.035536
v -0.897477 -0.661283 -0.034015
v -0.890237 -0.720488 0.033893
v -0.948543 -0.791973 -0.122148
v -0.978460 -0.808189 -0.103312
v -0.979315 -0.809902 -0.063457
v -0.916467 -0.776714 -0.063457
v -0.918281 -0.776464 -0.103312
v -0.948543 -0.791973 0.122147
v -0.978460 -0.808189 0.103312
v -0.979315 -0.809902 0.063457
v -0.916467 -0.776714 0.063457
v -0.918281 -0.776464 0.103312
v -0.979632 -0.728349 0.098885
v -1.005379 -0.752854 0.083771
v -0.996450 -0.775154 0.051529
v -0.932596 -0.743386 0.051529
v -0.944245 -0.723572 0.083771
v -0.999128 -0.688451 0.037769
v -1.022240 -0.718323 0.031994
v -1.006849 -0.753878 0.019681
v -0.942527 -0.723055 0.019681
v -0.960411 -0.690514 0.031994
v -0.999128 -0.688451 -0.037769
v -1.022240 -0.718323 -0.031994
v -1.006849 -0.753878 -0.019682
v -0.942527 -0.723055 -0.019682
v -0.960411 -0.690514 -0.031994
v -0.979632 -0.728349 -0.098885
v -1.005379 -0.752854 -0.083772
v -0.996450 -0.775153 -0.051529
v -0.932596 -0.743385 -0.051529
v -0.944245 -0.723572 -0.083771
v -0.897480 -0.880215 -0.122148
v -0.926755 -0.897543 -0.103312
v -0.928638 -0.897382 -0.063457
v -0.867876 -0.860514 -0.063457
v -0.868617 -0.862216 -0.103312
v -0.860475 -0.940590 -0.098886
v -0.894536 -0.949844 -0.083772
v -0.908527 -0.930421 -0.051529
v -0.848392 -0.892076 -0.051529
v -0.837888 -0.912616 -0.083772
v -0.834963 -0.976886 -0.037769
v -0.873527 -0.981897 -0.031994
v -0.896166 -0.950570 -0.019682
v -0.836553 -0.911408 -0.019682
v -0.817706 -0.943424 -0.031994
v -0.834964 -0.976886 0.037769
v -0.873527 -0.981897 0.031994
v -0.896166 -0.950571 0.019681
v -0.836553 -0.911408 0.019681
v -0.817706 -0.943424 0.031994
v -0.860475 -0.940590 0.098885
v -0.908527 -0.930421 0.051529
v -0.848392 -0.892076 0.051529
v -0.837888 -0.912616 0.083771
v -0.897480 -0.880215 0.122147
v -0.926755 -0.897543 0.103312
v -0.928638 -0.897382 0.063457
v -0.867876 -0.860514 0.063457
v -0.868617 -0.862216 0.103312
v -0.894536 -0.949844 0.083771
v -0.946273 -1.031868 -0.000000
v -0.930514 -1.021514 0.034014
v -0.897023 -0.999799 0.035536
v -0.897023 -0.999799 -0.035536
v -0.930514 -1.021514 -0.034015
v -0.745114 -0.893248 -0.000000
v -0.760401 -0.904231 0.034015
v -0.792582 -0.927695 0.035536
v -0.792582 -0.927695 -0.035536
v -0.760401 -0.904231 -0.034015
v -0.799943 -0.850135 -0.000000
v -0.807287 -0.867090 0.033893
v -0.822601 -0.903829 0.035660
v -0.822601 -0.903828 -0.035660
v -0.807287 -0.867090 -0.033893
v -0.874357 -0.845673 -0.000000
v -0.870208 -0.863487 0.033897
v -0.861158 -0.901820 0.035663
v -0.861158 -0.901820 -0.035663
v -0.870208 -0.863487 -0.033898
v -0.939312 -0.884233 -0.000000
v -0.924887 -0.896724 0.033897
v -0.894331 -0.923010 0.035663
v -0.894331 -0.923010 -0.035663
v -0.924887 -0.896724 -0.033898
v -0.967314 -0.955494 -0.000000
v -0.948497 -0.957258 0.033892
v -0.908689 -0.960483 0.035660
v -0.908689 -0.960483 -0.035660
v -0.948497 -0.957258 -0.033893
v -0.880811 -1.119397 -0.000000
v -0.866214 -1.107474 0.034014
v -0.835472 -1.082050 0.035536
v -0.835472 -1.082050 -0.035536
v -0.866214 -1.107474 -0.034015
v -0.815699 -1.163587 -0.000000
v -0.811946 -1.145241 0.033892
v -0.802645 -1.105931 0.035660
v -0.802645 -1.105931 -0.035660
v -0.811946 -1.145241 -0.033893
v -0.738570 -1.157604 -0.000000
v -0.746475 -1.140338 0.033897
v -0.763042 -1.103834 0.035663
v -0.763042 -1.103834 -0.035663
v -0.746475 -1.140338 -0.033898
v -0.682403 -1.107094 -0.000000
v -0.698427 -1.098077 0.033897
v -0.732883 -1.078538 0.035663
v -0.732883 -1.078538 -0.035663
v -0.698427 -1.098077 -0.033898
v -0.665064 -1.035438 -0.000000
v -0.722772 -1.040807 0.035660
v -0.722772 -1.040807 -0.035660
v -0.683599 -1.037549 -0.033893
v -0.688243 -0.969072 -0.000000
v -0.703311 -0.980366 0.034015
v -0.735363 -1.004041 0.035536
v -0.735363 -1.004041 -0.035536
v -0.703311 -0.980366 -0.034015
v -0.683599 -1.037549 0.033893
v -0.722107 -1.119585 -0.122148
v -0.747370 -1.142355 -0.103312
v -0.747761 -1.144186 -0.063457
v -0.694453 -1.097181 -0.063457
v -0.696314 -1.097397 -0.103312
v -0.722107 -1.119585 0.122147
v -0.747371 -1.142355 0.103312
v -0.747761 -1.144186 0.063457
v -0.694453 -1.097181 0.063457
v -0.696314 -1.097397 0.103312
v -0.768255 -1.065963 0.098885
v -0.787921 -1.096194 0.083771
v -0.773904 -1.115620 0.051529
v -0.719319 -1.069720 0.051529
v -0.735428 -1.053306 0.083771
v -0.794874 -1.030418 0.037769
v -0.810935 -1.065510 0.031994
v -0.789119 -1.097544 0.019681
v -0.733891 -1.052408 0.019681
v -0.757507 -1.023777 0.031994
v -0.794874 -1.030418 -0.037769
v -0.810935 -1.065510 -0.031994
v -0.789119 -1.097544 -0.019682
v -0.733891 -1.052408 -0.019682
v -0.757507 -1.023777 -0.031994
v -0.768255 -1.065963 -0.098886
v -0.787921 -1.096194 -0.083772
v -0.773904 -1.115620 -0.051529
v -0.719319 -1.069720 -0.051529
v -0.735428 -1.053306 -0.083772
v -0.653411 -1.195039 -0.122148
v -0.677745 -1.218783 -0.103312
v -0.679574 -1.219033 -0.063457
v -0.629248 -1.168848 -0.063457
v -0.629606 -1.170714 -0.103312
v -0.601224 -1.242841 -0.098886
v -0.632387 -1.260455 -0.083772
v -0.651502 -1.245754 -0.051529
v -0.602311 -1.194113 -0.051529
v -0.586446 -1.210612 -0.083772
v -0.568084 -1.272400 -0.037769
v -0.603656 -1.286091 -0.031995
v -0.633803 -1.261564 -0.019682
v -0.585452 -1.209127 -0.019682
v -0.559038 -1.235048 -0.031994
v -0.568084 -1.272400 0.037769
v -0.603656 -1.286091 0.031994
v -0.633803 -1.261564 0.019681
v -0.585452 -1.209127 0.019681
v -0.559038 -1.235048 0.031994
v -0.601224 -1.242841 0.098885
v -0.651502 -1.245754 0.051529
v -0.602311 -1.194113 0.051529
v -0.586446 -1.210612 0.083771
v -0.653411 -1.195039 0.122147
v -0.677745 -1.218783 0.103312
v -0.679574 -1.219033 0.063457
v -0.629248 -1.168848 0.063457
v -0.629606 -1.170714 0.103312
v -0.632387 -1.260455 0.083771
v -0.661840 -1.352443 -0.000000
v -0.649128 -1.338543 0.034014
v -0.622051 -1.309290 0.035536
v -0.622051 -1.309290 -0.035536
v -0.649128 -1.338543 -0.034015
v -0.501045 -1.168527 -0.000000
v -0.513170 -1.182950 0.034015
v -0.538616 -1.213657 0.035536
v -0.538616 -1.213657 -0.035536
v -0.513170 -1.182950 -0.034015
v -0.565590 -1.142224 -0.000000
v -0.568363 -1.159956 0.033893
v -0.573712 -1.198341 0.035660
v -0.573712 -1.198341 -0.035660
v -0.568363 -1.159956 -0.033893
v -0.638448 -1.155407 -0.000000
v -0.630861 -1.172334 0.033897
v -0.612324 -1.206581 0.035663
v -0.612324 -1.206580 -0.035663
v -0.630861 -1.172334 -0.033898
v -0.692476 -1.208199 -0.000000
v -0.676133 -1.217555 0.033897
v -0.639447 -1.235108 0.035663
v -0.639447 -1.235108 -0.035663
v -0.676133 -1.217555 -0.033898
v -0.702988 -1.284474 -0.000000
v -0.683830 -1.281357 0.033892
v -0.643501 -1.274172 0.035660
v -0.643501 -1.274172 -0.035660
v -0.683830 -1.281357 -0.033893
v -0.576147 -1.423224 -0.000000
v -0.565208 -1.407901 0.034014
v -0.542254 -1.375342 0.035536
v -0.542254 -1.375342 -0.035536
v -0.565208 -1.407901 -0.034015
v -0.499404 -1.448561 -0.000000
v -0.500711 -1.429228 0.033892
v -0.502734 -1.388478 0.035660
v -0.502734 -1.388478 -0.035660
v -0.500711 -1.429228 -0.033893
v -0.428164 -1.423763 -0.000000
v -0.440129 -1.408392 0.033897
v -0.465147 -1.375904 0.035663
v -0.465147 -1.375904 -0.035663
v -0.440129 -1.408391 -0.033898
v -0.388911 -1.359225 -0.000000
v -0.406070 -1.354220 0.033897
v -0.443152 -1.343259 0.035663
v -0.443152 -1.343259 -0.035663
v -0.406070 -1.354220 -0.033898
v -0.390442 -1.283513 -0.000000
v -0.443508 -1.304139 0.035660
v -0.443508 -1.304138 -0.035660
v -0.407126 -1.290259 -0.033893
v -0.429743 -1.227659 -0.000000
v -0.441326 -1.242532 0.034015
v -0.466070 -1.273838 0.035536
v -0.466070 -1.273838 -0.035536
v -0.441326 -1.242532 -0.034015
v -0.407126 -1.290259 0.033893
v -0.422681 -1.381598 -0.122148
v -0.440442 -1.410634 -0.103312
v -0.440328 -1.412566 -0.063457
v -0.402600 -1.352334 -0.063457
v -0.404276 -1.353014 -0.103312
v -0.422681 -1.381599 0.122147
v -0.440442 -1.410634 0.103312
v -0.440328 -1.412566 0.063457
v -0.402600 -1.352334 0.063457
v -0.404276 -1.353014 0.103312
v -0.480703 -1.341003 0.098885
v -0.491146 -1.375062 0.083771
v -0.472381 -1.390339 0.051529
v -0.432629 -1.331125 0.051529
v -0.452270 -1.319532 0.083771
v -0.517088 -1.315546 0.037769
v -0.522829 -1.352879 0.031994
v -0.491923 -1.376678 0.019681
v -0.451030 -1.318239 0.019681
v -0.482223 -1.298590 0.031994
v -0.517088 -1.315546 -0.037769
v -0.522829 -1.352879 -0.031995
v -0.491923 -1.376678 -0.019682
v -0.451030 -1.318239 -0.019682
v -0.482223 -1.298590 -0.031994
v -0.480703 -1.341003 -0.098886
v -0.491146 -1.375061 -0.083772
v -0.472381 -1.390339 -0.051529
v -0.432629 -1.331125 -0.051529
v -0.452270 -1.319532 -0.083771
v -0.333469 -1.430777 -0.122148
v -0.348942 -1.461066 -0.103312
v -0.350628 -1.461914 -0.063457
v -0.318956 -1.398288 -0.063457
v -0.318695 -1.400130 -0.103312
v -0.270285 -1.462696 -0.098886
v -0.293339 -1.489224 -0.083772
v -0.315686 -1.479850 -0.051529
v -0.286418 -1.414812 -0.051529
v -0.267021 -1.426756 -0.083772
v -0.227949 -1.476099 -0.037769
v -0.256609 -1.502543 -0.031995
v -0.294288 -1.490723 -0.019682
v -0.266576 -1.425000 -0.019682
v -0.233177 -1.438926 -0.031994
v -0.227949 -1.476099 0.037769
v -0.256609 -1.502543 0.031994
v -0.294288 -1.490723 0.019681
v -0.266576 -1.425000 0.019681
v -0.233177 -1.438926 0.031994
v -0.270285 -1.462696 0.098885
v -0.315686 -1.479850 0.051529
v -0.286418 -1.414813 0.051529
v -0.267021 -1.426756 0.083771
v -0.333469 -1.430777 0.122147
v -0.348942 -1.461066 0.103312
v -0.350628 -1.461914 0.063457
v -0.318956 -1.398288 0.063457
v -0.318696 -1.400131 0.103312
v -0.293340 -1.489224 0.083771
v -0.287252 -1.585309 -0.000000
v -0.280315 -1.567772 0.034014
v -0.265428 -1.530728 0.035536
v -0.265428 -1.530728 -0.035536
v -0.280315 -1.567772 -0.034015
v -0.202778 -1.356083 -0.000000
v -0.208965 -1.373857 0.034015
v -0.221769 -1.411560 0.035536
v -0.221769 -1.411560 -0.035536
v -0.208965 -1.373857 -0.034015
v -0.268365 -1.353075 -0.000000
v -0.265792 -1.371394 0.033893
v -0.259260 -1.410975 0.035660
v -0.259260 -1.410975 -0.035660
v -0.265792 -1.371394 -0.033893
v -0.332011 -1.389113 -0.000000
v -0.319365 -1.402057 0.033897
v -0.291782 -1.429994 0.035663
v -0.291782 -1.429994 -0.035663
v -0.319365 -1.402057 -0.033898
v -0.366810 -1.456158 -0.000000
v -0.347800 -1.459381 0.033897
v -0.307885 -1.465913 0.035663
v -0.307885 -1.465913 -0.035663
v -0.347800 -1.459380 -0.033898
v -0.351359 -1.532589 -0.000000
v -0.334378 -1.524256 0.033892
v -0.299167 -1.505993 0.035660
v -0.299167 -1.505992 -0.035660
v -0.334378 -1.524256 -0.033893
v -0.174696 -1.620628 -0.000000
v -0.170963 -1.602127 0.034014
v -0.163274 -1.562910 0.035536
v -0.163274 -1.562910 -0.035536
v -0.170963 -1.602127 -0.034015
v -0.089498 -1.609616 -0.000000
v -0.099998 -1.593236 0.033892
v -0.120752 -1.558455 0.035660
v -0.120752 -1.558455 -0.035660
v -0.099998 -1.593236 -0.033893
v -0.035613 -1.553984 -0.000000
v -0.053836 -1.546224 0.033897
v -0.091659 -1.529698 0.035663
v -0.091659 -1.529698 -0.035663
v -0.053836 -1.546224 -0.033898
v -0.031717 -1.478547 -0.000000
v -0.048826 -1.482432 0.033897
v -0.086342 -1.490695 0.035663
v -0.086342 -1.490695 -0.035663
v -0.048826 -1.482432 -0.033898
v -0.066116 -1.413232 -0.000000
v -0.103280 -1.456889 0.035660
v -0.103280 -1.456889 -0.035660
v -0.077441 -1.427219 -0.033893
v -0.120768 -1.382359 -0.000000
v -0.125250 -1.400623 0.034015
v -0.135023 -1.439181 0.035536
v -0.135023 -1.439181 -0.035536
v -0.125250 -1.400623 -0.034015
v -0.077441 -1.427219 0.033893
v -0.050824 -1.514384 -0.122148
v -0.053050 -1.548340 -0.103312
v -0.052023 -1.549981 -0.063457
v -0.046671 -1.479110 -0.063457
v -0.047816 -1.480513 -0.103312
v -0.050823 -1.514384 0.122147
v -0.053050 -1.548341 0.103312
v -0.052023 -1.549981 0.063457
v -0.046671 -1.479111 0.063457
v -0.047816 -1.480513 0.103312
v -0.121215 -1.506663 0.098885
v -0.115961 -1.541277 0.083771
v -0.091715 -1.545763 0.051529
v -0.082296 -1.475068 0.051529
v -0.104643 -1.474443 0.083771
v -0.164189 -1.496284 0.037769
v -0.154706 -1.534714 0.031994
v -0.115961 -1.543056 0.019681
v -0.104082 -1.472726 0.019681
v -0.139784 -1.468581 0.031994
v -0.164189 -1.496284 -0.037769
v -0.154706 -1.534714 -0.031994
v -0.115961 -1.543056 -0.019682
v -0.104082 -1.472726 -0.019682
v -0.139784 -1.468581 -0.031994
v -0.121215 -1.506663 -0.098886
v -0.115961 -1.541277 -0.083772
v -0.091715 -1.545763 -0.051529
v -0.082296 -1.475068 -0.051529
v -0.104643 -1.474443 -0.083771
v 0.050610 -1.514491 -0.122148
v 0.052786 -1.548451 -0.103312
v 0.051756 -1.550092 -0.063457
v 0.046509 -1.479213 -0.063457
v 0.047652 -1.480616 -0.103312
v 0.121001 -1.506770 -0.098886
v 0.115698 -1.541392 -0.083772
v 0.091449 -1.545877 -0.051529
v 0.082135 -1.475168 -0.051529
v 0.104478 -1.474542 -0.083772
v 0.164014 -1.496579 -0.037769
v 0.154491 -1.535019 -0.031994
v 0.115695 -1.543171 -0.019682
v 0.103920 -1.472824 -0.019682
v 0.139651 -1.468868 -0.031994
v 0.164014 -1.496579 0.037769
v 0.154491 -1.535019 0.031994
v 0.115695 -1.543171 0.019681
v 0.103920 -1.472824 0.019681
v 0.139651 -1.468868 0.031994
v 0.121001 -1.506770 0.098885
v 0.091449 -1.545877 0.051529
v 0.082135 -1.475168 0.051529
v 0.104478 -1.474542 0.083771
v 0.050610 -1.514491 0.122147
v 0.052786 -1.548451 0.103312
v 0.051756 -1.550092 0.063457
v 0.046509 -1.479213 0.063457
v 0.047652 -1.480616 0.103312
v 0.115698 -1.541392 0.083771
v 0.173666 -1.621171 -0.000000
v 0.169972 -1.602663 0.034014
v 0.162363 -1.563427 0.035536
v 0.162363 -1.563427 -0.035536
v 0.169972 -1.602662 -0.034015
v 0.120232 -1.382792 -0.000000
v 0.124676 -1.401064 0.034015
v 0.134368 -1.439640 0.035536
v 0.134368 -1.439640 -0.035536
v 0.124676 -1.401064 -0.034015
v 0.065507 -1.413381 -0.000000
v 0.076795 -1.427368 0.033893
v 0.102556 -1.457045 0.035660
v 0.102555 -1.457045 -0.035660
v 0.076795 -1.427368 -0.033893
v 0.030960 -1.478719 -0.000000
v 0.048055 -1.482602 0.033897
v 0.085541 -1.490865 0.035663
v 0.085541 -1.490865 -0.035663
v 0.048055 -1.482602 -0.033898
v 0.034672 -1.554166 -0.000000
v 0.052910 -1.546407 0.033897
v 0.090762 -1.529881 0.035663
v 0.090762 -1.529881 -0.035663
v 0.052910 -1.546407 -0.033898
v 0.088410 -1.609821 -0.000000
v 0.098947 -1.593440 0.033892
v 0.119779 -1.558653 0.035660
v 0.119779 -1.558653 -0.035660
v 0.098947 -1.593440 -0.033893
v 0.286232 -1.585884 -0.000000
v 0.279332 -1.568334 0.034014
v 0.264521 -1.531261 0.035536
v 0.264521 -1.531261 -0.035536
v 0.279332 -1.568334 -0.034015
v 0.350528 -1.533394 -0.000000
v 0.333569 -1.525049 0.033892
v 0.298406 -1.506762 0.035660
v 0.298406 -1.506762 -0.035660
v 0.333569 -1.525048 -0.033893
v 0.366073 -1.456923 -0.000000
v 0.347071 -1.460140 0.033897
v 0.307174 -1.466662 0.035663
v 0.307174 -1.466662 -0.035663
v 0.347071 -1.460140 -0.033898
v 0.331385 -1.389820 -0.000000
v 0.318732 -1.402769 0.033898
v 0.291131 -1.430717 0.035663
v 0.291131 -1.430717 -0.035663
v 0.318732 -1.402769 -0.033898
v 0.267834 -1.353742 -0.000000
v 0.258657 -1.411678 0.035660
v 0.258657 -1.411678 -0.035660
v 0.265239 -1.372073 -0.033893
v 0.202232 -1.356484 -0.000000
v 0.208383 -1.374272 0.034015
v 0.221110 -1.412004 0.035536
v 0.221110 -1.412004 -0.035536
v 0.208383 -1.374272 -0.034015
v 0.265239 -1.372073 0.033893
v 0.333356 -1.431222 -0.122148
v 0.348799 -1.461526 -0.103312
v 0.350483 -1.462375 -0.063457
v 0.318876 -1.398718 -0.063457
v 0.318614 -1.400560 -0.103312
v 0.333356 -1.431222 0.122147
v 0.348799 -1.461526 0.103312
v 0.350483 -1.462375 0.063457
v 0.318876 -1.398718 0.063457
v 0.318614 -1.400561 0.103312
v 0.270111 -1.462991 0.098885
v 0.293195 -1.489682 0.083771
v 0.315541 -1.480310 0.051529
v 0.286339 -1.415243 0.051529
v 0.266940 -1.427188 0.083771
v 0.227775 -1.476394 0.037769
v 0.256395 -1.502853 0.031994
v 0.294142 -1.491182 0.019681
v 0.266496 -1.425432 0.019681
v 0.233043 -1.439207 0.031994
v 0.227775 -1.476394 -0.037769
v 0.256395 -1.502853 -0.031994
v 0.294142 -1.491182 -0.019682
v 0.266496 -1.425431 -0.019682
v 0.233042 -1.439207 -0.031994
v 0.270111 -1.462991 -0.098885
v 0.293195 -1.489682 -0.083771
v 0.315541 -1.480310 -0.051529
v 0.286338 -1.415243 -0.051529
v 0.266940 -1.427188 -0.083771
v 0.422638 -1.382160 -0.122148
v 0.440375 -1.411210 -0.103312
v 0.440261 -1.413142 -0.063457
v 0.402581 -1.352880 -0.063457
v 0.404257 -1.353560 -0.103312
v 0.480660 -1.341565 -0.098885
v 0.491080 -1.375639 -0.083772
v 0.472314 -1.390916 -0.051529
v 0.432610 -1.331670 -0.051529
v 0.452250 -1.320077 -0.083771
v 0.517045 -1.316107 -0.037769
v 0.522764 -1.353457 -0.031994
v 0.491856 -1.377256 -0.019682
v 0.451011 -1.318783 -0.019682
v 0.482203 -1.299134 -0.031994
v 0.517045 -1.316107 0.037769
v 0.522764 -1.353457 0.031994
v 0.491856 -1.377256 0.019681
v 0.451011 -1.318783 0.019681
v 0.482203 -1.299134 0.031994
v 0.480660 -1.341565 0.098885
v 0.472314 -1.390916 0.051529
v 0.432610 -1.331670 0.051529
v 0.452250 -1.320078 0.083771
v 0.422638 -1.382160 0.122147
v 0.440375 -1.411210 0.103312
v 0.440261 -1.413143 0.063457
v 0.402582 -1.352880 0.063457
v 0.404257 -1.353561 0.103312
v 0.491080 -1.375639 0.083771
v 0.575448 -1.424251 -0.000000
v 0.564530 -1.408912 0.034015
v 0.541619 -1.376321 0.035536
v 0.541619 -1.376321 -0.035536
v 0.564530 -1.408912 -0.034015
v 0.429309 -1.228488 0.000000
v 0.440871 -1.243376 0.034015
v 0.465572 -1.274714 0.035536
v 0.465572 -1.274714 -0.035536
v 0.440871 -1.243376 -0.034015
v 0.389988 -1.284367 -0.000000
v 0.406653 -1.291123 0.033893
v 0.442998 -1.305026 0.035660
v 0.442998 -1.305026 -0.035660
v 0.406653 -1.291123 -0.033893
v 0.388389 -1.360126 -0.000000
v 0.405541 -1.355124 0.033898
v 0.442608 -1.344172 0.035663
v 0.442608 -1.344172 -0.035663
v 0.405541 -1.355124 -0.033898
v 0.427554 -1.424717 -0.000000
v 0.439526 -1.409342 0.033897
v 0.464558 -1.376846 0.035663
v 0.464558 -1.376846 -0.035663
v 0.439526 -1.409342 -0.033898
v 0.498726 -1.449562 -0.000000
v 0.500050 -1.430219 0.033892
v 0.502111 -1.389445 0.035660
v 0.502111 -1.389445 -0.035660
v 0.500050 -1.430219 -0.033893
v 0.661287 -1.353611 -0.000000
v 0.648591 -1.339697 0.034015
v 0.621549 -1.310414 0.035536
v 0.621549 -1.310414 -0.035536
v 0.648591 -1.339697 -0.034015
v 0.702459 -1.285629 -0.000000
v 0.683312 -1.282499 0.033893
v 0.643010 -1.275288 0.035660
v 0.643010 -1.275288 -0.035660
v 0.683312 -1.282499 -0.033893
v 0.692119 -1.209422 -0.000000
v 0.675781 -1.218774 0.033897
v 0.638982 -1.236200 0.035663
v 0.638982 -1.236200 -0.035663
v 0.675781 -1.218774 -0.033898
v 0.638144 -1.156576 -0.000000
v 0.630554 -1.173507 0.033898
v 0.611892 -1.207642 0.035663
v 0.611892 -1.207642 -0.035663
v 0.630554 -1.173507 -0.033898
v 0.565223 -1.143223 0.000000
v 0.573307 -1.199378 0.035660
v 0.573307 -1.199378 -0.035660
v 0.567984 -1.160968 -0.033893
v 0.500701 -1.169513 0.000000
v 0.512811 -1.183949 0.034015
v 0.538222 -1.214687 0.035536
v 0.538222 -1.214687 -0.035536
v 0.512811 -1.183949 -0.034015
v 0.567984 -1.160968 0.033893
v 0.653511 -1.195763 -0.122147
v 0.677831 -1.219522 -0.103312
v 0.679659 -1.219772 -0.063457
v 0.629363 -1.169557 -0.063457
v 0.629721 -1.171423 -0.103312
v 0.653511 -1.195763 0.122147
v 0.677831 -1.219522 0.103312
v 0.679659 -1.219772 0.063457
v 0.629363 -1.169557 0.063457
v 0.629721 -1.171423 0.103312
v 0.601252 -1.243493 0.098885
v 0.632399 -1.261122 0.083771
v 0.651513 -1.246422 0.051529
v 0.602357 -1.194748 0.051529
v 0.586492 -1.211248 0.083771
v 0.568113 -1.273052 0.037769
v 0.603667 -1.286758 0.031994
v 0.633814 -1.262232 0.019681
v 0.585498 -1.209763 0.019681
v 0.559084 -1.235685 0.031994
v 0.568113 -1.273052 -0.037769
v 0.603667 -1.286758 -0.031994
v 0.633814 -1.262232 -0.019682
v 0.585498 -1.209763 -0.019682
v 0.559084 -1.235685 -0.031994
v 0.601252 -1.243493 -0.098885
v 0.632399 -1.261122 -0.083771
v 0.651513 -1.246422 -0.051529
v 0.602357 -1.194748 -0.051529
v 0.586492 -1.211248 -0.083771
v 0.722207 -1.120309 -0.122147
v 0.747457 -1.143095 -0.103312
v 0.747847 -1.144927 -0.063457
v 0.694567 -1.097889 -0.063457
v 0.696428 -1.098105 -0.103312
v 0.768427 -1.066746 -0.098885
v 0.788081 -1.096992 -0.083771
v 0.773990 -1.116361 -0.051529
v 0.719432 -1.070427 -0.051529
v 0.735612 -1.054075 -0.083771
v 0.795046 -1.031202 -0.037769
v 0.811095 -1.066309 -0.031994
v 0.789278 -1.098344 -0.019682
v 0.734077 -1.053176 -0.019682
v 0.757691 -1.024546 -0.031994
v 0.795046 -1.031202 0.037769
v 0.811095 -1.066309 0.031994
v 0.789278 -1.098344 0.019681
v 0.734077 -1.053176 0.019681
v 0.757691 -1.024546 0.031994
v 0.768427 -1.066747 0.098885
v 0.773990 -1.116361 0.051529
v 0.719433 -1.070427 0.051529
v 0.735612 -1.054075 0.083771
v 0.722207 -1.120309 0.122147
v 0.747457 -1.143095 0.103312
v 0.747847 -1.144927 0.063457
v 0.694567 -1.097889 0.063457
v 0.696428 -1.098105 0.103312
v 0.788081 -1.096993 0.083771
v 0.880529 -1.120783 -0.000000
v 0.865943 -1.108846 0.034015
v 0.835224 -1.083392 0.035536
v 0.835224 -1.083392 -0.035536
v 0.865943 -1.108846 -0.034015
v 0.688103 -0.970277 0.000000
v 0.703160 -0.981584 0.034015
v 0.735189 -1.005289 0.035536
v 0.735189 -1.005289 -0.035536
v 0.703160 -0.981584 -0.034015
v 0.664799 -1.036559 0.000000
v 0.683323 -1.038680 0.033893
v 0.722592 -1.042065 0.035660
v 0.722592 -1.042065 -0.035660
v 0.683323 -1.038680 -0.033893
v 0.682098 -1.108263 -0.000000
v 0.698118 -1.099249 0.033898
v 0.732566 -1.079719 0.035663
v 0.732566 -1.079719 -0.035663
v 0.698118 -1.099249 -0.033898
v 0.738214 -1.158828 -0.000000
v 0.746124 -1.141558 0.033898
v 0.762699 -1.105046 0.035663
v 0.762699 -1.105046 -0.035663
v 0.746123 -1.141558 -0.033898
v 0.815305 -1.164859 -0.000000
v 0.811562 -1.146502 0.033893
v 0.802404 -1.107264 0.035660
v 0.802404 -1.107264 -0.035660
v 0.811562 -1.146502 -0.033893
v 0.945996 -1.033257 -0.000000
v 0.930248 -1.022890 0.034015
v 0.896779 -1.001144 0.035536
v 0.896779 -1.001144 -0.035536
v 0.930248 -1.022890 -0.034015
v 0.967177 -0.956953 -0.000000
v 0.948368 -0.958705 0.033893
v 0.908575 -0.961903 0.035660
v 0.908575 -0.961903 -0.035660
v 0.948368 -0.958705 -0.033893
v 0.939207 -0.885643 -0.000000
v 0.924785 -0.898130 0.033898
v 0.894234 -0.924405 0.035663
v 0.894234 -0.924405 -0.035663
v 0.924785 -0.898130 -0.033898
v 0.874289 -0.847022 0.000000
v 0.870137 -0.864841 0.033898
v 0.861082 -0.903184 0.035663
v 0.861082 -0.903184 -0.035663
v 0.870137 -0.864841 -0.033898
v 0.799907 -0.851435 0.000000
v 0.822542 -0.905167 0.035660
v 0.822542 -0.905167 -0.035660
v 0.807243 -0.868403 -0.033893
v 0.744969 -0.894448 0.000000
v 0.760246 -0.905446 0.034015
v 0.792406 -0.928941 0.035536
v 0.792406 -0.928941 -0.035536
v 0.760246 -0.905446 -0.034015
v 0.807243 -0.868403 0.033893
v 0.897728 -0.881050 -0.122147
v 0.926992 -0.898395 -0.103312
v 0.928874 -0.898235 -0.063457
v 0.868134 -0.861332 -0.063457
v 0.868875 -0.863035 -0.103312
v 0.897728 -0.881050 0.122147
v 0.926992 -0.898395 0.103312
v 0.928875 -0.898235 0.063457
v 0.868134 -0.861332 0.063457
v 0.868875 -0.863035 0.103312
v 0.860723 -0.941425 0.098885
v 0.894773 -0.950695 0.083771
v 0.908763 -0.931273 0.051529
v 0.848651 -0.892894 0.051529
v 0.838147 -0.913435 0.083771
v 0.835136 -0.977670 0.037769
v 0.873689 -0.982697 0.031994
v 0.896402 -0.951423 0.019681
v 0.836812 -0.912226 0.019682
v 0.817889 -0.944192 0.031994
v 0.835136 -0.977670 -0.037769
v 0.873689 -0.982697 -0.031994
v 0.896402 -0.951423 -0.019682
v 0.836812 -0.912226 -0.019682
v 0.817889 -0.944192 -0.031994
v 0.860723 -0.941425 -0.098885
v 0.894773 -0.950695 -0.083771
v 0.908763 -0.931273 -0.051529
v 0.848651 -0.892894 -0.051529
v 0.838147 -0.913435 -0.083771
v 0.948872 -0.792853 -0.122147
v 0.978779 -0.809087 -0.103312
v 0.979634 -0.810801 -0.063457
v 0.916807 -0.777574 -0.063457
v 0.918620 -0.777325 -0.103312
v 0.979961 -0.729229 -0.098885
v 1.005699 -0.753753 -0.083771
v 0.996769 -0.776053 -0.051529
v 0.932936 -0.744245 -0.051529
v 0.944583 -0.724433 -0.083771
v 0.999457 -0.689331 -0.037769
v 1.022560 -0.719223 -0.031994
v 1.007169 -0.754778 -0.019682
v 0.942866 -0.723915 -0.019682
v 0.960749 -0.691375 -0.031994
v 0.999457 -0.689331 0.037769
v 1.022560 -0.719223 0.031994
v 1.007169 -0.754778 0.019681
v 0.942866 -0.723915 0.019682
v 0.960749 -0.691375 0.031994
v 0.979961 -0.729229 0.098885
v 0.996769 -0.776053 0.051529
v 0.932936 -0.744245 0.051529
v 0.944584 -0.724433 0.083771
v 0.948872 -0.792853 0.122147
v 0.978779 -0.809088 0.103312
v 0.979634 -0.810801 0.063457
v 0.916807 -0.777574 0.063457
v 0.918620 -0.777325 0.103312
v 1.005700 -0.753753 0.083771
v 1.102961 -0.755597 -0.000000
v 1.085972 -0.747482 0.034015
v 1.050130 -0.730094 0.035536
v 1.050130 -0.730094 -0.035536
v 1.085972 -0.747482 -0.034015
v 0.880236 -0.655230 0.000000
v 0.897570 -0.662639 0.034015
v 0.934372 -0.678063 0.035536
v 0.934372 -0.678063 -0.035536
v 0.897570 -0.662639 -0.034015
v 0.872284 -0.724377 0.000000
v 0.890325 -0.721864 0.033893
v 0.929144 -0.715861 0.035660
v 0.929144 -0.715861 -0.035660
v 0.890325 -0.721864 -0.033893
v 0.907813 -0.790929 0.000000
v 0.920521 -0.778034 0.033898
v 0.947830 -0.750158 0.035663
v 0.947830 -0.750158 -0.035663
v 0.920521 -0.778034 -0.033898
v 0.974214 -0.826942 -0.000000
v 0.977112 -0.807901 0.033898
v 0.983077 -0.767683 0.035663
v 0.983077 -0.767683 -0.035663
v 0.977112 -0.807901 -0.033898
v 1.048735 -0.813698 -0.000000
v 1.040334 -0.796483 0.033893
v 1.022093 -0.760373 0.035660
v 1.022093 -0.760373 -0.035660
v 1.040334 -0.796483 -0.033893
v 1.144478 -0.652851 -0.000000
v 1.126643 -0.646781 0.034015
v 1.088822 -0.634158 0.035536
v 1.088822 -0.634158 -0.035536
v 1.126643 -0.646781 -0.034015
v 1.148634 -0.573391 -0.000000
v 1.130207 -0.579928 0.033893
v 1.091126 -0.593092 0.035660
v 1.091126 -0.593092 -0.035660
v 1.130207 -0.579928 -0.033893
v 1.101793 -0.511088 -0.000000
v 1.091995 -0.527436 0.033898
v 1.068991 -0.560906 0.035663
v 1.068991 -0.560906 -0.035663
v 1.091995 -0.527436 -0.033898
v 1.028741 -0.491867 0.000000
v 1.030395 -0.510118 0.033898
v 1.031456 -0.549050 0.035663
v 1.031456 -0.549050 -0.035663
v 1.030395 -0.510118 -0.033898
v 0.959552 -0.515416 0.000000
v 0.993408 -0.560352 0.035660
v 0.993408 -0.560352 -0.035660
v 0.970434 -0.529499 -0.033893
v 0.915040 -0.568958 0.000000
v 0.932605 -0.575767 0.034015
v 0.969675 -0.590442 0.035536
v 0.969675 -0.590442 -0.035536
v 0.932605 -0.575767 -0.034015
v 0.970434 -0.529499 0.033893
v 1.061312 -0.518280 -0.122147
v 1.094155 -0.527075 -0.103312
v 1.095880 -0.526387 -0.063457
v 1.027424 -0.507281 -0.063457
v 1.028649 -0.508719 -0.103312
v 1.061312 -0.518280 0.122147
v 1.094155 -0.527075 0.103312
v 1.095880 -0.526387 0.063457
v 1.027424 -0.507281 0.063457
v 1.028649 -0.508719 0.103312
v 1.039087 -0.585412 0.098885
v 1.075010 -0.585828 0.083771
v 1.084933 -0.563783 0.051529
v 1.016893 -0.542404 0.051529
v 1.010709 -0.564377 0.083771
v 1.023828 -0.627115 0.037769
v 1.061775 -0.622053 0.031994
v 1.076789 -0.586116 0.019681
v 1.009124 -0.563559 0.019682
v 0.998094 -0.598796 0.031994
v 1.023828 -0.627115 -0.037769
v 1.061775 -0.622053 -0.031994
v 1.076789 -0.586116 -0.019682
v 1.009124 -0.563559 -0.019681
v 0.998094 -0.598796 -0.031994
v 1.039087 -0.585412 -0.098885
v 1.075010 -0.585828 -0.083771
v 1.084933 -0.563783 -0.051529
v 1.016893 -0.542404 -0.051529
v 1.010709 -0.564377 -0.083771
v 1.084692 -0.418953 -0.122147
v 1.118081 -0.425344 -0.103312
v 1.119322 -0.426712 -0.063457
v 1.049381 -0.414086 -0.063457
v 1.051122 -0.413327 -0.103312
v 1.093604 -0.348855 -0.098885
v 1.126352 -0.363505 -0.083771
v 1.125976 -0.388059 -0.051529
v 1.055338 -0.378227 -0.051529
v 1.058975 -0.356080 -0.083771
v 1.097406 -0.304611 -0.037769
v 1.129712 -0.324484 -0.031994
v 1.128087 -0.363993 -0.019682
v 1.057192 -0.356155 -0.019681
v 1.062056 -0.320152 -0.031994
v 1.097406 -0.304611 0.037769
v 1.129712 -0.324484 0.031994
v 1.128087 -0.363993 0.019681
v 1.057192 -0.356155 0.019682
v 1.062056 -0.320152 0.031994
v 1.093604 -0.348855 0.098885
v 1.125976 -0.388059 0.051529
v 1.055338 -0.378227 0.051529
v 1.058975 -0.356080 0.083771
v 1.084692 -0.418953 0.122147
v 1.118082 -0.425344 0.103312
v 1.119322 -0.426712 0.063457
v 1.049381 -0.414086 0.063457
v 1.051122 -0.413327 0.103312
v 1.126352 -0.363505 0.083771
v 1.217770 -0.330271 -0.000000
v 1.199010 -0.328623 0.034015
v 1.159334 -0.324916 0.035536
v 1.159334 -0.324916 -0.035536
v 1.199010 -0.328623 -0.034015
v 0.973977 -0.314620 0.000000
v 0.992804 -0.315484 0.034015
v 1.032667 -0.317015 0.035536
v 1.032667 -0.317015 -0.035536
v 0.992804 -0.315485 -0.034015
v 0.992040 -0.378187 0.000000
v 1.007763 -0.370622 0.033893
v 1.041530 -0.353134 0.035660
v 1.041530 -0.353134 -0.035660
v 1.007763 -0.370622 -0.033893
v 1.043531 -0.429092 0.000000
v 1.053170 -0.413434 0.033898
v 1.071276 -0.379099 0.035663
v 1.071276 -0.379099 -0.035663
v 1.053170 -0.413434 -0.033898
v 1.117650 -0.443662 -0.000000
v 1.116155 -0.424721 0.033898
v 1.110272 -0.384460 0.035663
v 1.110272 -0.384460 -0.035663
v 1.116155 -0.424721 -0.033898
v 1.187580 -0.407810 -0.000000
v 1.173737 -0.393500 0.033893
v 1.143983 -0.364287 0.035660
v 1.143983 -0.364287 -0.035660
v 1.173737 -0.393500 -0.033893
v 1.226757 -0.220779 -0.000000
v 1.207889 -0.221170 0.034015
v 1.167940 -0.222259 0.035536
v 1.167940 -0.222259 -0.035536
v 1.207889 -0.221170 -0.034015
v 1.209559 -0.150226 -0.000000
v 1.193505 -0.161163 0.033893
v 1.159256 -0.184514 0.035660
v 1.159256 -0.184514 -0.035660
v 1.193505 -0.161163 -0.033893
v 1.152245 -0.105982 -0.000000
v 1.144948 -0.123688 0.033898
v 1.129391 -0.161444 0.035663
v 1.129391 -0.161444 -0.035663
v 1.144948 -0.123688 -0.033898
v 1.076707 -0.105981 0.000000
v 1.080959 -0.123688 0.033898
v 1.090028 -0.161444 0.035663
v 1.090028 -0.161444 -0.035663
v 1.080959 -0.123688 -0.033898
v 1.011788 -0.150225 0.000000
v 1.056198 -0.184513 0.035660
v 1.056198 -0.184513 -0.035660
v 1.025962 -0.161163 -0.033893
v 0.982463 -0.220779 0.000000
v 1.001264 -0.221170 0.034015
v 1.041026 -0.222259 0.035536
v 1.041026 -0.222259 -0.035536
v 1.001264 -0.221170 -0.034015
v 1.025962 -0.161163 0.033893
v -1.200000 -0.000000 0.100000
v -1.000000 -0.000000 0.100000
v -1.200000 -0.000000 -0.100000
v -1.000000 -0.000000 -0.100000
v -1.200001 -0.050000 -0.100000
v -1.000000 -0.050000 -0.100000
v -1.200000 -0.050000 0.100000
v -1.000000 -0.050000 0.100000
v -1.250000 0.000000 0.100000
v -1.200000 -0.000000 0.150000
v -1.200000 -0.050000 0.150000
v -1.250000 -0.050000 0.100000
v -1.000000 -0.000000 0.150000
v -0.950000 -0.000000 0.100000
v -0.950001 -0.050000 0.100000
v -1.000000 -0.050000 0.150000
v -1.200000 -0.000000 -0.150000
v -1.250000 0.000000 -0.100000
v -1.250000 -0.050000 -0.100000
v -1.200001 -0.050000 -0.150000
v -0.950000 -0.000000 -0.100000
v -1.000000 -0.000000 -0.150000
v -1.000000 -0.050000 -0.150000
v -0.950001 -0.050000 -0.100000
v -1.100000 -0.101021 -0.122147
v -1.134015 -0.100628 -0.103312
v -1.135536 -0.099535 -0.063457
v -1.064464 -0.099535 -0.063457
v -1.065986 -0.100628 -0.103312
v -1.100000 -0.171834 -0.098885
v -1.133893 -0.160856 -0.083771
v -1.135660 -0.137420 -0.051529
v -1.064341 -0.137420 -0.051529
v -1.066108 -0.160856 -0.083771
v -1.100001 -0.216241 -0.037769
v -1.133898 -0.198469 -0.031994
v -1.135664 -0.160573 -0.019682
v -1.064337 -0.160573 -0.019682
v -1.066103 -0.198469 -0.031994
v -1.100001 -0.216241 0.037769
v -1.133898 -0.198469 0.031994
v -1.135664 -0.160573 0.019682
v -1.064337 -0.160573 0.019682
v -1.066103 -0.198469 0.031994
v -1.100000 -0.171834 0.098885
v -1.135660 -0.137420 0.051529
v -1.064341 -0.137420 0.051529
v -1.066108 -0.160856 0.083771
v -1.100000 -0.101021 0.122147
v -1.134015 -0.100628 0.103312
v -1.135536 -0.099535 0.063457
v -1.064464 -0.099535 0.063457
v -1.065986 -0.100628 0.103312
v -1.133893 -0.160856 0.083771
v -1.100000 -0.050000 0.122147
v -1.064464 -0.050000 0.063457
v -1.065986 -0.050000 0.103312
v -1.134015 -0.050000 0.103312
v -1.135536 -0.050000 0.063457
v -1.135536 -0.050000 -0.063457
v -1.065986 -0.050000 -0.103312
v -1.064464 -0.050000 -0.063457
v -1.134015 -0.050000 -0.103312
v -1.100000 -0.050000 -0.122147
vt 0.843203 0.570449
vt 0.843203 0.585801
vt 0.781798 0.585801
vt 0.781798 0.570449
vt 0.858554 0.570449
vt 0.858554 0.585801
vt 0.858554 0.585801
vt 0.858554 0.570449
vt 0.781798 0.617051
vt 0.781798 0.617051
vt 0.766447 0.617051
vt 0.781798 0.617051
vt 0.766447 0.617051
vt 0.781798 0.617051
vt 0.766447 0.570449
vt 0.766447 0.585801
vt 0.766447 0.585801
vt 0.766447 0.570449
vt 0.781798 0.570449
vt 0.781798 0.585801
vt 0.843203 0.585801
vt 0.843203 0.570449
vt 0.843203 0.570449
vt 0.843203 0.570449
vt 0.843203 0.617051
vt 0.843203 0.617051
vt 0.843203 0.617051
vt 0.843203 0.617051
vt 0.858554 0.617051
vt 0.858554 0.617051
vt 0.781798 0.570449
vt 0.781798 0.570449
vt 0.767171 0.625000
vt 0.762134 0.625000
vt 0.762134 0.625000
vt 0.767171 0.625000
vt 0.767171 0.625000
vt 0.767171 0.625000
vt 0.783977 0.645723
vt 0.783977 0.645723
vt 0.801605 0.658531
vt 0.801605 0.658531
vt 0.862866 0.625000
vt 0.857830 0.625000
vt 0.857830 0.625000
vt 0.862866 0.625000
vt 0.847756 0.625000
vt 0.857830 0.625000
vt 0.857830 0.625000
vt 0.847756 0.625000
vt 0.847756 0.625000
vt 0.847756 0.625000
vt 0.777244 0.625000
vt 0.777244 0.625000
vt 0.777244 0.625000
vt 0.777244 0.625000
vt 0.853247 0.654604
vt 0.849172 0.651644
vt 0.841023 0.645723
vt 0.841023 0.645723
vt 0.849172 0.651644
vt 0.828064 0.672901
vt 0.826508 0.668111
vt 0.823395 0.658531
vt 0.823395 0.658531
vt 0.826508 0.668111
vt 0.796936 0.672901
vt 0.798493 0.668111
vt 0.798493 0.668111
vt 0.771753 0.654604
vt 0.775828 0.651644
vt 0.775828 0.651644
vt 0.767171 0.625000
vt 0.762134 0.625000
vt 0.762134 0.625000
vt 0.767171 0.625000
vt 0.801605 0.591469
vt 0.783977 0.604277
vt 0.783977 0.604277
vt 0.801605 0.591469
vt 0.767171 0.625000
vt 0.767171 0.625000
vt 0.841023 0.604277
vt 0.823395 0.591469
vt 0.823395 0.591469
vt 0.841023 0.604277
vt 0.862866 0.625000
vt 0.857830 0.625000
vt 0.857830 0.625000
vt 0.862866 0.625000
vt 0.847756 0.625000
vt 0.857830 0.625000
vt 0.857830 0.625000
vt 0.847756 0.625000
vt 0.847756 0.625000
vt 0.847756 0.625000
vt 0.777244 0.625000
vt 0.777244 0.625000
vt 0.777244 0.625000
vt 0.777244 0.625000
vt 0.771753 0.595396
vt 0.775828 0.598356
vt 0.783977 0.645723
vt 0.783977 0.645723
vt 0.801605 0.658531
vt 0.801605 0.658531
vt 0.775828 0.598356
vt 0.796936 0.577099
vt 0.798493 0.581889
vt 0.798493 0.581889
vt 0.828064 0.577099
vt 0.826508 0.581889
vt 0.826508 0.581889
vt 0.853247 0.595396
vt 0.849172 0.598356
vt 0.849172 0.598356
vt 0.853247 0.654604
vt 0.849172 0.651644
vt 0.841023 0.645723
vt 0.841023 0.645723
vt 0.849172 0.651644
vt 0.828064 0.672901
vt 0.826508 0.668111
vt 0.823395 0.658531
vt 0.823395 0.658531
vt 0.826508 0.668111
vt 0.796936 0.672901
vt 0.798493 0.668111
vt 0.847756 0.625000
vt 0.847756 0.625000
vt 0.841023 0.604277
vt 0.841023 0.604277
vt 0.798493 0.668111
vt 0.771753 0.654604
vt 0.775828 0.651644
vt 0.775828 0.651644
vt 0.767171 0.625000
vt 0.762134 0.625000
vt 0.762134 0.625000
vt 0.767171 0.625000
vt 0.801605 0.591469
vt 0.783977 0.604277
vt 0.783977 0.604277
vt 0.801605 0.591469
vt 0.767171 0.625000
vt 0.767171 0.625000
vt 0.823395 0.591469
vt 0.823395 0.591469
vt 0.862866 0.625000
vt 0.857830 0.625000
vt 0.857830 0.625000
vt 0.862866 0.625000
vt 0.857830 0.625000
vt 0.857830 0.625000
vt 0.847756 0.625000
vt 0.847756 0.625000
vt 0.777244 0.625000
vt 0.777244 0.625000
vt 0.777244 0.625000
vt 0.777244 0.625000
vt 0.771753 0.595396
vt 0.775828 0.598356
vt 0.783977 0.645723
vt 0.783977 0.645723
vt 0.801605 0.658531
vt 0.801605 0.658531
vt 0.775828 0.598356
vt 0.796936 0.577099
vt 0.798493 0.581889
vt 0.798493 0.581889
vt 0.828064 0.577099
vt 0.826508 0.581889
vt 0.826508 0.581889
vt 0.853247 0.595396
vt 0.849172 0.598356
vt 0.849172 0.598356
vt 0.853247 0.654604
vt 0.849172 0.651644
vt 0.841023 0.645723
vt 0.841023 0.645723
vt 0.849172 0.651644
vt 0.828064 0.672901
vt 0.826508 0.668111
vt 0.823395 0.658531
vt 0.823395 0.658531
vt 0.826508 0.668111
vt 0.796936 0.672901
vt 0.798493 0.668111
vt 0.798493 0.668111
vt 0.771753 0.654604
vt 0.775828 0.651644
vt 0.775828 0.651644
vt 0.767171 0.625000
vt 0.762134 0.625000
vt 0.762134 0.625000
vt 0.767171 0.625000
vt 0.801605 0.591469
vt 0.783977 0.604277
vt 0.783977 0.604277
vt 0.801605 0.591469
vt 0.767171 0.625000
vt 0.767171 0.625000
vt 0.841023 0.604277
vt 0.823395 0.591469
vt 0.823395 0.591469
vt 0.841023 0.604277
vt 0.862866 0.625000
vt 0.857830 0.625000
vt 0.857830 0.625000
vt 0.862866 0.625000
vt 0.847756 0.625000
vt 0.857830 0.625000
vt 0.857830 0.625000
vt 0.847756 0.625000
vt 0.847756 0.625000
vt 0.847756 0.625000
vt 0.777244 0.625000
vt 0.777244 0.625000
vt 0.777244 0.625000
vt 0.777244 0.625000
vt 0.771753 0.595396
vt 0.775828 0.598356
vt 0.783977 0.645723
vt 0.783977 0.645723
vt 0.801605 0.658531
vt 0.801605 0.658531
vt 0.775828 0.598356
vt 0.796936 0.577099
vt 0.798493 0.581889
vt 0.798493 0.581889
vt 0.828064 0.577099
vt 0.826508 0.581889
vt 0.826508 0.581889
vt 0.853247 0.595396
vt 0.849172 0.598356
vt 0.849172 0.598356
vt 0.853247 0.654604
vt 0.849172 0.651644
vt 0.841023 0.645723
vt 0.841023 0.645723
vt 0.849172 0.651644
vt 0.828064 0.672901
vt 0.826508 0.668111
vt 0.823395 0.658531
vt 0.823395 0.658531
vt 0.826508 0.668111
vt 0.796936 0.672901
vt 0.798493 0.668111
vt 0.847756 0.625000
vt 0.847756 0.625000
vt 0.841023 0.604277
vt 0.841023 0.604277
vt 0.798493 0.668111
vt 0.771753 0.654604
vt 0.775828 0.651644
vt 0.775828 0.651644
vt 0.767171 0.625000
vt 0.762134 0.625000
vt 0.762134 0.625000
vt 0.767171 0.625000
vt 0.801605 0.591469
vt 0.783977 0.604277
vt 0.783977 0.604277
vt 0.801605 0.591469
vt 0.767171 0.625000
vt 0.767171 0.625000
vt 0.823395 0.591469
vt 0.823395 0.591469
vt 0.862866 0.625000
vt 0.857830 0.625000
vt 0.857830 0.625000
vt 0.862866 0.625000
vt 0.857830 0.625000
vt 0.857830 0.625000
vt 0.847756 0.625000
vt 0.847756 0.625000
vt 0.777244 0.625000
vt 0.777244 0.625000
vt 0.777244 0.625000
vt 0.777244 0.625000
vt 0.771753 0.595396
vt 0.775828 0.598356
vt 0.783977 0.645723
vt 0.783977 0.645723
vt 0.801605 0.658531
vt 0.801605 0.658531
vt 0.775828 0.598356
vt 0.796936 0.577099
vt 0.798493 0.581889
vt 0.798493 0.581889
vt 0.828064 0.577099
vt 0.826508 0.581889
vt 0.826508 0.581889
vt 0.853247 0.595396
vt 0.849172 0.598356
vt 0.849172 0.598356
vt 0.853247 0.654604
vt 0.849172 0.651644
vt 0.841023 0.645723
vt 0.841023 0.645723
vt 0.849172 0.651644
vt 0.828064 0.672901
vt 0.826508 0.668111
vt 0.823395 0.658531
vt 0.823395 0.658531
vt 0.826508 0.668111
vt 0.796936 0.672901
vt 0.798493 0.668111
vt 0.798493 0.668111
vt 0.771753 0.654604
vt 0.775828 0.651644
vt 0.775828 0.651644
vt 0.767171 0.625000
vt 0.762134 0.625000
vt 0.762134 0.625000
vt 0.767171 0.625000
vt 0.801605 0.591469
vt 0.783977 0.604277
vt 0.783977 0.604277
vt 0.801605 0.591469
vt 0.767171 0.625000
vt 0.767171 0.625000
vt 0.841023 0.604277
vt 0.823395 0.591469
vt 0.823395 0.591469
vt 0.841023 0.604277
vt 0.862866 0.625000
vt 0.857830 0.625000
vt 0.857830 0.625000
vt 0.862866 0.625000
vt 0.847756 0.625000
vt 0.857830 0.625000
vt 0.857830 0.625000
vt 0.847756 0.625000
vt 0.847756 0.625000
vt 0.847756 0.625000
vt 0.777244 0.625000
vt 0.777244 0.625000
vt 0.777244 0.625000
vt 0.777244 0.625000
vt 0.771753 0.595396
vt 0.775828 0.598356
vt 0.783977 0.645723
vt 0.783977 0.645723
vt 0.801605 0.658531
vt 0.801605 0.658531
vt 0.775828 0.598356
vt 0.796936 0.577099
vt 0.798493 0.581889
vt 0.798493 0.581889
vt 0.828064 0.577099
vt 0.826508 0.581889
vt 0.826508 0.581889
vt 0.853247 0.595396
vt 0.849172 0.598356
vt 0.849172 0.598356
vt 0.853247 0.654604
vt 0.849172 0.651644
vt 0.841023 0.645723
vt 0.841023 0.645723
vt 0.849172 0.651644
vt 0.828064 0.672901
vt 0.826508 0.668111
vt 0.823395 0.658531
vt 0.823395 0.658531
vt 0.826508 0.668111
vt 0.796936 0.672901
vt 0.798493 0.668111
vt 0.847756 0.625000
vt 0.847756 0.625000
vt 0.841023 0.604277
vt 0.841023 0.604277
vt 0.798493 0.668111
vt 0.771753 0.654604
vt 0.775828 0.651644
vt 0.775828 0.651644
vt 0.767171 0.625000
vt 0.762134 0.625000
vt 0.762134 0.625000
vt 0.767171 0.625000
vt 0.801605 0.591469
vt 0.783977 0.604277
vt 0.783977 0.604277
vt 0.801605 0.591469
vt 0.767171 0.625000
vt 0.767171 0.625000
vt 0.823395 0.591469
vt 0.823395 0.591469
vt 0.862866 0.625000
vt 0.857830 0.625000
vt 0.857830 0.625000
vt 0.862866 0.625000
vt 0.857830 0.625000
vt 0.857830 0.625000
vt 0.847756 0.625000
vt 0.847756 0.625000
vt 0.777244 0.625000
vt 0.777244 0.625000
vt 0.777244 0.625000
vt 0.777244 0.625000
vt 0.771753 0.595396
vt 0.775828 0.598356
vt 0.783977 0.645723
vt 0.783977 0.645723
vt 0.801605 0.658531
vt 0.801605 0.658531
vt 0.775828 0.598356
vt 0.796936 0.577099
vt 0.798493 0.581889
vt 0.798493 0.581889
vt 0.828064 0.577099
vt 0.826508 0.581889
vt 0.826508 0.581889
vt 0.853247 0.595396
vt 0.849172 0.598356
vt 0.849172 0.598356
vt 0.853247 0.654604
vt 0.849172 0.651644
vt 0.841023 0.645723
vt 0.841023 0.645723
vt 0.849172 0.651644
vt 0.828064 0.672901
vt 0.826508 0.668111
vt 0.823395 0.658531
vt 0.823395 0.658531
vt 0.826508 0.668111
vt 0.796936 0.672901
vt 0.798493 0.668111
vt 0.798493 0.668111
vt 0.771753 0.654604
vt 0.775828 0.651644
vt 0.775828 0.651644
vt 0.767171 0.625000
vt 0.762134 0.625000
vt 0.762134 0.625000
vt 0.767171 0.625000
vt 0.801605 0.591469
vt 0.783977 0.604277
vt 0.783977 0.604277
vt 0.801605 0.591469
vt 0.767171 0.625000
vt 0.767171 0.625000
vt 0.841023 0.604277
vt 0.823395 0.591469
vt 0.823395 0.591469
vt 0.841023 0.604277
vt 0.862866 0.625000
vt 0.857830 0.625000
vt 0.857830 0.625000
vt 0.862866 0.625000
vt 0.847756 0.625000
vt 0.857830 0.625000
vt 0.857830 0.625000
vt 0.847756 0.625000
vt 0.847756 0.625000
vt 0.847756 0.625000
vt 0.777244 0.625000
vt 0.777244 0.625000
vt 0.777244 0.625000
vt 0.777244 0.625000
vt 0.771753 0.595396
vt 0.775828 0.598356
vt 0.783977 0.645723
vt 0.783977 0.645723
vt 0.801605 0.658531
vt 0.801605 0.658531
vt 0.775828 0.598356
vt 0.796936 0.577099
vt 0.798493 0.581889
vt 0.798493 0.581889
vt 0.828064 0.577099
vt 0.826508 0.581889
vt 0.826508 0.581889
vt 0.853247 0.595396
vt 0.849172 0.598356
vt 0.849172 0.598356
vt 0.853247 0.654604
vt 0.849172 0.651644
vt 0.841023 0.645723
vt 0.841023 0.645723
vt 0.849172 0.651644
vt 0.828064 0.672901
vt 0.826508 0.668111
vt 0.823395 0.658531
vt 0.823395 0.658531
vt 0.826508 0.668111
vt 0.796936 0.672901
vt 0.798493 0.668111
vt 0.847756 0.625000
vt 0.847756 0.625000
vt 0.841023 0.604277
vt 0.841023 0.604277
vt 0.798493 0.668111
vt 0.771753 0.654604
vt 0.775828 0.651644
vt 0.775828 0.651644
vt 0.767171 0.625000
vt 0.762134 0.625000
vt 0.762134 0.625000
vt 0.767171 0.625000
vt 0.801605 0.591469
vt 0.783977 0.604277
vt 0.783977 0.604277
vt 0.801605 0.591469
vt 0.767171 0.625000
vt 0.767171 0.625000
vt 0.823395 0.591469
vt 0.823395 0.591469
vt 0.862866 0.625000
vt 0.857830 0.625000
vt 0.857830 0.625000
vt 0.862866 0.625000
vt 0.857830 0.625000
vt 0.857830 0.625000
vt 0.847756 0.625000
vt 0.847756 0.625000
vt 0.777244 0.625000
vt 0.777244 0.625000
vt 0.777244 0.625000
vt 0.777244 0.625000
vt 0.771753 0.595396
vt 0.775828 0.598356
vt 0.783977 0.645723
vt 0.783977 0.645723
vt 0.801605 0.658531
vt 0.801605 0.658531
vt 0.775828 0.598356
vt 0.796936 0.577099
vt 0.798493 0.581889
vt 0.798493 0.581889
vt 0.828064 0.577099
vt 0.826508 0.581889
vt 0.826508 0.581889
vt 0.853247 0.595396
vt 0.849172 0.598356
vt 0.849172 0.598356
vt 0.853247 0.654604
vt 0.849172 0.651644
vt 0.841023 0.645723
vt 0.841023 0.645723
vt 0.849172 0.651644
vt 0.828064 0.672901
vt 0.826508 0.668111
vt 0.823395 0.658531
vt 0.823395 0.658531
vt 0.826508 0.668111
vt 0.796936 0.672901
vt 0.798493 0.668111
vt 0.798493 0.668111
vt 0.771753 0.654604
vt 0.775828 0.651644
vt 0.775828 0.651644
vt 0.767171 0.625000
vt 0.762134 0.625000
vt 0.762134 0.625000
vt 0.767171 0.625000
vt 0.801605 0.591469
vt 0.783977 0.604277
vt 0.783977 0.604277
vt 0.801605 0.591469
vt 0.767171 0.625000
vt 0.767171 0.625000
vt 0.841023 0.604277
vt 0.823395 0.591469
vt 0.823395 0.591469
vt 0.841023 0.604277
vt 0.862866 0.625000
vt 0.857830 0.625000
vt 0.857830 0.625000
vt 0.862866 0.625000
vt 0.847756 0.625000
vt 0.857830 0.625000
vt 0.857830 0.625000
vt 0.847756 0.625000
vt 0.847756 0.625000
vt 0.847756 0.625000
vt 0.777244 0.625000
vt 0.777244 0.625000
vt 0.777244 0.625000
vt 0.777244 0.625000
vt 0.771753 0.595396
vt 0.775828 0.598356
vt 0.783977 0.645723
vt 0.783977 0.645723
vt 0.801605 0.658531
vt 0.801605 0.658531
vt 0.775828 0.598356
vt 0.796936 0.577099
vt 0.798493 0.581889
vt 0.798493 0.581889
vt 0.828064 0.577099
vt 0.826508 0.581889
vt 0.826508 0.581889
vt 0.853247 0.595396
vt 0.849172 0.598356
vt 0.849172 0.598356
vt 0.853247 0.654604
vt 0.849172 0.651644
vt 0.841023 0.645723
vt 0.841023 0.645723
vt 0.849172 0.651644
vt 0.828064 0.672901
vt 0.826508 0.668111
vt 0.823395 0.658531
vt 0.823395 0.658531
vt 0.826508 0.668111
vt 0.796936 0.672901
vt 0.798493 0.668111
vt 0.847756 0.625000
vt 0.847756 0.625000
vt 0.841023 0.604277
vt 0.841023 0.604277
vt 0.798493 0.668111
vt 0.771753 0.654604
vt 0.775828 0.651644
vt 0.775828 0.651644
vt 0.767171 0.625000
vt 0.762134 0.625000
vt 0.762134 0.625000
vt 0.767171 0.625000
vt 0.801605 0.591469
vt 0.783977 0.604277
vt 0.783977 0.604277
vt 0.801605 0.591469
vt 0.767171 0.625000
vt 0.767171 0.625000
vt 0.823395 0.591469
vt 0.823395 0.591469
vt 0.862866 0.625000
vt 0.857830 0.625000
vt 0.857830 0.625000
vt 0.862866 0.625000
vt 0.857830 0.625000
vt 0.857830 0.625000
vt 0.847756 0.625000
vt 0.847756 0.625000
vt 0.777244 0.625000
vt 0.777244 0.625000
vt 0.777244 0.625000
vt 0.777244 0.625000
vt 0.771753 0.595396
vt 0.775828 0.598356
vt 0.783977 0.645723
vt 0.783977 0.645723
vt 0.801605 0.658531
vt 0.801605 0.658531
vt 0.775828 0.598356
vt 0.796936 0.577099
vt 0.798493 0.581889
vt 0.798493 0.581889
vt 0.828064 0.577099
vt 0.826508 0.581889
vt 0.826508 0.581889
vt 0.853247 0.595396
vt 0.849172 0.598356
vt 0.849172 0.598356
vt 0.853247 0.654604
vt 0.849172 0.651644
vt 0.841023 0.645723
vt 0.841023 0.645723
vt 0.849172 0.651644
vt 0.828064 0.672901
vt 0.826508 0.668111
vt 0.823395 0.658531
vt 0.823395 0.658531
vt 0.826508 0.668111
vt 0.796936 0.672901
vt 0.798493 0.668111
vt 0.798493 0.668111
vt 0.771753 0.654604
vt 0.775828 0.651644
vt 0.775828 0.651644
vt 0.767171 0.625000
vt 0.762134 0.625000
vt 0.762134 0.625000
vt 0.767171 0.625000
vt 0.801605 0.591469
vt 0.783977 0.604277
vt 0.783977 0.604277
vt 0.801605 0.591469
vt 0.767171 0.625000
vt 0.767171 0.625000
vt 0.841023 0.604277
vt 0.823395 0.591469
vt 0.823395 0.591469
vt 0.841023 0.604277
vt 0.862866 0.625000
vt 0.857830 0.625000
vt 0.857830 0.625000
vt 0.862866 0.625000
vt 0.847756 0.625000
vt 0.857830 0.625000
vt 0.857830 0.625000
vt 0.847756 0.625000
vt 0.847756 0.625000
vt 0.847756 0.625000
vt 0.777244 0.625000
vt 0.777244 0.625000
vt 0.777244 0.625000
vt 0.777244 0.625000
vt 0.771753 0.595396
vt 0.775828 0.598356
vt 0.783977 0.645723
vt 0.783977 0.645723
vt 0.801605 0.658531
vt 0.801605 0.658531
vt 0.775828 0.598356
vt 0.796936 0.577099
vt 0.798493 0.581889
vt 0.798493 0.581889
vt 0.828064 0.577099
vt 0.826508 0.581889
vt 0.826508 0.581889
vt 0.853247 0.595396
vt 0.849172 0.598356
vt 0.849172 0.598356
vt 0.853247 0.654604
vt 0.849172 0.651644
vt 0.841023 0.645723
vt 0.841023 0.645723
vt 0.849172 0.651644
vt 0.828064 0.672901
vt 0.826508 0.668111
vt 0.823395 0.658531
vt 0.823395 0.658531
vt 0.826508 0.668111
vt 0.796936 0.672901
vt 0.798493 0.668111
vt 0.847756 0.625000
vt 0.847756 0.625000
vt 0.841023 0.604277
vt 0.841023 0.604277
vt 0.798493 0.668111
vt 0.771753 0.654604
vt 0.775828 0.651644
vt 0.775828 0.651644
vt 0.767171 0.625000
vt 0.762134 0.625000
vt 0.762134 0.625000
vt 0.767171 0.625000
vt 0.801605 0.591469
vt 0.783977 0.604277
vt 0.783977 0.604277
vt 0.801605 0.591469
vt 0.767171 0.625000
vt 0.767171 0.625000
vt 0.823395 0.591469
vt 0.823395 0.591469
vt 0.862866 0.625000
vt 0.857830 0.625000
vt 0.857830 0.625000
vt 0.862866 0.625000
vt 0.857830 0.625000
vt 0.857830 0.625000
vt 0.847756 0.625000
vt 0.847756 0.625000
vt 0.777244 0.625000
vt 0.777244 0.625000
vt 0.777244 0.625000
vt 0.777244 0.625000
vt 0.771753 0.595396
vt 0.775828 0.598356
vt 0.783977 0.645723
vt 0.783977 0.645723
vt 0.801605 0.658531
vt 0.801605 0.658531
vt 0.775828 0.598356
vt 0.796936 0.577099
vt 0.798493 0.581889
vt 0.798493 0.581889
vt 0.828064 0.577099
vt 0.826508 0.581889
vt 0.826508 0.581889
vt 0.853247 0.595396
vt 0.849172 0.598356
vt 0.849172 0.598356
vt 0.853247 0.654604
vt 0.849172 0.651644
vt 0.841023 0.645723
vt 0.841023 0.645723
vt 0.849172 0.651644
vt 0.828064 0.672901
vt 0.826508 0.668111
vt 0.823395 0.658531
vt 0.823395 0.658531
vt 0.826508 0.668111
vt 0.796936 0.672901
vt 0.798493 0.668111
vt 0.798493 0.668111
vt 0.771753 0.654604
vt 0.775828 0.651644
vt 0.775828 0.651644
vt 0.767171 0.625000
vt 0.762134 0.625000
vt 0.762134 0.625000
vt 0.767171 0.625000
vt 0.801605 0.591469
vt 0.783977 0.604277
vt 0.783977 0.604277
vt 0.801605 0.591469
vt 0.767171 0.625000
vt 0.767171 0.625000
vt 0.841023 0.604277
vt 0.823395 0.591469
vt 0.823395 0.591469
vt 0.841023 0.604277
vt 0.862866 0.625000
vt 0.857830 0.625000
vt 0.857830 0.625000
vt 0.862866 0.625000
vt 0.847756 0.625000
vt 0.857830 0.625000
vt 0.857830 0.625000
vt 0.847756 0.625000
vt 0.847756 0.625000
vt 0.847756 0.625000
vt 0.777244 0.625000
vt 0.777244 0.625000
vt 0.777244 0.625000
vt 0.777244 0.625000
vt 0.771753 0.595396
vt 0.775828 0.598356
vt 0.783977 0.645723
vt 0.783977 0.645723
vt 0.801605 0.658531
vt 0.801605 0.658531
vt 0.775828 0.598356
vt 0.796936 0.577099
vt 0.798493 0.581889
vt 0.798493 0.581889
vt 0.828064 0.577099
vt 0.826508 0.581889
vt 0.826508 0.581889
vt 0.853247 0.595396
vt 0.849172 0.598356
vt 0.849172 0.598356
vt 0.853247 0.654604
vt 0.849172 0.651644
vt 0.841023 0.645723
vt 0.841023 0.645723
vt 0.849172 0.651644
vt 0.828064 0.672901
vt 0.826508 0.668111
vt 0.823395 0.658531
vt 0.823395 0.658531
vt 0.826508 0.668111
vt 0.796936 0.672901
vt 0.798493 0.668111
vt 0.847756 0.625000
vt 0.847756 0.625000
vt 0.841023 0.604277
vt 0.841023 0.604277
vt 0.798493 0.668111
vt 0.771753 0.654604
vt 0.775828 0.651644
vt 0.775828 0.651644
vt 0.767171 0.625000
vt 0.762134 0.625000
vt 0.762134 0.625000
vt 0.767171 0.625000
vt 0.801605 0.591469
vt 0.783977 0.604277
vt 0.783977 0.604277
vt 0.801605 0.591469
vt 0.767171 0.625000
vt 0.767171 0.625000
vt 0.823395 0.591469
vt 0.823395 0.591469
vt 0.862866 0.625000
vt 0.857830 0.625000
vt 0.857830 0.625000
vt 0.862866 0.625000
vt 0.857830 0.625000
vt 0.857830 0.625000
vt 0.847756 0.625000
vt 0.847756 0.625000
vt 0.777244 0.625000
vt 0.777244 0.625000
vt 0.777244 0.625000
vt 0.777244 0.625000
vt 0.771753 0.595396
vt 0.775828 0.598356
vt 0.783977 0.645723
vt 0.783977 0.645723
vt 0.801605 0.658531
vt 0.801605 0.658531
vt 0.775828 0.598356
vt 0.796936 0.577099
vt 0.798493 0.581889
vt 0.798493 0.581889
vt 0.828064 0.577099
vt 0.826508 0.581889
vt 0.826508 0.581889
vt 0.853247 0.595396
vt 0.849172 0.598356
vt 0.849172 0.598356
vt 0.853247 0.654604
vt 0.849172 0.651644
vt 0.841023 0.645723
vt 0.841023 0.645723
vt 0.849172 0.651644
vt 0.828064 0.672901
vt 0.826508 0.668111
vt 0.823395 0.658531
vt 0.823395 0.658531
vt 0.826508 0.668111
vt 0.796936 0.672901
vt 0.798493 0.668111
vt 0.798493 0.668111
vt 0.771753 0.654604
vt 0.775828 0.651644
vt 0.775828 0.651644
vt 0.767171 0.625000
vt 0.762134 0.625000
vt 0.762134 0.625000
vt 0.767171 0.625000
vt 0.801605 0.591469
vt 0.783977 0.604277
vt 0.783977 0.604277
vt 0.801605 0.591469
vt 0.767171 0.625000
vt 0.767171 0.625000
vt 0.841023 0.604277
vt 0.823395 0.591469
vt 0.823395 0.591469
vt 0.841023 0.604277
vt 0.862866 0.625000
vt 0.857830 0.625000
vt 0.857830 0.625000
vt 0.862866 0.625000
vt 0.847756 0.625000
vt 0.857830 0.625000
vt 0.857830 0.625000
vt 0.847756 0.625000
vt 0.847756 0.625000
vt 0.847756 0.625000
vt 0.777244 0.625000
vt 0.777244 0.625000
vt 0.777244 0.625000
vt 0.777244 0.625000
vt 0.771753 0.595396
vt 0.775828 0.598356
vt 0.783977 0.645723
vt 0.783977 0.645723
vt 0.801605 0.658531
vt 0.801605 0.658531
vt 0.775828 0.598356
vt 0.796936 0.577099
vt 0.798493 0.581889
vt 0.798493 0.581889
vt 0.828064 0.577099
vt 0.826508 0.581889
vt 0.826508 0.581889
vt 0.853247 0.595396
vt 0.849172 0.598356
vt 0.849172 0.598356
vt 0.853247 0.654604
vt 0.849172 0.651644
vt 0.841023 0.645723
vt 0.841023 0.645723
vt 0.849172 0.651644
vt 0.828064 0.672901
vt 0.826508 0.668111
vt 0.823395 0.658531
vt 0.823395 0.658531
vt 0.826508 0.668111
vt 0.796936 0.672901
vt 0.798493 0.668111
vt 0.847756 0.625000
vt 0.847756 0.625000
vt 0.841023 0.604277
vt 0.841023 0.604277
vt 0.798493 0.668111
vt 0.771753 0.654604
vt 0.775828 0.651644
vt 0.775828 0.651644
vt 0.767171 0.625000
vt 0.762134 0.625000
vt 0.762134 0.625000
vt 0.767171 0.625000
vt 0.801605 0.591469
vt 0.783977 0.604277
vt 0.783977 0.604277
vt 0.801605 0.591469
vt 0.767171 0.625000
vt 0.767171 0.625000
vt 0.823395 0.591469
vt 0.823395 0.591469
vt 0.862866 0.625000
vt 0.857830 0.625000
vt 0.857830 0.625000
vt 0.862866 0.625000
vt 0.857830 0.625000
vt 0.857830 0.625000
vt 0.847756 0.625000
vt 0.847756 0.625000
vt 0.777244 0.625000
vt 0.777244 0.625000
vt 0.777244 0.625000
vt 0.777244 0.625000
vt 0.771753 0.595396
vt 0.775828 0.598356
vt 0.783977 0.645723
vt 0.783977 0.645723
vt 0.801605 0.658531
vt 0.801605 0.658531
vt 0.775828 0.598356
vt 0.796936 0.577099
vt 0.798493 0.581889
vt 0.798493 0.581889
vt 0.828064 0.577099
vt 0.826508 0.581889
vt 0.826508 0.581889
vt 0.853247 0.595396
vt 0.849172 0.598356
vt 0.849172 0.598356
vt 0.853247 0.654604
vt 0.849172 0.651644
vt 0.841023 0.645723
vt 0.841023 0.645723
vt 0.849172 0.651644
vt 0.828064 0.672901
vt 0.826508 0.668111
vt 0.823395 0.658531
vt 0.823395 0.658531
vt 0.826508 0.668111
vt 0.796936 0.672901
vt 0.798493 0.668111
vt 0.798493 0.668111
vt 0.771753 0.654604
vt 0.775828 0.651644
vt 0.775828 0.651644
vt 0.767171 0.625000
vt 0.762134 0.625000
vt 0.762134 0.625000
vt 0.767171 0.625000
vt 0.801605 0.591469
vt 0.783977 0.604277
vt 0.783977 0.604277
vt 0.801605 0.591469
vt 0.767171 0.625000
vt 0.767171 0.625000
vt 0.841023 0.604277
vt 0.823395 0.591469
vt 0.823395 0.591469
vt 0.841023 0.604277
vt 0.862866 0.625000
vt 0.857830 0.625000
vt 0.857830 0.625000
vt 0.862866 0.625000
vt 0.847756 0.625000
vt 0.857830 0.625000
vt 0.857830 0.625000
vt 0.847756 0.625000
vt 0.847756 0.625000
vt 0.847756 0.625000
vt 0.777244 0.625000
vt 0.777244 0.625000
vt 0.777244 0.625000
vt 0.777244 0.625000
vt 0.771753 0.595396
vt 0.775828 0.598356
vt 0.783977 0.645723
vt 0.783977 0.645723
vt 0.801605 0.658531
vt 0.801605 0.658531
vt 0.775828 0.598356
vt 0.796936 0.577099
vt 0.798493 0.581889
vt 0.798493 0.581889
vt 0.828064 0.577099
vt 0.826508 0.581889
vt 0.826508 0.581889
vt 0.853247 0.595396
vt 0.849172 0.598356
vt 0.849172 0.598356
vt 0.853247 0.654604
vt 0.849172 0.651644
vt 0.841023 0.645723
vt 0.841023 0.645723
vt 0.849172 0.651644
vt 0.828064 0.672901
vt 0.826508 0.668111
vt 0.823395 0.658531
vt 0.823395 0.658531
vt 0.826508 0.668111
vt 0.796936 0.672901
vt 0.798493 0.668111
vt 0.847756 0.625000
vt 0.847756 0.625000
vt 0.841023 0.604277
vt 0.841023 0.604277
vt 0.798493 0.668111
vt 0.771753 0.654604
vt 0.775828 0.651644
vt 0.775828 0.651644
vt 0.767171 0.625000
vt 0.762134 0.625000
vt 0.762134 0.625000
vt 0.767171 0.625000
vt 0.801605 0.591469
vt 0.783977 0.604277
vt 0.783977 0.604277
vt 0.801605 0.591469
vt 0.767171 0.625000
vt 0.767171 0.625000
vt 0.823395 0.591469
vt 0.823395 0.591469
vt 0.862866 0.625000
vt 0.857830 0.625000
vt 0.857830 0.625000
vt 0.862866 0.625000
vt 0.857830 0.625000
vt 0.857830 0.625000
vt 0.847756 0.625000
vt 0.847756 0.625000
vt 0.777244 0.625000
vt 0.777244 0.625000
vt 0.777244 0.625000
vt 0.777244 0.625000
vt 0.771753 0.595396
vt 0.775828 0.598356
vt 0.783977 0.645723
vt 0.783977 0.645723
vt 0.801605 0.658531
vt 0.801605 0.658531
vt 0.775828 0.598356
vt 0.796936 0.577099
vt 0.798493 0.581889
vt 0.798493 0.581889
vt 0.828064 0.577099
vt 0.826508 0.581889
vt 0.826508 0.581889
vt 0.853247 0.595396
vt 0.849172 0.598356
vt 0.849172 0.598356
vt 0.853247 0.654604
vt 0.849172 0.651644
vt 0.841023 0.645723
vt 0.841023 0.645723
vt 0.849172 0.651644
vt 0.828064 0.672901
vt 0.826508 0.668111
vt 0.823395 0.658531
vt 0.823395 0.658531
vt 0.826508 0.668111
vt 0.796936 0.672901
vt 0.798493 0.668111
vt 0.798493 0.668111
vt 0.771753 0.654604
vt 0.775828 0.651644
vt 0.775828 0.651644
vt 0.767171 0.625000
vt 0.762134 0.625000
vt 0.762134 0.625000
vt 0.767171 0.625000
vt 0.801605 0.591469
vt 0.783977 0.604277
vt 0.783977 0.604277
vt 0.801605 0.591469
vt 0.767171 0.625000
vt 0.767171 0.625000
vt 0.841023 0.604277
vt 0.823395 0.591469
vt 0.823395 0.591469
vt 0.841023 0.604277
vt 0.862866 0.625000
vt 0.857830 0.625000
vt 0.857830 0.625000
vt 0.862866 0.625000
vt 0.847756 0.625000
vt 0.857830 0.625000
vt 0.857830 0.625000
vt 0.847756 0.625000
vt 0.847756 0.625000
vt 0.847756 0.625000
vt 0.777244 0.625000
vt 0.777244 0.625000
vt 0.777244 0.625000
vt 0.777244 0.625000
vt 0.771753 0.595396
vt 0.775828 0.598356
vt 0.783977 0.645723
vt 0.783977 0.645723
vt 0.801605 0.658531
vt 0.801605 0.658531
vt 0.775828 0.598356
vt 0.796936 0.577099
vt 0.798493 0.581889
vt 0.798493 0.581889
vt 0.828064 0.577099
vt 0.826508 0.581889
vt 0.826508 0.581889
vt 0.853247 0.595396
vt 0.849172 0.598356
vt 0.849172 0.598356
vt 0.853247 0.654604
vt 0.849172 0.651644
vt 0.841023 0.645723
vt 0.841023 0.645723
vt 0.849172 0.651644
vt 0.828064 0.672901
vt 0.826508 0.668111
vt 0.823395 0.658531
vt 0.823395 0.658531
vt 0.826508 0.668111
vt 0.796936 0.672901
vt 0.798493 0.668111
vt 0.798493 0.668111
vt 0.771753 0.654604
vt 0.775828 0.651644
vt 0.775828 0.651644
vt 0.843203 0.570449
vt 0.843203 0.585801
vt 0.781798 0.585801
vt 0.781798 0.570449
vt 0.858554 0.570449
vt 0.858554 0.585801
vt 0.858554 0.585801
vt 0.858554 0.570449
vt 0.781798 0.617051
vt 0.781798 0.617051
vt 0.766447 0.617051
vt 0.781798 0.617051
vt 0.766447 0.617051
vt 0.781798 0.617051
vt 0.766447 0.570449
vt 0.766447 0.585801
vt 0.766447 0.585801
vt 0.766447 0.570449
vt 0.781798 0.570449
vt 0.781798 0.585801
vt 0.843203 0.585801
vt 0.843203 0.570449
vt 0.843203 0.570449
vt 0.843203 0.570449
vt 0.843203 0.617051
vt 0.843203 0.617051
vt 0.843203 0.617051
vt 0.843203 0.617051
vt 0.858554 0.617051
vt 0.858554 0.617051
vt 0.781798 0.570449
vt 0.781798 0.570449
vt 0.767171 0.625000
vt 0.762134 0.625000
vt 0.762134 0.625000
vt 0.767171 0.625000
vt 0.767171 0.625000
vt 0.767171 0.625000
vt 0.783977 0.645723
vt 0.783977 0.645723
vt 0.801605 0.658531
vt 0.801605 0.658531
vt 0.862866 0.625000
vt 0.857830 0.625000
vt 0.857830 0.625000
vt 0.862866 0.625000
vt 0.847756 0.625000
vt 0.857830 0.625000
vt 0.857830 0.625000
vt 0.847756 0.625000
vt 0.847756 0.625000
vt 0.847756 0.625000
vt 0.777244 0.625000
vt 0.777244 0.625000
vt 0.777244 0.625000
vt 0.777244 0.625000
vt 0.853247 0.654604
vt 0.849172 0.651644
vt 0.841023 0.645723
vt 0.841023 0.645723
vt 0.849172 0.651644
vt 0.828064 0.672901
vt 0.826508 0.668111
vt 0.823395 0.658531
vt 0.823395 0.658531
vt 0.826508 0.668111
vt 0.796936 0.672901
vt 0.798493 0.668111
vt 0.798493 0.668111
vt 0.771753 0.654604
vt 0.775828 0.651644
vt 0.775828 0.651644
vn -0.9239 0.0000 -0.3827
vn -0.9239 0.0000 0.3827
vn 0.0000 0.0000 -1.0000
vn -0.0000 -1.0000 0.0000
vn 0.0000 0.0000 1.0000
vn 0.9239 0.0000 0.3827
vn 0.9239 0.0000 -0.3827
vn -0.7071 0.0000 0.7071
vn 0.7071 0.0000 0.7071
vn 0.7071 0.0000 -0.7071
vn -0.7071 0.0000 -0.7071
vn 0.0000 1.0000 0.0000
vn 0.4844 0.0000 0.8748
vn 0.4804 -0.1327 0.8669
vn 0.4797 -0.1443 0.8655
vn -0.4844 0.0000 0.8748
vn -0.4797 -0.1443 0.8655
vn -0.4804 -0.1327 0.8669
vn 0.0000 0.5842 -0.8116
vn 0.0000 0.9510 -0.3092
vn 0.4844 -0.0000 -0.8748
vn 0.4797 -0.1443 -0.8655
vn 0.4804 -0.1327 -0.8669
vn -0.9993 0.0000 -0.0381
vn -0.9992 -0.0060 -0.0395
vn -0.9992 -0.0071 -0.0397
vn 0.9993 0.0000 -0.0381
vn 0.9992 -0.0071 -0.0397
vn 0.9992 -0.0060 -0.0395
vn 0.9993 0.0000 0.0381
vn 0.9992 -0.0060 0.0395
vn 0.9992 -0.0071 0.0397
vn -0.9993 0.0000 0.0381
vn -0.9992 -0.0071 0.0397
vn -0.9992 -0.0060 0.0395
vn -0.4844 0.0000 -0.8748
vn -0.4804 -0.1327 -0.8669
vn -0.4797 -0.1443 -0.8655
vn -0.4837 -0.5152 -0.7076
vn -0.9991 -0.0254 -0.0343
vn 0.0000 0.1521 -0.9884
vn 0.9991 -0.0254 -0.0343
vn 0.4837 -0.5152 -0.7076
vn -0.4828 -0.8329 -0.2706
vn -0.9990 -0.0421 -0.0137
vn 0.0000 0.9510 0.3092
vn 0.9990 -0.0421 -0.0137
vn 0.4828 -0.8329 -0.2706
vn -0.4828 -0.8329 0.2706
vn -0.9990 -0.0421 0.0137
vn 0.0000 0.1521 0.9884
vn 0.9990 -0.0421 0.0137
vn 0.4828 -0.8329 0.2706
vn -0.4837 -0.5152 0.7076
vn -0.9991 -0.0254 0.0343
vn 0.0000 0.5842 0.8116
vn 0.9991 -0.0254 0.0343
vn 0.4837 -0.5152 0.7076
vn 0.8531 0.2198 -0.4732
vn 0.8564 0.2021 -0.4751
vn 0.8752 -0.0740 -0.4781
vn 0.8746 -0.0871 -0.4770
vn -0.2948 -0.9556 -0.0000
vn -0.7791 -0.6269 -0.0000
vn 0.8564 0.2021 0.4751
vn 0.8531 0.2198 0.4732
vn 0.8746 -0.0871 0.4771
vn 0.8752 -0.0740 0.4781
vn 0.8419 -0.5396 0.0000
vn 0.3229 -0.9464 -0.0000
vn -0.8726 0.0658 -0.4840
vn -0.8723 0.0706 -0.4838
vn -0.8532 -0.2028 -0.4805
vn -0.8554 -0.1921 -0.4811
vn -0.0396 0.0034 0.9992
vn -0.0395 0.0030 0.9992
vn -0.0389 -0.0088 0.9992
vn -0.0391 -0.0099 0.9992
vn -0.0395 0.0030 -0.9992
vn -0.0396 0.0034 -0.9992
vn -0.0391 -0.0099 -0.9992
vn -0.0389 -0.0088 -0.9992
vn 0.0398 0.0109 -0.9991
vn 0.0394 0.0091 -0.9992
vn 0.0400 -0.0032 -0.9992
vn 0.0403 -0.0043 -0.9992
vn 0.0394 0.0091 0.9992
vn 0.0398 0.0109 0.9991
vn 0.0403 -0.0043 0.9992
vn 0.0400 -0.0032 0.9992
vn -0.8723 0.0706 0.4838
vn -0.8726 0.0658 0.4840
vn -0.8554 -0.1921 0.4811
vn -0.8532 -0.2028 0.4805
vn 0.6867 0.5563 0.4679
vn 0.6844 0.5592 0.4679
vn 0.0344 0.0282 0.9990
vn 0.0342 0.0285 0.9990
vn -0.8536 0.5209 0.0000
vn -0.4128 0.9108 0.0000
vn 0.0342 0.0285 -0.9990
vn 0.0344 0.0282 -0.9990
vn 0.6844 0.5592 -0.4679
vn 0.6867 0.5563 -0.4679
vn 0.2555 0.8434 0.4726
vn 0.2652 0.8406 0.4723
vn 0.0130 0.0436 0.9990
vn 0.0142 0.0433 0.9990
vn -0.9725 -0.2331 -0.0000
vn -0.9971 0.0765 -0.0000
vn 0.0142 0.0433 -0.9990
vn 0.0130 0.0436 -0.9990
vn 0.2652 0.8406 -0.4723
vn 0.2555 0.8434 -0.4726
vn -0.2857 0.8228 0.4913
vn -0.2751 0.8266 0.4910
vn -0.0144 0.0408 0.9991
vn -0.0133 0.0412 0.9991
vn 0.9975 -0.0713 0.0000
vn 0.9742 0.2258 0.0000
vn -0.0133 0.0412 -0.9991
vn -0.0144 0.0408 -0.9991
vn -0.2751 0.8266 -0.4910
vn -0.2857 0.8228 -0.4913
vn -0.7263 0.4736 0.4982
vn -0.7287 0.4699 0.4981
vn -0.0341 0.0228 0.9992
vn -0.0344 0.0223 0.9992
vn -0.0344 0.0223 -0.9992
vn -0.0341 0.0228 -0.9992
vn -0.7287 0.4699 -0.4981
vn -0.7263 0.4736 -0.4982
vn -0.6437 -0.5826 0.4962
vn -0.6537 -0.5715 0.4961
vn -0.0308 -0.0279 0.9991
vn -0.0315 -0.0270 0.9991
vn -0.0315 -0.0270 -0.9991
vn -0.0308 -0.0279 -0.9991
vn -0.6537 -0.5715 -0.4961
vn -0.6437 -0.5826 -0.4962
vn -0.1242 -0.8626 0.4904
vn -0.1372 -0.8605 0.4906
vn -0.0073 -0.0427 0.9991
vn -0.0079 -0.0426 0.9991
vn 0.2015 0.9795 0.0000
vn -0.0079 -0.0426 -0.9991
vn -0.0073 -0.0427 -0.9991
vn -0.1372 -0.8605 -0.4906
vn -0.1242 -0.8626 -0.4904
vn 0.4087 -0.7803 0.4734
vn 0.3981 -0.7856 0.4737
vn 0.0201 -0.0408 0.9990
vn 0.0196 -0.0410 0.9990
vn 0.0242 -0.1525 0.9880
vn 0.0236 -0.1487 0.9886
vn 0.0772 -0.5799 0.8110
vn 0.0771 -0.5791 0.8116
vn 0.0196 -0.0410 -0.9990
vn 0.0201 -0.0408 -0.9990
vn 0.3981 -0.7856 -0.4737
vn 0.4087 -0.7803 -0.4734
vn 0.7612 -0.4481 0.4688
vn 0.7551 -0.4585 0.4686
vn 0.0376 -0.0227 0.9990
vn 0.0372 -0.0238 0.9990
vn 0.7641 0.6451 0.0000
vn 0.0372 -0.0238 -0.9990
vn 0.0376 -0.0227 -0.9990
vn 0.7551 -0.4585 -0.4686
vn 0.7612 -0.4481 -0.4688
vn 0.4513 0.2299 0.8623
vn 0.4531 0.2207 0.8637
vn 0.5023 0.0003 0.8647
vn 0.5047 -0.0096 0.8632
vn 0.1094 -0.9452 -0.3076
vn 0.0772 -0.5799 -0.8110
vn 0.0771 -0.5791 -0.8116
vn 0.1093 -0.9443 -0.3103
vn -0.4909 0.0425 0.8702
vn -0.4921 0.0565 0.8687
vn -0.4196 -0.2665 0.8677
vn -0.4242 -0.2543 0.8691
vn 0.1094 -0.9452 0.3076
vn 0.1093 -0.9443 0.3103
vn 0.4531 0.2207 -0.8637
vn 0.4513 0.2299 -0.8623
vn 0.5047 -0.0096 -0.8632
vn 0.5023 0.0003 -0.8647
vn -0.9835 -0.1742 -0.0485
vn -0.9821 -0.1822 -0.0470
vn -0.9626 -0.2671 -0.0458
vn -0.9607 -0.2737 -0.0471
vn 0.9804 0.1945 -0.0324
vn 0.9817 0.1879 -0.0313
vn 0.9648 0.2610 -0.0325
vn 0.9661 0.2559 -0.0334
vn 0.9817 0.1879 0.0313
vn 0.9804 0.1945 0.0324
vn 0.9661 0.2559 0.0334
vn 0.9648 0.2610 0.0325
vn -0.9821 -0.1822 0.0470
vn -0.9835 -0.1742 0.0485
vn -0.9607 -0.2737 0.0471
vn -0.9626 -0.2671 0.0458
vn -0.4921 0.0565 -0.8687
vn -0.4909 0.0425 -0.8702
vn -0.4242 -0.2543 -0.8691
vn -0.4196 -0.2665 -0.8677
vn -0.5320 0.4572 0.7127
vn -0.5320 0.4570 0.7129
vn -0.9953 -0.0873 0.0420
vn -0.9951 -0.0891 0.0427
vn -0.1756 0.5567 -0.8120
vn -0.1762 0.5582 -0.8108
vn -0.2968 0.9042 -0.3072
vn -0.2964 0.9031 -0.3107
vn 0.9901 0.1378 0.0264
vn 0.9900 0.1385 0.0264
vn 0.4290 0.5686 0.7019
vn 0.4290 0.5682 0.7022
vn -0.5450 0.7919 0.2755
vn -0.5450 0.7924 0.2741
vn -0.9989 -0.0456 0.0135
vn -0.9989 -0.0457 0.0139
vn 0.0242 -0.1525 -0.9880
vn 0.0236 -0.1487 -0.9886
vn -0.0428 0.1448 -0.9885
vn -0.0436 0.1474 -0.9881
vn 0.9915 0.1290 0.0136
vn 0.9916 0.1289 0.0140
vn 0.4175 0.8686 0.2670
vn 0.4175 0.8690 0.2657
vn -0.5450 0.7919 -0.2755
vn -0.5450 0.7924 -0.2741
vn -0.9989 -0.0456 -0.0135
vn -0.9989 -0.0457 -0.0139
vn -0.0436 0.1474 0.9881
vn -0.0428 0.1448 0.9885
vn 0.9915 0.1290 -0.0136
vn 0.9916 0.1289 -0.0140
vn 0.4175 0.8686 -0.2670
vn 0.4175 0.8690 -0.2657
vn -0.5320 0.4572 -0.7127
vn -0.5320 0.4570 -0.7129
vn -0.9953 -0.0873 -0.0420
vn -0.9951 -0.0891 -0.0427
vn 0.9901 0.1378 -0.0264
vn 0.9900 0.1385 -0.0264
vn 0.4290 0.5686 -0.7019
vn 0.4290 0.5682 -0.7022
vn -0.2919 -0.6425 -0.7085
vn -0.2926 -0.6406 -0.7100
vn -0.9375 -0.3455 -0.0408
vn -0.9379 -0.3445 -0.0413
vn 0.9542 0.2979 -0.0276
vn 0.9543 0.2977 -0.0276
vn 0.6253 -0.3350 -0.7049
vn 0.6245 -0.3329 -0.7065
vn -0.1732 -0.9468 -0.2713
vn -0.1732 -0.9466 -0.2719
vn -0.9243 -0.3814 -0.0135
vn -0.9244 -0.3813 -0.0138
vn -0.2968 0.9042 0.3072
vn -0.2964 0.9031 0.3107
vn 0.9528 0.3032 -0.0136
vn 0.9528 0.3032 -0.0139
vn 0.7358 -0.6213 -0.2693
vn 0.7358 -0.6211 -0.2699
vn -0.1732 -0.9468 0.2713
vn -0.1732 -0.9466 0.2719
vn -0.9243 -0.3814 0.0135
vn -0.9244 -0.3813 0.0138
vn 0.9528 0.3032 0.0136
vn 0.9528 0.3032 0.0139
vn 0.7358 -0.6213 0.2693
vn 0.7358 -0.6211 0.2699
vn -0.2919 -0.6425 0.7085
vn -0.2926 -0.6406 0.7100
vn -0.9375 -0.3455 0.0408
vn -0.9379 -0.3445 0.0413
vn -0.1756 0.5567 0.8120
vn -0.1762 0.5582 0.8108
vn 0.9542 0.2979 0.0276
vn 0.9543 0.2977 0.0276
vn 0.6253 -0.3350 0.7049
vn 0.6245 -0.3329 0.7065
vn 0.7521 0.4554 -0.4763
vn 0.7586 0.4432 -0.4776
vn 0.8495 0.2217 -0.4788
vn 0.8527 0.2113 -0.4779
vn 0.0076 -1.0000 -0.0000
vn -0.5613 -0.8276 -0.0000
vn 0.7586 0.4432 0.4776
vn 0.7521 0.4554 0.4763
vn 0.8527 0.2113 0.4779
vn 0.8495 0.2217 0.4788
vn 0.9627 -0.2706 0.0000
vn 0.5941 -0.8044 0.0000
vn -0.8544 -0.1932 -0.4824
vn -0.8567 -0.1838 -0.4819
vn -0.7361 -0.4759 -0.4812
vn -0.7423 -0.4656 -0.4819
vn -0.0393 -0.0079 0.9992
vn -0.0388 -0.0087 0.9992
vn -0.0337 -0.0212 0.9992
vn -0.0335 -0.0223 0.9992
vn -0.0388 -0.0087 -0.9992
vn -0.0393 -0.0079 -0.9992
vn -0.0335 -0.0223 -0.9992
vn -0.0337 -0.0212 -0.9992
vn 0.0346 0.0214 -0.9992
vn 0.0348 0.0201 -0.9992
vn 0.0387 0.0103 -0.9992
vn 0.0394 0.0095 -0.9992
vn 0.0348 0.0201 0.9992
vn 0.0346 0.0214 0.9992
vn 0.0394 0.0095 0.9992
vn 0.0387 0.0103 0.9992
vn -0.8567 -0.1838 0.4819
vn -0.8544 -0.1932 0.4824
vn -0.7423 -0.4656 0.4819
vn -0.7361 -0.4759 0.4812
vn 0.5024 0.7244 0.4720
vn 0.4958 0.7291 0.4719
vn 0.0245 0.0362 0.9990
vn 0.0240 0.0367 0.9990
vn -0.9836 0.1804 -0.0000
vn -0.6931 0.7208 0.0000
vn 0.0240 0.0367 -0.9990
vn 0.0245 0.0362 -0.9990
vn 0.4958 0.7291 -0.4719
vn 0.5024 0.7244 -0.4720
vn 0.0316 0.8792 0.4753
vn 0.0221 0.8794 0.4755
vn 0.0008 0.0452 0.9990
vn 0.0004 0.0451 0.9990
vn -0.8655 -0.5009 -0.0000
vn -0.9666 -0.2563 -0.0000
vn 0.0004 0.0451 -0.9990
vn 0.0008 0.0452 -0.9990
vn 0.0221 0.8794 -0.4755
vn 0.0316 0.8792 -0.4753
vn -0.4857 0.7245 0.4891
vn -0.4943 0.7186 0.4893
vn -0.0250 0.0356 0.9991
vn -0.0253 0.0354 0.9991
vn 0.9762 0.2169 0.0000
vn 0.8449 0.5349 0.0000
vn -0.0253 0.0354 -0.9991
vn -0.0250 0.0356 -0.9991
vn -0.4943 0.7186 -0.4893
vn -0.4857 0.7245 -0.4891
vn -0.8309 0.2562 0.4940
vn -0.8336 0.2473 0.4940
vn -0.0398 0.0125 0.9991
vn -0.0400 0.0116 0.9991
vn -0.0400 0.0116 -0.9991
vn -0.0398 0.0125 -0.9991
vn -0.8336 0.2473 -0.4940
vn -0.8309 0.2562 -0.4940
vn -0.4140 -0.7668 0.4906
vn -0.4210 -0.7631 0.4904
vn -0.0197 -0.0374 0.9991
vn -0.0202 -0.0370 0.9991
vn -0.0202 -0.0370 -0.9991
vn -0.0197 -0.0374 -0.9991
vn -0.4210 -0.7631 -0.4904
vn -0.4140 -0.7668 -0.4906
vn 0.1359 -0.8606 0.4909
vn 0.1369 -0.8604 0.4908
vn 0.0064 -0.0432 0.9990
vn -0.1368 0.9906 0.0000
vn 0.0064 -0.0432 -0.9990
vn 0.1369 -0.8604 -0.4908
vn 0.1359 -0.8606 -0.4909
vn 0.6220 -0.6230 0.4743
vn 0.6228 -0.6223 0.4743
vn 0.0315 -0.0320 0.9990
vn 0.0696 -0.1358 0.9883
vn 0.0692 -0.1350 0.9884
vn 0.2595 -0.5245 0.8109
vn 0.2587 -0.5228 0.8122
vn 0.0315 -0.0320 -0.9990
vn 0.6228 -0.6223 -0.4743
vn 0.6220 -0.6230 -0.4743
vn 0.8644 -0.1607 0.4764
vn 0.8631 -0.1682 0.4762
vn 0.0423 -0.0082 0.9991
vn 0.0423 -0.0087 0.9991
vn 0.4834 0.8754 0.0000
vn 0.0423 -0.0087 -0.9991
vn 0.0423 -0.0082 -0.9991
vn 0.8631 -0.1682 -0.4762
vn 0.8644 -0.1607 -0.4764
vn 0.3577 0.3547 0.8639
vn 0.3626 0.3464 0.8652
vn 0.4842 0.1318 0.8650
vn 0.4888 0.1231 0.8636
vn 0.4137 -0.8561 -0.3096
vn 0.2595 -0.5245 -0.8109
vn 0.2587 -0.5228 -0.8122
vn 0.4139 -0.8564 -0.3087
vn -0.4830 -0.1098 0.8687
vn -0.4884 -0.0973 0.8672
vn -0.3357 -0.3678 0.8672
vn -0.3435 -0.3569 0.8687
vn 0.4137 -0.8561 0.3096
vn 0.4139 -0.8564 0.3087
vn 0.3626 0.3464 -0.8652
vn 0.3577 0.3547 -0.8639
vn 0.4888 0.1231 -0.8636
vn 0.4842 0.1318 -0.8650
vn -0.8861 -0.4618 -0.0404
vn -0.8830 -0.4676 -0.0403
vn -0.8559 -0.5156 -0.0402
vn -0.8543 -0.5182 -0.0404
vn 0.8773 0.4783 -0.0388
vn 0.8796 0.4741 -0.0392
vn 0.8616 0.5061 -0.0392
vn 0.8621 0.5053 -0.0388
vn 0.8796 0.4741 0.0392
vn 0.8773 0.4783 0.0388
vn 0.8621 0.5053 0.0388
vn 0.8616 0.5061 0.0392
vn -0.8830 -0.4676 0.0403
vn -0.8861 -0.4618 0.0404
vn -0.8543 -0.5182 0.0404
vn -0.8559 -0.5156 0.0402
vn -0.4884 -0.0973 -0.8672
vn -0.4830 -0.1098 -0.8687
vn -0.3435 -0.3569 -0.8687
vn -0.3357 -0.3678 -0.8672
vn -0.6562 0.2514 0.7115
vn -0.6567 0.2524 0.7107
vn -0.9087 -0.4162 0.0342
vn -0.9085 -0.4165 0.0344
vn -0.3164 0.4940 -0.8099
vn -0.3138 0.4901 -0.8132
vn -0.5194 0.7960 -0.3109
vn -0.5201 0.7969 -0.3073
vn 0.8862 0.4620 0.0343
vn 0.8863 0.4618 0.0344
vn 0.2124 0.6773 0.7043
vn 0.2120 0.6783 0.7036
vn -0.7878 0.5506 0.2761
vn -0.7881 0.5515 0.2735
vn -0.9159 -0.4013 0.0136
vn -0.9158 -0.4013 0.0138
vn 0.0696 -0.1358 -0.9883
vn 0.0692 -0.1350 -0.9884
vn -0.0799 0.1285 -0.9885
vn -0.0807 0.1298 -0.9882
vn 0.8785 0.4776 0.0136
vn 0.8785 0.4775 0.0138
vn 0.0867 0.9596 0.2676
vn 0.0864 0.9603 0.2651
vn -0.7877 0.5506 -0.2761
vn -0.7881 0.5515 -0.2735
vn -0.9159 -0.4013 -0.0136
vn -0.9158 -0.4013 -0.0138
vn -0.0807 0.1298 0.9882
vn -0.0799 0.1285 0.9885
vn 0.8785 0.4776 -0.0136
vn 0.8785 0.4775 -0.0138
vn 0.0867 0.9596 -0.2676
vn 0.0864 0.9603 -0.2651
vn -0.6562 0.2514 -0.7115
vn -0.6567 0.2524 -0.7107
vn -0.9087 -0.4162 -0.0342
vn -0.9085 -0.4165 -0.0344
vn 0.8862 0.4620 -0.0342
vn 0.8863 0.4618 -0.0344
vn 0.2124 0.6773 -0.7043
vn 0.2120 0.6783 -0.7036
vn -0.1233 -0.6908 -0.7124
vn -0.1219 -0.6928 -0.7108
vn -0.8334 -0.5516 -0.0342
vn -0.8337 -0.5511 -0.0344
vn 0.8608 0.5077 -0.0343
vn 0.8608 0.5078 -0.0344
vn 0.6900 -0.1676 -0.7041
vn 0.6912 -0.1692 -0.7026
vn 0.0760 -0.9594 -0.2716
vn 0.0760 -0.9595 -0.2714
vn -0.8162 -0.5776 -0.0136
vn -0.8163 -0.5775 -0.0138
vn -0.5194 0.7960 0.3109
vn -0.5201 0.7969 0.3073
vn 0.8623 0.5062 -0.0137
vn 0.8623 0.5062 -0.0139
vn 0.8705 -0.4118 -0.2694
vn 0.8706 -0.4118 -0.2694
vn 0.0760 -0.9594 0.2716
vn 0.0760 -0.9595 0.2714
vn -0.8162 -0.5776 0.0136
vn -0.8163 -0.5775 0.0138
vn 0.8623 0.5062 0.0137
vn 0.8623 0.5062 0.0139
vn 0.8705 -0.4118 0.2694
vn 0.8706 -0.4118 0.2694
vn -0.1233 -0.6908 0.7124
vn -0.1219 -0.6928 0.7108
vn -0.8334 -0.5516 0.0342
vn -0.8337 -0.5511 0.0343
vn -0.3164 0.4940 0.8099
vn -0.3138 0.4901 0.8132
vn 0.8608 0.5077 0.0343
vn 0.8608 0.5078 0.0344
vn 0.6900 -0.1676 0.7041
vn 0.6912 -0.1692 0.7026
vn 0.6243 0.6172 -0.4788
vn 0.6313 0.6094 -0.4796
vn 0.7709 0.4167 -0.4818
vn 0.7772 0.4055 -0.4811
vn 0.2553 -0.9668 -0.0000
vn -0.3537 -0.9354 -0.0000
vn 0.6313 0.6094 0.4796
vn 0.6243 0.6172 0.4788
vn 0.7772 0.4055 0.4811
vn 0.7709 0.4167 0.4818
vn 0.9992 -0.0391 -0.0000
vn 0.7750 -0.6320 -0.0000
vn -0.7844 -0.3913 -0.4812
vn -0.7903 -0.3803 -0.4804
vn -0.6041 -0.6379 -0.4775
vn -0.6115 -0.6302 -0.4784
vn -0.0365 -0.0171 0.9992
vn -0.0357 -0.0179 0.9992
vn -0.0280 -0.0286 0.9992
vn -0.0276 -0.0294 0.9992
vn -0.0357 -0.0179 -0.9992
vn -0.0365 -0.0171 -0.9992
vn -0.0276 -0.0294 -0.9992
vn -0.0280 -0.0286 -0.9992
vn 0.0284 0.0287 -0.9992
vn 0.0288 0.0277 -0.9992
vn 0.0351 0.0189 -0.9992
vn 0.0361 0.0181 -0.9992
vn 0.0288 0.0277 0.9992
vn 0.0284 0.0287 0.9992
vn 0.0361 0.0181 0.9992
vn 0.0351 0.0189 0.9992
vn -0.7903 -0.3803 0.4804
vn -0.7844 -0.3913 0.4812
vn -0.6115 -0.6302 0.4784
vn -0.6041 -0.6379 0.4775
vn 0.3146 0.8189 0.4801
vn 0.3078 0.8215 0.4800
vn 0.0150 0.0400 0.9991
vn 0.0144 0.0403 0.9991
vn -0.9994 -0.0337 -0.0000
vn -0.8433 0.5374 0.0000
vn 0.0144 0.0403 -0.9991
vn 0.0150 0.0400 -0.9991
vn 0.3078 0.8215 -0.4800
vn 0.3146 0.8189 -0.4801
vn -0.2083 0.8535 0.4777
vn -0.2102 0.8530 0.4777
vn -0.0108 0.0432 0.9990
vn -0.0111 0.0431 0.9990
vn -0.7170 -0.6970 -0.0000
vn -0.8840 -0.4674 -0.0000
vn -0.0111 0.0431 -0.9990
vn -0.0108 0.0432 -0.9990
vn -0.2102 0.8530 -0.4777
vn -0.2083 0.8535 -0.4777
vn -0.6658 0.5647 0.4877
vn -0.6672 0.5630 0.4877
vn -0.0338 0.0282 0.9990
vn -0.0340 0.0279 0.9990
vn 0.8937 0.4487 0.0000
vn 0.7022 0.7120 0.0000
vn -0.0340 0.0279 -0.9990
vn -0.0338 0.0282 -0.9990
vn -0.6672 0.5630 -0.4877
vn -0.6658 0.5647 -0.4877
vn -0.8721 0.0483 0.4870
vn -0.8725 0.0408 0.4869
vn -0.0425 0.0027 0.9991
vn -0.0425 0.0020 0.9991
vn -0.0425 0.0020 -0.9991
vn -0.0425 0.0027 -0.9991
vn -0.8725 0.0408 -0.4869
vn -0.8721 0.0483 -0.4870
vn -0.2217 -0.8454 0.4860
vn -0.2326 -0.8425 0.4859
vn -0.0106 -0.0409 0.9991
vn -0.0114 -0.0406 0.9991
vn -0.0114 -0.0406 -0.9991
vn -0.0106 -0.0409 -0.9991
vn -0.2326 -0.8425 -0.4859
vn -0.2217 -0.8454 -0.4860
vn 0.3443 -0.8035 0.4856
vn 0.3398 -0.8054 0.4857
vn 0.0170 -0.0406 0.9990
vn 0.0164 -0.0409 0.9990
vn -0.3667 0.9303 0.0000
vn 0.0164 -0.0409 -0.9990
vn 0.0170 -0.0406 -0.9990
vn 0.3398 -0.8054 -0.4857
vn 0.3443 -0.8035 -0.4856
vn 0.7534 -0.4498 0.4796
vn 0.7510 -0.4537 0.4797
vn 0.0381 -0.0231 0.9990
vn 0.0377 -0.0237 0.9990
vn 0.1002 -0.1164 0.9881
vn 0.0983 -0.1141 0.9886
vn 0.3733 -0.4455 0.8137
vn 0.3773 -0.4506 0.8091
vn 0.0377 -0.0237 -0.9990
vn 0.0381 -0.0231 -0.9990
vn 0.7510 -0.4537 -0.4797
vn 0.7534 -0.4498 -0.4796
vn 0.8757 0.0463 0.4807
vn 0.8762 0.0363 0.4805
vn 0.0430 0.0017 0.9991
vn 0.0432 0.0010 0.9991
vn 0.2837 0.9589 0.0000
vn 0.0432 0.0010 -0.9991
vn 0.0430 0.0017 -0.9991
vn 0.8762 0.0363 -0.4805
vn 0.8757 0.0463 -0.4807
vn 0.2662 0.4301 0.8626
vn 0.2734 0.4225 0.8641
vn 0.4377 0.2448 0.8652
vn 0.4443 0.2376 0.8638
vn 0.6040 -0.7343 -0.3097
vn 0.3733 -0.4455 -0.8137
vn 0.3773 -0.4506 -0.8091
vn 0.6043 -0.7348 -0.3081
vn -0.4431 -0.2182 0.8695
vn -0.4507 -0.2078 0.8682
vn -0.2363 -0.4381 0.8673
vn -0.2467 -0.4293 0.8688
vn 0.6040 -0.7343 0.3097
vn 0.6043 -0.7348 0.3081
vn 0.2734 0.4225 -0.8641
vn 0.2662 0.4301 -0.8626
vn 0.4443 0.2376 -0.8638
vn 0.4377 0.2448 -0.8652
vn -0.7478 -0.6625 -0.0444
vn -0.7464 -0.6641 -0.0435
vn -0.7083 -0.7047 -0.0419
vn -0.7028 -0.7101 -0.0425
vn 0.7386 0.6732 -0.0356
vn 0.7385 0.6734 -0.0351
vn 0.7127 0.7005 -0.0371
vn 0.7169 0.6961 -0.0373
vn 0.7385 0.6734 0.0351
vn 0.7386 0.6732 0.0356
vn 0.7169 0.6961 0.0373
vn 0.7127 0.7005 0.0371
vn -0.7464 -0.6641 0.0435
vn -0.7478 -0.6625 0.0444
vn -0.7028 -0.7101 0.0425
vn -0.7083 -0.7047 0.0419
vn -0.4507 -0.2078 -0.8682
vn -0.4431 -0.2182 -0.8695
vn -0.2467 -0.4293 -0.8688
vn -0.2363 -0.4381 -0.8673
vn -0.6966 0.0948 0.7112
vn -0.6968 0.0950 0.7109
vn -0.7834 -0.6204 0.0386
vn -0.7827 -0.6212 0.0388
vn -0.4227 0.4007 -0.8129
vn -0.4256 0.4034 -0.8100
vn -0.6971 0.6474 -0.3081
vn -0.6966 0.6470 -0.3100
vn 0.7507 0.6600 0.0299
vn 0.7504 0.6603 0.0300
vn 0.0508 0.7084 0.7040
vn -0.8934 0.3605 0.2683
vn -0.8929 0.3599 0.2704
vn -0.8180 -0.5750 0.0136
vn -0.8179 -0.5752 0.0138
vn 0.1002 -0.1164 -0.9881
vn 0.0983 -0.1141 -0.9886
vn -0.1083 0.1058 -0.9885
vn -0.1095 0.1070 -0.9882
vn 0.7673 0.6411 0.0136
vn 0.7673 0.6412 0.0138
vn -0.1316 0.9536 0.2706
vn -0.1312 0.9531 0.2729
vn -0.8934 0.3605 -0.2683
vn -0.8929 0.3599 -0.2704
vn -0.8180 -0.5750 -0.0136
vn -0.8179 -0.5752 -0.0138
vn -0.1095 0.1070 0.9882
vn -0.1083 0.1058 0.9885
vn 0.7673 0.6411 -0.0136
vn 0.7673 0.6412 -0.0138
vn -0.1316 0.9536 -0.2706
vn -0.1312 0.9531 -0.2729
vn -0.6966 0.0948 -0.7112
vn -0.6968 0.0950 -0.7109
vn -0.7834 -0.6204 -0.0386
vn -0.7827 -0.6212 -0.0388
vn 0.7507 0.6600 -0.0299
vn 0.7504 0.6603 -0.0300
vn 0.0508 0.7084 -0.7040
vn 0.0545 -0.7039 -0.7082
vn 0.0530 -0.7026 -0.7096
vn -0.6539 -0.7557 -0.0367
vn -0.6544 -0.7553 -0.0369
vn 0.6913 0.7219 -0.0318
vn 0.6912 0.7219 -0.0319
vn 0.7088 0.0087 -0.7053
vn 0.7073 0.0101 -0.7069
vn 0.3022 -0.9133 -0.2730
vn 0.3023 -0.9134 -0.2725
vn -0.6345 -0.7728 -0.0136
vn -0.6345 -0.7728 -0.0138
vn -0.6971 0.6474 0.3081
vn -0.6966 0.6470 0.3100
vn 0.6970 0.7169 -0.0136
vn 0.6970 0.7170 -0.0139
vn 0.9439 -0.1919 -0.2687
vn 0.9440 -0.1920 -0.2683
vn 0.3022 -0.9133 0.2730
vn 0.3023 -0.9134 0.2725
vn -0.6345 -0.7728 0.0136
vn -0.6345 -0.7728 0.0138
vn 0.6970 0.7169 0.0136
vn 0.6970 0.7170 0.0139
vn 0.9439 -0.1919 0.2687
vn 0.9440 -0.1920 0.2683
vn 0.0545 -0.7039 0.7082
vn 0.0530 -0.7026 0.7096
vn -0.6539 -0.7557 0.0367
vn -0.6544 -0.7553 0.0369
vn -0.4227 0.4007 0.8129
vn -0.4256 0.4034 0.8100
vn 0.6913 0.7219 0.0318
vn 0.6912 0.7219 0.0319
vn 0.7088 0.0087 0.7053
vn 0.7073 0.0100 0.7069
vn 0.4468 0.7567 -0.4772
vn 0.4575 0.7496 -0.4783
vn 0.6406 0.6010 -0.4780
vn 0.6487 0.5931 -0.4770
vn 0.4886 -0.8725 -0.0000
vn -0.1001 -0.9950 -0.0000
vn 0.4575 0.7496 0.4783
vn 0.4468 0.7567 0.4772
vn 0.6487 0.5931 0.4770
vn 0.6406 0.6010 0.4780
vn 0.9754 0.2203 0.0000
vn 0.9082 -0.4185 0.0000
vn -0.6599 -0.5764 -0.4819
vn -0.6670 -0.5686 -0.4814
vn -0.4182 -0.7700 -0.4818
vn -0.4281 -0.7642 -0.4824
vn -0.0309 -0.0257 0.9992
vn -0.0300 -0.0262 0.9992
vn -0.0194 -0.0348 0.9992
vn -0.0186 -0.0356 0.9992
vn -0.0300 -0.0262 -0.9992
vn -0.0309 -0.0257 -0.9992
vn -0.0186 -0.0356 -0.9992
vn -0.0194 -0.0348 -0.9992
vn 0.0204 0.0351 -0.9992
vn 0.0210 0.0341 -0.9992
vn 0.0291 0.0276 -0.9992
vn 0.0301 0.0272 -0.9992
vn 0.0210 0.0341 0.9992
vn 0.0204 0.0351 0.9992
vn 0.0301 0.0272 0.9992
vn 0.0291 0.0276 0.9992
vn -0.6670 -0.5686 0.4814
vn -0.6599 -0.5764 0.4819
vn -0.4281 -0.7642 0.4824
vn -0.4182 -0.7700 0.4818
vn 0.0932 0.8746 0.4757
vn 0.0853 0.8755 0.4757
vn 0.0042 0.0433 0.9991
vn 0.0035 0.0435 0.9990
vn -0.9479 -0.3186 -0.0000
vn -0.9577 0.2878 0.0000
vn 0.0035 0.0435 -0.9990
vn 0.0042 0.0433 -0.9991
vn 0.0853 0.8755 -0.4757
vn 0.0932 0.8746 -0.4757
vn -0.4033 0.7807 0.4774
vn -0.4119 0.7761 0.4775
vn -0.0214 0.0397 0.9990
vn -0.0215 0.0397 0.9990
vn -0.5243 -0.8516 -0.0000
vn -0.7255 -0.6882 -0.0000
vn -0.0215 0.0397 -0.9990
vn -0.0214 0.0397 -0.9990
vn -0.4119 0.7761 -0.4775
vn -0.4033 0.7807 -0.4774
vn -0.7798 0.3933 0.4871
vn -0.7845 0.3837 0.4872
vn -0.0392 0.0188 0.9991
vn 0.7560 0.6546 0.0000
vn 0.4847 0.8747 0.0000
vn -0.0392 0.0188 -0.9991
vn -0.7845 0.3837 -0.4872
vn -0.7798 0.3933 -0.4871
vn -0.8536 -0.1753 0.4905
vn -0.8518 -0.1839 0.4905
vn -0.0410 -0.0082 0.9991
vn -0.0408 -0.0090 0.9991
vn -0.0408 -0.0090 -0.9991
vn -0.0410 -0.0082 -0.9991
vn -0.8518 -0.1839 -0.4905
vn -0.8536 -0.1753 -0.4905
vn 0.0111 -0.8693 0.4942
vn 0.0001 -0.8695 0.4940
vn 0.0009 -0.0419 0.9991
vn 0.0001 -0.0419 0.9991
vn 0.0001 -0.0419 -0.9991
vn 0.0009 -0.0419 -0.9991
vn 0.0001 -0.8695 -0.4940
vn 0.0111 -0.8693 -0.4942
vn 0.5432 -0.6787 0.4943
vn 0.5453 -0.6770 0.4942
vn 0.0267 -0.0342 0.9991
vn 0.0268 -0.0341 0.9991
vn -0.6055 0.7959 0.0000
vn 0.0268 -0.0341 -0.9991
vn 0.0267 -0.0342 -0.9991
vn 0.5453 -0.6770 -0.4942
vn 0.5432 -0.6787 -0.4943
vn 0.8509 -0.2335 0.4705
vn 0.8516 -0.2312 0.4704
vn 0.0435 -0.0124 0.9990
vn 0.0436 -0.0123 0.9990
vn 0.1280 -0.0831 0.9883
vn 0.1273 -0.0826 0.9884
vn 0.4863 -0.3285 0.8097
vn 0.4822 -0.3256 0.8133
vn 0.0436 -0.0123 -0.9990
vn 0.0435 -0.0124 -0.9990
vn 0.8516 -0.2312 -0.4704
vn 0.8509 -0.2335 -0.4705
vn 0.8360 0.2795 0.4722
vn 0.8394 0.2698 0.4718
vn 0.0412 0.0135 0.9991
vn 0.0416 0.0128 0.9991
vn -0.0013 1.0000 0.0000
vn 0.0416 0.0128 -0.9991
vn 0.0412 0.0135 -0.9991
vn 0.8394 0.2698 -0.4718
vn 0.8360 0.2795 -0.4722
vn 0.1321 0.4867 0.8635
vn 0.1401 0.4822 0.8648
vn 0.3484 0.3674 0.8623
vn 0.3549 0.3639 0.8612
vn 0.7815 -0.5419 -0.3091
vn 0.4863 -0.3285 -0.8097
vn 0.4822 -0.3256 -0.8133
vn -0.3621 -0.3367 0.8692
vn -0.3735 -0.3282 0.8676
vn -0.0926 -0.4856 0.8693
vn -0.1077 -0.4796 0.8708
vn 0.7815 -0.5419 0.3091
vn 0.1401 0.4822 -0.8648
vn 0.1321 0.4867 -0.8635
vn 0.3549 0.3639 -0.8612
vn 0.3484 0.3674 -0.8623
vn -0.5368 -0.8428 -0.0407
vn -0.5288 -0.8478 -0.0406
vn -0.4638 -0.8850 -0.0406
vn -0.4606 -0.8867 -0.0407
vn 0.5187 0.8541 -0.0385
vn 0.5256 0.8499 -0.0390
vn 0.4742 0.8796 -0.0389
vn 0.4754 0.8789 -0.0385
vn 0.5256 0.8499 0.0390
vn 0.5187 0.8541 0.0386
vn 0.4754 0.8789 0.0385
vn 0.4742 0.8796 0.0390
vn -0.5288 -0.8478 0.0406
vn -0.5368 -0.8428 0.0407
vn -0.4606 -0.8867 0.0407
vn -0.4638 -0.8850 0.0406
vn -0.3735 -0.3282 -0.8676
vn -0.3621 -0.3367 -0.8692
vn -0.1077 -0.4796 -0.8708
vn -0.0926 -0.4856 -0.8693
vn -0.6967 -0.1006 0.7103
vn -0.6962 -0.1009 0.7107
vn -0.5929 -0.8045 0.0342
vn -0.5926 -0.8048 0.0344
vn -0.5398 0.2405 -0.8067
vn -0.5278 0.2356 -0.8160
vn -0.8731 0.3737 -0.3129
vn -0.8757 0.3747 -0.3045
vn 0.5515 0.8335 0.0343
vn 0.5518 0.8333 0.0345
vn -0.1457 0.6948 0.7042
vn -0.1452 0.6945 0.7047
vn -0.9560 0.0986 0.2763
vn -0.9566 0.0991 0.2739
vn -0.6065 -0.7949 0.0136
vn -0.6065 -0.7950 0.0138
vn 0.1280 -0.0830 -0.9883
vn 0.1273 -0.0826 -0.9884
vn -0.1353 0.0641 -0.9887
vn -0.1397 0.0662 -0.9880
vn 0.5369 0.8435 0.0136
vn 0.5370 0.8435 0.0139
vn -0.3905 0.8810 0.2672
vn -0.3910 0.8814 0.2649
vn -0.9560 0.0986 -0.2763
vn -0.9566 0.0991 -0.2739
vn -0.6065 -0.7949 -0.0136
vn -0.6065 -0.7950 -0.0138
vn -0.1397 0.0662 0.9880
vn -0.1353 0.0641 0.9887
vn 0.5369 0.8435 -0.0136
vn 0.5370 0.8435 -0.0139
vn -0.3905 0.8810 -0.2672
vn -0.3910 0.8814 -0.2649
vn -0.6967 -0.1006 -0.7103
vn -0.6962 -0.1009 -0.7107
vn -0.5929 -0.8045 -0.0342
vn -0.5926 -0.8048 -0.0344
vn 0.5515 0.8335 -0.0343
vn 0.5518 0.8333 -0.0345
vn -0.1457 0.6948 -0.7042
vn -0.1452 0.6945 -0.7047
vn 0.2810 -0.6408 -0.7144
vn 0.2837 -0.6418 -0.7125
vn -0.3957 -0.9178 -0.0341
vn -0.3975 -0.9169 -0.0344
vn 0.4442 0.8953 -0.0344
vn 0.4451 0.8948 -0.0347
vn 0.6690 0.2440 -0.7021
vn 0.6705 0.2434 -0.7008
vn 0.6143 -0.7429 -0.2660
vn 0.6133 -0.7426 -0.2691
vn -0.3247 -0.9457 -0.0133
vn -0.3254 -0.9455 -0.0137
vn -0.8731 0.3737 0.3129
vn -0.8757 0.3747 0.3045
vn 0.4027 0.9152 -0.0137
vn 0.4033 0.9150 -0.0142
vn 0.9488 0.1618 -0.2712
vn 0.9478 0.1620 -0.2747
vn 0.6143 -0.7429 0.2660
vn 0.6133 -0.7426 0.2691
vn -0.3247 -0.9457 0.0133
vn -0.3254 -0.9455 0.0137
vn 0.4027 0.9152 0.0137
vn 0.4033 0.9150 0.0142
vn 0.9488 0.1618 0.2712
vn 0.9478 0.1620 0.2747
vn 0.2810 -0.6408 0.7144
vn 0.2837 -0.6418 0.7125
vn -0.3957 -0.9178 0.0341
vn -0.3975 -0.9169 0.0344
vn -0.5398 0.2405 0.8067
vn -0.5278 0.2356 0.8160
vn 0.4442 0.8953 0.0344
vn 0.4451 0.8948 0.0347
vn 0.6690 0.2440 0.7021
vn 0.6705 0.2434 0.7008
vn 0.1487 0.8646 -0.4800
vn 0.1597 0.8623 -0.4806
vn 0.3468 0.8073 -0.4776
vn 0.3554 0.8040 -0.4767
vn 0.7441 -0.6680 0.0000
vn 0.2543 -0.9671 0.0000
vn 0.1597 0.8623 0.4806
vn 0.1487 0.8646 0.4800
vn 0.3554 0.8040 0.4767
vn 0.3468 0.8073 0.4776
vn 0.8387 0.5445 0.0000
vn 0.9946 -0.1035 0.0000
vn -0.4116 -0.7754 -0.4788
vn -0.4224 -0.7701 -0.4780
vn -0.0704 -0.8736 -0.4815
vn -0.0832 -0.8721 -0.4822
vn -0.0197 -0.0356 0.9992
vn -0.0187 -0.0357 0.9992
vn -0.0038 -0.0397 0.9992
vn -0.0028 -0.0402 0.9992
vn -0.0187 -0.0357 -0.9992
vn -0.0197 -0.0356 -0.9992
vn -0.0028 -0.0402 -0.9992
vn -0.0038 -0.0397 -0.9992
vn 0.0060 0.0397 -0.9992
vn 0.0070 0.0391 -0.9992
vn 0.0157 0.0368 -0.9992
vn 0.0166 0.0369 -0.9992
vn 0.0070 0.0391 0.9992
vn 0.0060 0.0397 0.9992
vn 0.0166 0.0369 0.9992
vn 0.0157 0.0368 0.9992
vn -0.4224 -0.7701 0.4780
vn -0.4116 -0.7754 0.4788
vn -0.0832 -0.8721 0.4822
vn -0.0704 -0.8736 0.4815
vn -0.1994 0.8554 0.4780
vn -0.2135 0.8523 0.4775
vn -0.0102 0.0415 0.9991
vn -0.0116 0.0414 0.9991
vn -0.7229 -0.6910 0.0000
vn -0.9865 -0.1638 0.0000
vn -0.0116 0.0414 -0.9991
vn -0.0102 0.0415 -0.9991
vn -0.2135 0.8523 -0.4775
vn -0.1994 0.8554 -0.4780
vn -0.6342 0.6095 0.4757
vn -0.6379 0.6056 0.4758
vn -0.0324 0.0306 0.9990
vn -0.0329 0.0300 0.9990
vn -0.1611 -0.9869 0.0000
vn -0.3974 -0.9176 0.0000
vn -0.0329 0.0300 -0.9990
vn -0.0324 0.0306 -0.9990
vn -0.6379 0.6056 -0.4758
vn -0.6342 0.6095 -0.4757
vn -0.8638 0.1204 0.4893
vn -0.8645 0.1143 0.4894
vn -0.0437 0.0056 0.9990
vn -0.0438 0.0047 0.9990
vn 0.4521 0.8920 0.0000
vn 0.1000 0.9950 0.0000
vn -0.0438 0.0047 -0.9990
vn -0.0437 0.0056 -0.9990
vn -0.8645 0.1143 -0.4894
vn -0.8638 0.1204 -0.4893
vn -0.7506 -0.4454 0.4881
vn -0.7422 -0.4596 0.4878
vn -0.0368 -0.0216 0.9991
vn -0.0358 -0.0229 0.9991
vn -0.0358 -0.0229 -0.9991
vn -0.0368 -0.0216 -0.9991
vn -0.7422 -0.4596 -0.4878
vn -0.7506 -0.4454 -0.4881
vn 0.3958 -0.7737 0.4947
vn 0.3780 -0.7830 0.4940
vn 0.0195 -0.0374 0.9991
vn 0.0180 -0.0381 0.9991
vn 0.0180 -0.0381 -0.9991
vn 0.0195 -0.0374 -0.9991
vn 0.3780 -0.7830 -0.4940
vn 0.3958 -0.7737 -0.4947
vn 0.7939 -0.3498 0.4974
vn 0.7926 -0.3526 0.4975
vn 0.0393 -0.0182 0.9991
vn 0.0391 -0.0187 0.9991
vn -0.8946 0.4469 0.0000
vn 0.0391 -0.0187 -0.9991
vn 0.0393 -0.0182 -0.9991
vn 0.7926 -0.3526 -0.4975
vn 0.7939 -0.3498 -0.4974
vn 0.8646 0.1854 0.4671
vn 0.8650 0.1834 0.4672
vn 0.0444 0.0088 0.9990
vn 0.0445 0.0082 0.9990
vn 0.1533 -0.0160 0.9880
vn 0.1493 -0.0156 0.9887
vn 0.5758 -0.0795 0.8137
vn 0.5818 -0.0806 0.8094
vn 0.0445 0.0082 -0.9990
vn 0.0444 0.0088 -0.9990
vn 0.8650 0.1834 -0.4672
vn 0.8646 0.1854 -0.4671
vn 0.6275 0.6202 0.4707
vn 0.6404 0.6076 0.4699
vn 0.0310 0.0301 0.9991
vn 0.0322 0.0292 0.9991
vn -0.4280 0.9038 0.0000
vn 0.0322 0.0292 -0.9991
vn 0.0310 0.0301 -0.9991
vn 0.6404 0.6076 -0.4699
vn 0.6275 0.6202 -0.4707
vn -0.1176 0.4952 0.8608
vn -0.1107 0.4948 0.8619
vn 0.1112 0.4947 0.8619
vn 0.1182 0.4950 0.8608
vn 0.9379 -0.1508 -0.3123
vn 0.5758 -0.0795 -0.8137
vn 0.5818 -0.0806 -0.8094
vn 0.9401 -0.1513 -0.3056
vn -0.1528 -0.4661 0.8715
vn -0.1699 -0.4632 0.8698
vn 0.1694 -0.4634 0.8698
vn 0.1523 -0.4662 0.8715
vn 0.9379 -0.1508 0.3123
vn 0.9401 -0.1513 0.3056
vn -0.1107 0.4948 -0.8619
vn -0.1176 0.4952 -0.8608
vn 0.1182 0.4950 -0.8608
vn 0.1112 0.4947 -0.8619
vn -0.0657 -0.9970 -0.0414
vn -0.0564 -0.9976 -0.0414
vn 0.0552 -0.9976 -0.0414
vn 0.0647 -0.9970 -0.0414
vn 0.0433 0.9983 -0.0381
vn 0.0515 0.9979 -0.0387
vn -0.0506 0.9980 -0.0387
vn -0.0422 0.9984 -0.0381
vn 0.0515 0.9979 0.0387
vn 0.0433 0.9983 0.0381
vn -0.0422 0.9984 0.0381
vn -0.0506 0.9980 0.0387
vn -0.0564 -0.9976 0.0414
vn -0.0657 -0.9970 0.0414
vn 0.0647 -0.9970 0.0414
vn 0.0552 -0.9976 0.0414
vn -0.1699 -0.4632 -0.8698
vn -0.1528 -0.4660 -0.8715
vn 0.1523 -0.4662 -0.8715
vn 0.1694 -0.4634 -0.8698
vn -0.5789 -0.3882 0.7171
vn -0.5826 -0.3872 0.7146
vn -0.1524 -0.9877 0.0342
vn -0.1507 -0.9880 0.0346
vn -0.5817 -0.0797 -0.8095
vn -0.5761 -0.0787 -0.8136
vn -0.9382 -0.1494 -0.3122
vn -0.9402 -0.1499 -0.3057
vn 0.0988 0.9945 0.0344
vn 0.0986 0.9945 0.0348
vn -0.4344 0.5671 0.6998
vn -0.4370 0.5678 0.6976
vn -0.9182 -0.2863 0.2736
vn -0.9186 -0.2862 0.2725
vn -0.1960 -0.9805 0.0134
vn -0.1955 -0.9806 0.0138
vn 0.1533 -0.0160 -0.9880
vn 0.1493 -0.0156 -0.9887
vn -0.1494 -0.0154 -0.9887
vn -0.1533 -0.0158 -0.9880
vn 0.1092 0.9939 0.0136
vn 0.1089 0.9939 0.0141
vn -0.7082 0.6537 0.2667
vn -0.7083 0.6537 0.2665
vn -0.9182 -0.2863 -0.2736
vn -0.9186 -0.2862 -0.2725
vn -0.1960 -0.9805 -0.0134
vn -0.1955 -0.9806 -0.0138
vn -0.1533 -0.0158 0.9880
vn -0.1494 -0.0154 0.9887
vn 0.1092 0.9939 -0.0136
vn 0.1089 0.9939 -0.0141
vn -0.7082 0.6537 -0.2667
vn -0.7083 0.6537 -0.2665
vn -0.5789 -0.3882 -0.7171
vn -0.5826 -0.3872 -0.7146
vn -0.1524 -0.9877 -0.0342
vn -0.1507 -0.9880 -0.0346
vn 0.0988 0.9945 -0.0344
vn 0.0986 0.9945 -0.0348
vn -0.4344 0.5671 -0.6998
vn -0.4370 0.5678 -0.6976
vn 0.5782 -0.3888 -0.7173
vn 0.5820 -0.3878 -0.7147
vn 0.1508 -0.9880 -0.0342
vn 0.1492 -0.9882 -0.0346
vn -0.0972 0.9947 -0.0344
vn -0.0971 0.9947 -0.0348
vn 0.4351 0.5667 -0.6996
vn 0.4378 0.5674 -0.6974
vn 0.9177 -0.2874 -0.2743
vn 0.9182 -0.2872 -0.2728
vn 0.1921 -0.9813 -0.0134
vn 0.1916 -0.9814 -0.0138
vn -0.9382 -0.1494 0.3122
vn -0.9402 -0.1499 0.3057
vn -0.1049 0.9944 -0.0136
vn -0.1047 0.9944 -0.0141
vn 0.7091 0.6529 -0.2664
vn 0.7092 0.6530 -0.2659
vn 0.9177 -0.2874 0.2743
vn 0.9182 -0.2872 0.2728
vn 0.1921 -0.9813 0.0134
vn 0.1916 -0.9814 0.0138
vn -0.1049 0.9944 0.0136
vn -0.1047 0.9944 0.0141
vn 0.7091 0.6529 0.2664
vn 0.7092 0.6530 0.2659
vn 0.5782 -0.3888 0.7173
vn 0.5820 -0.3878 0.7147
vn 0.1508 -0.9880 0.0342
vn 0.1492 -0.9882 0.0346
vn -0.5817 -0.0797 0.8095
vn -0.5761 -0.0787 0.8136
vn -0.0972 0.9947 0.0344
vn -0.0971 0.9947 0.0348
vn 0.4351 0.5667 0.6996
vn 0.4378 0.5674 0.6974
vn -0.3535 0.8050 -0.4765
vn -0.3451 0.8081 -0.4774
vn -0.1580 0.8625 -0.4808
vn -0.1468 0.8648 -0.4802
vn 0.9862 -0.1658 -0.0000
vn 0.7194 -0.6945 -0.0000
vn -0.3451 0.8081 0.4774
vn -0.3535 0.8050 0.4765
vn -0.1468 0.8648 0.4802
vn -0.1580 0.8625 0.4808
vn 0.4320 0.9019 -0.0000
vn 0.8955 0.4451 0.0000
vn 0.0813 -0.8721 -0.4825
vn 0.0684 -0.8736 -0.4818
vn 0.4208 -0.7712 -0.4777
vn 0.4102 -0.7764 -0.4786
vn 0.0026 -0.0401 0.9992
vn 0.0037 -0.0397 0.9992
vn 0.0186 -0.0358 0.9992
vn 0.0196 -0.0357 0.9992
vn 0.0037 -0.0397 -0.9992
vn 0.0026 -0.0401 -0.9992
vn 0.0196 -0.0357 -0.9992
vn 0.0186 -0.0358 -0.9992
vn -0.0165 0.0370 -0.9992
vn -0.0156 0.0369 -0.9992
vn -0.0069 0.0391 -0.9992
vn -0.0059 0.0397 -0.9992
vn -0.0156 0.0369 0.9992
vn -0.0165 0.0370 0.9992
vn -0.0059 0.0397 0.9992
vn -0.0069 0.0391 0.9992
vn 0.0684 -0.8736 0.4818
vn 0.0813 -0.8721 0.4825
vn 0.4102 -0.7764 0.4786
vn 0.4208 -0.7712 0.4777
vn -0.6256 0.6222 0.4706
vn -0.6384 0.6098 0.4697
vn -0.0309 0.0302 0.9991
vn -0.0321 0.0294 0.9991
vn -0.2581 -0.9661 0.0000
vn -0.7451 -0.6670 0.0000
vn -0.0321 0.0294 -0.9991
vn -0.0309 0.0302 -0.9991
vn -0.6384 0.6098 -0.4697
vn -0.6256 0.6222 -0.4706
vn -0.8644 0.1870 0.4668
vn -0.8647 0.1853 0.4669
vn -0.0444 0.0089 0.9990
vn -0.0445 0.0084 0.9990
vn 0.3937 -0.9192 -0.0000
vn 0.1577 -0.9875 -0.0000
vn -0.0445 0.0084 -0.9990
vn -0.0444 0.0089 -0.9990
vn -0.8647 0.1853 -0.4669
vn -0.8644 0.1870 -0.4668
vn -0.7944 -0.3483 0.4977
vn -0.7932 -0.3508 0.4977
vn -0.0393 -0.0181 0.9991
vn -0.0391 -0.0186 0.9991
vn -0.0963 0.9953 -0.0000
vn -0.4490 0.8935 0.0000
vn -0.0391 -0.0186 -0.9991
vn -0.0393 -0.0181 -0.9991
vn -0.7932 -0.3508 -0.4977
vn -0.7944 -0.3483 -0.4977
vn -0.3979 -0.7725 0.4949
vn -0.3803 -0.7817 0.4942
vn -0.0196 -0.0373 0.9991
vn -0.0181 -0.0380 0.9991
vn -0.0181 -0.0380 -0.9991
vn -0.0196 -0.0373 -0.9991
vn -0.3803 -0.7817 -0.4942
vn -0.3979 -0.7725 -0.4949
vn 0.7496 -0.4471 0.4880
vn 0.7410 -0.4616 0.4877
vn 0.0368 -0.0216 0.9991
vn 0.0357 -0.0230 0.9991
vn 0.0357 -0.0230 -0.9991
vn 0.0368 -0.0216 -0.9991
vn 0.7410 -0.4616 -0.4877
vn 0.7496 -0.4471 -0.4880
vn 0.8640 0.1193 0.4891
vn 0.8648 0.1130 0.4892
vn 0.0437 0.0056 0.9990
vn 0.0438 0.0047 0.9990
vn -0.9948 -0.1021 0.0000
vn 0.0438 0.0047 -0.9990
vn 0.0437 0.0056 -0.9990
vn 0.8648 0.1130 -0.4892
vn 0.8640 0.1193 -0.4891
vn 0.6349 0.6086 0.4759
vn 0.6388 0.6045 0.4760
vn 0.0324 0.0305 0.9990
vn 0.0330 0.0299 0.9990
vn 0.1398 0.0660 0.9880
vn 0.1353 0.0639 0.9887
vn 0.5280 0.2350 0.8161
vn 0.5402 0.2400 0.8066
vn 0.0330 0.0299 -0.9990
vn 0.0324 0.0305 -0.9990
vn 0.6388 0.6045 -0.4760
vn 0.6349 0.6086 -0.4759
vn 0.2016 0.8549 0.4780
vn 0.2159 0.8516 0.4776
vn 0.0104 0.0415 0.9991
vn 0.0117 0.0414 0.9991
vn -0.8367 0.5477 0.0000
vn 0.0117 0.0414 -0.9991
vn 0.0104 0.0415 -0.9991
vn 0.2159 0.8516 -0.4776
vn 0.2016 0.8549 -0.4780
vn -0.3545 0.3647 0.8610
vn -0.3480 0.3682 0.8622
vn -0.1398 0.4823 0.8648
vn -0.1318 0.4868 0.8635
vn 0.8735 0.3729 -0.3130
vn 0.5280 0.2350 -0.8161
vn 0.5402 0.2400 -0.8066
vn 0.8761 0.3738 -0.3044
vn 0.1068 -0.4795 0.8710
vn 0.0917 -0.4854 0.8695
vn 0.3733 -0.3285 0.8676
vn 0.3619 -0.3370 0.8692
vn 0.8735 0.3729 0.3130
vn 0.8761 0.3738 0.3044
vn -0.3480 0.3682 -0.8622
vn -0.3545 0.3647 -0.8610
vn -0.1318 0.4868 -0.8635
vn -0.1398 0.4823 -0.8648
vn 0.4601 -0.8870 -0.0407
vn 0.4631 -0.8854 -0.0406
vn 0.5282 -0.8482 -0.0406
vn 0.5362 -0.8431 -0.0407
vn -0.4747 0.8793 -0.0385
vn -0.4736 0.8799 -0.0389
vn -0.5250 0.8502 -0.0390
vn -0.5180 0.8545 -0.0385
vn -0.4736 0.8799 0.0389
vn -0.4747 0.8793 0.0385
vn -0.5180 0.8545 0.0386
vn -0.5250 0.8502 0.0390
vn 0.4631 -0.8854 0.0406
vn 0.4601 -0.8870 0.0407
vn 0.5362 -0.8431 0.0407
vn 0.5282 -0.8482 0.0406
vn 0.0917 -0.4854 -0.8695
vn 0.1068 -0.4795 -0.8710
vn 0.3619 -0.3370 -0.8692
vn 0.3733 -0.3285 -0.8676
vn -0.2824 -0.6400 0.7146
vn -0.2850 -0.6409 0.7128
vn 0.3944 -0.9183 0.0341
vn 0.3964 -0.9175 0.0344
vn -0.4824 -0.3251 -0.8134
vn -0.4867 -0.3282 -0.8096
vn -0.7820 -0.5412 -0.3091
vn -0.7820 -0.5412 -0.3092
vn -0.4430 0.8959 0.0344
vn -0.4440 0.8954 0.0347
vn -0.6687 0.2455 0.7018
vn -0.6702 0.2450 0.7006
vn -0.6154 -0.7420 0.2661
vn -0.6143 -0.7417 0.2692
vn 0.3215 -0.9468 0.0133
vn 0.3222 -0.9466 0.0137
vn 0.1398 0.0660 -0.9880
vn 0.1353 0.0639 -0.9887
vn -0.1274 -0.0825 -0.9884
vn -0.1281 -0.0829 -0.9883
vn -0.3995 0.9166 0.0137
vn -0.4001 0.9164 0.0142
vn -0.9486 0.1632 0.2711
vn -0.9476 0.1635 0.2746
vn -0.6154 -0.7420 -0.2661
vn -0.6143 -0.7417 -0.2692
vn 0.3215 -0.9468 -0.0133
vn 0.3222 -0.9466 -0.0137
vn -0.1281 -0.0829 0.9883
vn -0.1274 -0.0825 0.9884
vn -0.3995 0.9166 -0.0137
vn -0.4001 0.9164 -0.0142
vn -0.9486 0.1632 -0.2711
vn -0.9476 0.1635 -0.2746
vn -0.2824 -0.6400 -0.7146
vn -0.2850 -0.6409 -0.7128
vn 0.3944 -0.9183 -0.0341
vn 0.3964 -0.9175 -0.0344
vn -0.4430 0.8959 -0.0345
vn -0.4440 0.8954 -0.0347
vn -0.6687 0.2455 -0.7018
vn -0.6702 0.2450 -0.7006
vn 0.6968 -0.1009 -0.7101
vn 0.6962 -0.1013 -0.7106
vn 0.5929 -0.8045 -0.0342
vn 0.5926 -0.8048 -0.0344
vn -0.5515 0.8335 -0.0343
vn -0.5518 0.8333 -0.0345
vn 0.1461 0.6947 -0.7043
vn 0.1454 0.6942 -0.7049
vn 0.9561 0.0980 -0.2762
vn 0.9567 0.0985 -0.2738
vn 0.6065 -0.7949 -0.0136
vn 0.6065 -0.7950 -0.0138
vn -0.7820 -0.5412 0.3091
vn -0.7820 -0.5412 0.3092
vn -0.5369 0.8435 -0.0136
vn -0.5370 0.8435 -0.0139
vn 0.3910 0.8807 -0.2673
vn 0.3915 0.8812 -0.2650
vn 0.9561 0.0980 0.2762
vn 0.9567 0.0985 0.2738
vn 0.6065 -0.7949 0.0136
vn 0.6065 -0.7950 0.0138
vn -0.5369 0.8435 0.0136
vn -0.5370 0.8435 0.0139
vn 0.3910 0.8807 0.2673
vn 0.3915 0.8812 0.2650
vn 0.6968 -0.1009 0.7101
vn 0.6962 -0.1013 0.7106
vn 0.5929 -0.8045 0.0342
vn 0.5926 -0.8048 0.0344
vn -0.4824 -0.3251 0.8134
vn -0.4867 -0.3282 0.8096
vn -0.5515 0.8335 0.0343
vn -0.5518 0.8333 0.0345
vn 0.1461 0.6947 0.7043
vn 0.1454 0.6942 0.7049
vn -0.6482 0.5937 -0.4769
vn -0.6400 0.6017 -0.4779
vn -0.4567 0.7501 -0.4783
vn -0.4461 0.7571 -0.4772
vn 0.9580 0.2867 0.0000
vn 0.9477 -0.3190 0.0000
vn -0.6400 0.6017 0.4779
vn -0.6482 0.5937 0.4769
vn -0.4461 0.7571 0.4772
vn -0.4567 0.7501 0.4783
vn 0.0018 1.0000 0.0000
vn 0.6064 0.7952 0.0000
vn 0.4273 -0.7647 -0.4824
vn 0.4175 -0.7704 -0.4818
vn 0.6665 -0.5692 -0.4814
vn 0.6593 -0.5771 -0.4819
vn 0.0186 -0.0356 0.9992
vn 0.0194 -0.0348 0.9992
vn 0.0300 -0.0262 0.9992
vn 0.0309 -0.0257 0.9992
vn 0.0194 -0.0348 -0.9992
vn 0.0186 -0.0356 -0.9992
vn 0.0309 -0.0257 -0.9992
vn 0.0300 -0.0262 -0.9992
vn -0.0301 0.0273 -0.9992
vn -0.0291 0.0276 -0.9992
vn -0.0210 0.0341 -0.9992
vn -0.0203 0.0351 -0.9992
vn -0.0291 0.0276 0.9992
vn -0.0301 0.0273 0.9992
vn -0.0203 0.0351 0.9992
vn -0.0210 0.0341 0.9992
vn 0.4175 -0.7704 0.4818
vn 0.4273 -0.7647 0.4824
vn 0.6593 -0.5771 0.4819
vn 0.6665 -0.5692 0.4814
vn -0.8360 0.2800 0.4719
vn -0.8394 0.2702 0.4716
vn -0.0413 0.0136 0.9991
vn -0.0416 0.0129 0.9991
vn 0.0997 -0.9950 0.0000
vn -0.4894 -0.8721 0.0000
vn -0.0416 0.0129 -0.9991
vn -0.0413 0.0136 -0.9991
vn -0.8394 0.2702 -0.4716
vn -0.8360 0.2800 -0.4719
vn -0.8513 -0.2327 0.4703
vn -0.8520 -0.2302 0.4702
vn -0.0435 -0.0124 0.9990
vn -0.0436 -0.0122 0.9990
vn 0.7248 -0.6890 0.0000
vn 0.5234 -0.8521 0.0000
vn -0.0436 -0.0122 -0.9990
vn -0.0435 -0.0124 -0.9990
vn -0.8520 -0.2302 -0.4702
vn -0.8513 -0.2327 -0.4703
vn -0.5439 -0.6780 0.4944
vn -0.5461 -0.6763 0.4943
vn -0.0267 -0.0341 0.9991
vn -0.0268 -0.0340 0.9991
vn -0.4838 0.8752 0.0000
vn -0.7553 0.6554 0.0000
vn -0.0268 -0.0340 -0.9991
vn -0.0267 -0.0341 -0.9991
vn -0.5461 -0.6763 -0.4943
vn -0.5439 -0.6780 -0.4944
vn -0.0116 -0.8691 0.4945
vn -0.0005 -0.8693 0.4942
vn -0.0010 -0.0419 0.9991
vn -0.0001 -0.0418 0.9991
vn -0.0001 -0.0418 -0.9991
vn -0.0010 -0.0419 -0.9991
vn -0.0005 -0.8693 -0.4942
vn -0.0116 -0.8691 -0.4945
vn 0.8536 -0.1763 0.4902
vn 0.8518 -0.1850 0.4902
vn 0.0410 -0.0083 0.9991
vn 0.0408 -0.0090 0.9991
vn 0.0408 -0.0090 -0.9991
vn 0.0410 -0.0083 -0.9991
vn 0.8518 -0.1850 -0.4902
vn 0.8536 -0.1763 -0.4902
vn 0.7804 0.3921 0.4871
vn 0.7852 0.3823 0.4872
vn 0.0392 0.0187 0.9991
vn -0.9086 -0.4176 0.0000
vn 0.0392 0.0187 -0.9991
vn 0.7852 0.3823 -0.4872
vn 0.7804 0.3921 -0.4871
vn 0.4044 0.7801 0.4774
vn 0.4132 0.7754 0.4775
vn 0.0215 0.0397 0.9990
vn 0.1095 0.1069 0.9882
vn 0.1084 0.1058 0.9885
vn 0.4260 0.4032 0.8099
vn 0.4229 0.4004 0.8129
vn 0.0215 0.0397 -0.9990
vn 0.4132 0.7754 -0.4775
vn 0.4044 0.7801 -0.4774
vn -0.0922 0.8746 0.4760
vn -0.0843 0.8754 0.4759
vn -0.0041 0.0433 0.9991
vn -0.0034 0.0435 0.9990
vn -0.9753 0.2207 0.0000
vn -0.0034 0.0435 -0.9990
vn -0.0041 0.0433 -0.9991
vn -0.0843 0.8754 -0.4759
vn -0.0922 0.8746 -0.4760
vn -0.4441 0.2379 0.8639
vn -0.4375 0.2450 0.8652
vn -0.2731 0.4227 0.8641
vn -0.2659 0.4304 0.8626
vn 0.6975 0.6469 -0.3082
vn 0.4260 0.4032 -0.8099
vn 0.4229 0.4004 -0.8129
vn 0.6970 0.6466 -0.3100
vn 0.2464 -0.4295 0.8688
vn 0.2361 -0.4383 0.8673
vn 0.4505 -0.2081 0.8682
vn 0.4430 -0.2184 0.8695
vn 0.6975 0.6469 0.3082
vn 0.6970 0.6466 0.3100
vn -0.4375 0.2450 -0.8652
vn -0.4441 0.2379 -0.8638
vn -0.2659 0.4304 -0.8626
vn -0.2731 0.4227 -0.8641
vn 0.7021 -0.7108 -0.0422
vn 0.7077 -0.7053 -0.0416
vn 0.7461 -0.6645 -0.0431
vn 0.7473 -0.6630 -0.0439
vn -0.7163 0.6968 -0.0376
vn -0.7120 0.7012 -0.0374
vn -0.7380 0.6738 -0.0356
vn -0.7382 0.6736 -0.0360
vn -0.7120 0.7012 0.0374
vn -0.7163 0.6968 0.0376
vn -0.7382 0.6736 0.0360
vn -0.7380 0.6738 0.0356
vn 0.7077 -0.7053 0.0416
vn 0.7021 -0.7108 0.0422
vn 0.7473 -0.6630 0.0439
vn 0.7461 -0.6645 0.0431
vn 0.2361 -0.4383 -0.8673
vn 0.2464 -0.4295 -0.8688
vn 0.4430 -0.2184 -0.8695
vn 0.4505 -0.2081 -0.8682
vn -0.0550 -0.7040 0.7081
vn -0.0534 -0.7026 0.7096
vn 0.6532 -0.7563 0.0363
vn 0.6537 -0.7559 0.0366
vn -0.3777 -0.4504 -0.8090
vn -0.3734 -0.4452 -0.8138
vn -0.6044 -0.7339 -0.3099
vn -0.6048 -0.7345 -0.3079
vn -0.6906 0.7225 0.0321
vn -0.6905 0.7226 0.0322
vn -0.7088 0.0092 0.7054
vn -0.7072 0.0106 0.7070
vn -0.3026 -0.9131 0.2731
vn -0.3028 -0.9133 0.2725
vn 0.6345 -0.7728 0.0136
vn 0.6345 -0.7728 0.0138
vn 0.1095 0.1069 -0.9882
vn 0.1084 0.1058 -0.9885
vn -0.0984 -0.1141 -0.9886
vn -0.1003 -0.1163 -0.9881
vn -0.6970 0.7169 0.0136
vn -0.6970 0.7170 0.0139
vn -0.9440 -0.1914 0.2687
vn -0.9441 -0.1915 0.2682
vn -0.3026 -0.9131 -0.2731
vn -0.3028 -0.9133 -0.2725
vn 0.6345 -0.7728 -0.0136
vn 0.6345 -0.7728 -0.0138
vn -0.1003 -0.1163 0.9881
vn -0.0984 -0.1141 0.9886
vn -0.6970 0.7169 -0.0136
vn -0.6970 0.7170 -0.0139
vn -0.9440 -0.1914 -0.2687
vn -0.9441 -0.1915 -0.2682
vn -0.0550 -0.7040 -0.7081
vn -0.0534 -0.7026 -0.7096
vn 0.6532 -0.7563 -0.0363
vn 0.6537 -0.7559 -0.0366
vn -0.6906 0.7225 -0.0321
vn -0.6905 0.7226 -0.0322
vn -0.7088 0.0092 -0.7054
vn -0.7072 0.0106 -0.7070
vn 0.6966 0.0943 -0.7113
vn 0.6968 0.0946 -0.7110
vn 0.7825 -0.6214 -0.0381
vn 0.7819 -0.6223 -0.0384
vn -0.7497 0.6610 -0.0303
vn -0.7495 0.6613 -0.0304
vn -0.0503 0.7085 -0.7039
vn 0.8935 0.3601 -0.2682
vn 0.8931 0.3595 -0.2704
vn 0.8176 -0.5756 -0.0136
vn 0.8175 -0.5758 -0.0138
vn -0.6044 -0.7339 0.3099
vn -0.6048 -0.7345 0.3079
vn -0.7668 0.6417 -0.0136
vn -0.7668 0.6418 -0.0138
vn 0.1321 0.9536 -0.2707
vn 0.1316 0.9530 -0.2730
vn 0.8935 0.3601 0.2682
vn 0.8931 0.3595 0.2704
vn 0.8176 -0.5756 0.0136
vn 0.8175 -0.5758 0.0138
vn -0.7668 0.6417 0.0136
vn -0.7668 0.6418 0.0138
vn 0.1321 0.9536 0.2707
vn 0.1316 0.9530 0.2730
vn 0.6966 0.0943 0.7113
vn 0.6968 0.0946 0.7110
vn 0.7825 -0.6214 0.0381
vn 0.7819 -0.6223 0.0384
vn -0.3777 -0.4504 0.8090
vn -0.3734 -0.4452 0.8138
vn -0.7497 0.6610 0.0303
vn -0.7495 0.6613 0.0304
vn -0.0503 0.7085 0.7039
vn -0.7768 0.4064 -0.4810
vn -0.7705 0.4175 -0.4817
vn -0.6307 0.6101 -0.4797
vn -0.6236 0.6179 -0.4789
vn 0.8444 0.5358 0.0000
vn 0.9994 -0.0352 -0.0000
vn -0.7705 0.4175 0.4817
vn -0.7768 0.4064 0.4810
vn -0.6236 0.6179 0.4789
vn -0.6307 0.6101 0.4797
vn -0.2823 0.9593 0.0000
vn 0.3685 0.9296 0.0000
vn 0.6108 -0.6308 -0.4785
vn 0.6033 -0.6386 -0.4777
vn 0.7899 -0.3812 -0.4803
vn 0.7841 -0.3921 -0.4811
vn 0.0276 -0.0295 0.9992
vn 0.0280 -0.0286 0.9992
vn 0.0357 -0.0179 0.9992
vn 0.0365 -0.0171 0.9992
vn 0.0280 -0.0286 -0.9992
vn 0.0276 -0.0295 -0.9992
vn 0.0365 -0.0171 -0.9992
vn 0.0357 -0.0179 -0.9992
vn -0.0361 0.0181 -0.9992
vn -0.0351 0.0190 -0.9992
vn -0.0287 0.0277 -0.9992
vn -0.0284 0.0287 -0.9992
vn -0.0351 0.0190 0.9992
vn -0.0361 0.0181 0.9992
vn -0.0284 0.0287 0.9992
vn -0.0287 0.0277 0.9992
vn 0.6034 -0.6386 0.4777
vn 0.6108 -0.6308 0.4785
vn 0.7841 -0.3921 0.4811
vn 0.7899 -0.3812 0.4803
vn -0.8756 0.0475 0.4807
vn -0.8762 0.0376 0.4805
vn -0.0430 0.0017 0.9991
vn -0.0431 0.0010 0.9991
vn 0.3517 -0.9361 -0.0000
vn -0.2561 -0.9666 -0.0000
vn -0.0431 0.0010 -0.9991
vn -0.0430 0.0017 -0.9991
vn -0.8762 0.0376 -0.4805
vn -0.8756 0.0475 -0.4807
vn -0.7538 -0.4492 0.4795
vn -0.7515 -0.4531 0.4796
vn -0.0381 -0.0230 0.9990
vn -0.0377 -0.0236 0.9990
vn 0.8840 -0.4675 -0.0000
vn 0.7157 -0.6984 -0.0000
vn -0.0377 -0.0236 -0.9990
vn -0.0381 -0.0230 -0.9990
vn -0.7515 -0.4531 -0.4796
vn -0.7538 -0.4492 -0.4795
vn -0.3449 -0.8032 0.4857
vn -0.3405 -0.8050 0.4858
vn -0.0171 -0.0406 0.9990
vn -0.0164 -0.0409 0.9990
vn -0.7022 0.7120 0.0000
vn -0.8929 0.4503 0.0000
vn -0.0164 -0.0409 -0.9990
vn -0.0171 -0.0406 -0.9990
vn -0.3405 -0.8050 -0.4858
vn -0.3449 -0.8032 -0.4857
vn 0.2205 -0.8456 0.4861
vn 0.2313 -0.8428 0.4860
vn 0.0105 -0.0410 0.9991
vn 0.0114 -0.0407 0.9991
vn 0.0114 -0.0407 -0.9991
vn 0.0105 -0.0410 -0.9991
vn 0.2313 -0.8428 -0.4860
vn 0.2205 -0.8456 -0.4861
vn 0.8722 0.0472 0.4869
vn 0.8726 0.0396 0.4868
vn 0.0425 0.0026 0.9991
vn 0.0425 0.0019 0.9991
vn 0.0425 0.0019 -0.9991
vn 0.0425 0.0026 -0.9991
vn 0.8726 0.0396 -0.4868
vn 0.8722 0.0472 -0.4869
vn 0.6663 0.5642 0.4876
vn 0.6677 0.5625 0.4876
vn 0.0338 0.0282 0.9990
vn 0.0340 0.0279 0.9990
vn -0.7755 -0.6314 -0.0000
vn 0.0340 0.0279 -0.9990
vn 0.0338 0.0282 -0.9990
vn 0.6677 0.5625 -0.4876
vn 0.6663 0.5642 -0.4876
vn 0.2090 0.8533 0.4778
vn 0.2109 0.8528 0.4778
vn 0.0108 0.0432 0.9990
vn 0.0112 0.0431 0.9990
vn 0.0808 0.1297 0.9882
vn 0.0800 0.1284 0.9885
vn 0.3140 0.4898 0.8133
vn 0.3167 0.4938 0.8098
vn 0.0112 0.0431 -0.9990
vn 0.0108 0.0432 -0.9990
vn 0.2109 0.8528 -0.4778
vn 0.2090 0.8533 -0.4778
vn -0.3134 0.8193 0.4802
vn -0.3066 0.8219 0.4800
vn -0.0149 0.0400 0.9991
vn -0.0144 0.0403 0.9991
vn -0.9993 -0.0370 -0.0000
vn -0.0144 0.0403 -0.9991
vn -0.0149 0.0400 -0.9991
vn -0.3066 0.8219 -0.4800
vn -0.3134 0.8193 -0.4802
vn -0.4888 0.1233 0.8636
vn -0.4841 0.1321 0.8650
vn -0.3624 0.3465 0.8652
vn -0.3575 0.3549 0.8639
vn 0.5199 0.7956 -0.3109
vn 0.3140 0.4898 -0.8133
vn 0.3167 0.4938 -0.8098
vn 0.5206 0.7966 -0.3072
vn 0.3433 -0.3571 0.8687
vn 0.3355 -0.3679 0.8672
vn 0.4883 -0.0975 0.8672
vn 0.4829 -0.1100 0.8687
vn 0.5199 0.7956 0.3109
vn 0.5206 0.7966 0.3072
vn -0.4841 0.1321 -0.8650
vn -0.4888 0.1233 -0.8636
vn -0.3575 0.3549 -0.8639
vn -0.3624 0.3465 -0.8652
vn 0.8541 -0.5186 -0.0404
vn 0.8556 -0.5161 -0.0402
vn 0.8828 -0.4681 -0.0403
vn 0.8859 -0.4622 -0.0404
vn -0.8618 0.5057 -0.0388
vn -0.8614 0.5065 -0.0392
vn -0.8794 0.4744 -0.0392
vn -0.8771 0.4788 -0.0388
vn -0.8614 0.5065 0.0392
vn -0.8618 0.5057 0.0388
vn -0.8771 0.4788 0.0388
vn -0.8794 0.4744 0.0392
vn 0.8556 -0.5161 0.0402
vn 0.8541 -0.5186 0.0404
vn 0.8859 -0.4622 0.0404
vn 0.8828 -0.4681 0.0403
vn 0.3355 -0.3679 -0.8672
vn 0.3433 -0.3571 -0.8687
vn 0.4829 -0.1100 -0.8687
vn 0.4883 -0.0975 -0.8672
vn 0.1229 -0.6910 0.7123
vn 0.1216 -0.6929 0.7107
vn 0.8330 -0.5522 0.0342
vn 0.8333 -0.5518 0.0343
vn -0.2590 -0.5226 -0.8123
vn -0.2599 -0.5244 -0.8108
vn -0.4143 -0.8559 -0.3096
vn -0.4144 -0.8561 -0.3087
vn -0.8604 0.5084 0.0343
vn -0.8604 0.5084 0.0344
vn -0.6900 -0.1673 0.7042
vn -0.6911 -0.1689 0.7027
vn -0.0765 -0.9594 0.2713
vn -0.0765 -0.9595 0.2712
vn 0.8151 -0.5791 0.0136
vn 0.8152 -0.5790 0.0137
vn 0.0808 0.1297 -0.9882
vn 0.0800 0.1284 -0.9885
vn -0.0693 -0.1349 -0.9884
vn -0.0697 -0.1357 -0.9883
vn -0.8613 0.5079 0.0137
vn -0.8613 0.5079 0.0139
vn -0.8707 -0.4113 0.2696
vn -0.8707 -0.4113 0.2697
vn -0.0765 -0.9594 -0.2713
vn -0.0765 -0.9595 -0.2712
vn 0.8151 -0.5791 -0.0136
vn 0.8152 -0.5790 -0.0137
vn -0.0697 -0.1357 0.9883
vn -0.0693 -0.1349 0.9884
vn -0.8613 0.5079 -0.0137
vn -0.8613 0.5079 -0.0139
vn -0.8707 -0.4113 -0.2696
vn -0.8707 -0.4113 -0.2697
vn 0.1229 -0.6910 -0.7123
vn 0.1216 -0.6929 -0.7107
vn 0.8330 -0.5522 -0.0342
vn 0.8333 -0.5518 -0.0343
vn -0.8604 0.5084 -0.0343
vn -0.8604 0.5084 -0.0344
vn -0.6900 -0.1673 -0.7042
vn -0.6911 -0.1689 -0.7027
vn 0.6564 0.2513 -0.7113
vn 0.6568 0.2521 -0.7106
vn 0.9086 -0.4162 -0.0342
vn 0.9085 -0.4165 -0.0344
vn -0.8862 0.4620 -0.0342
vn -0.8863 0.4617 -0.0344
vn -0.2122 0.6774 -0.7044
vn -0.2118 0.6782 -0.7037
vn 0.7880 0.5503 -0.2760
vn 0.7884 0.5511 -0.2735
vn 0.9159 -0.4013 -0.0136
vn 0.9158 -0.4013 -0.0138
vn -0.4143 -0.8559 0.3096
vn -0.4144 -0.8561 0.3087
vn -0.8785 0.4775 -0.0136
vn -0.8785 0.4775 -0.0138
vn -0.0863 0.9597 -0.2676
vn -0.0860 0.9603 -0.2652
vn 0.7880 0.5503 0.2760
vn 0.7884 0.5511 0.2735
vn 0.9159 -0.4013 0.0136
vn 0.9158 -0.4013 0.0138
vn -0.8785 0.4775 0.0136
vn -0.8785 0.4775 0.0138
vn -0.0863 0.9597 0.2676
vn -0.0860 0.9603 0.2652
vn 0.6564 0.2513 0.7113
vn 0.6568 0.2521 0.7106
vn 0.9086 -0.4162 0.0342
vn 0.9085 -0.4165 0.0344
vn -0.2590 -0.5226 0.8123
vn -0.2599 -0.5244 0.8108
vn -0.8862 0.4620 0.0343
vn -0.8863 0.4617 0.0344
vn -0.2122 0.6774 0.7044
vn -0.2118 0.6782 0.7037
vn -0.8525 0.2120 -0.4778
vn -0.8493 0.2225 -0.4787
vn -0.7582 0.4439 -0.4776
vn -0.7517 0.4560 -0.4764
vn 0.6937 0.7202 0.0000
vn 0.9837 0.1801 0.0000
vn -0.8493 0.2225 0.4787
vn -0.8525 0.2120 0.4778
vn -0.7517 0.4560 0.4764
vn -0.7582 0.4439 0.4776
vn -0.4831 0.8756 0.0000
vn 0.1377 0.9905 0.0000
vn 0.7419 -0.4663 -0.4819
vn 0.7357 -0.4765 -0.4812
vn 0.8566 -0.1845 -0.4819
vn 0.8542 -0.1940 -0.4824
vn 0.0334 -0.0223 0.9992
vn 0.0337 -0.0212 0.9992
vn 0.0388 -0.0088 0.9992
vn 0.0393 -0.0080 0.9992
vn 0.0337 -0.0212 -0.9992
vn 0.0334 -0.0223 -0.9992
vn 0.0393 -0.0080 -0.9992
vn 0.0388 -0.0088 -0.9992
vn -0.0394 0.0095 -0.9992
vn -0.0387 0.0103 -0.9992
vn -0.0347 0.0201 -0.9992
vn -0.0346 0.0214 -0.9992
vn -0.0387 0.0103 0.9992
vn -0.0394 0.0095 0.9992
vn -0.0346 0.0214 0.9992
vn -0.0347 0.0201 0.9992
vn 0.7357 -0.4765 0.4812
vn 0.7419 -0.4663 0.4819
vn 0.8542 -0.1940 0.4824
vn 0.8566 -0.1845 0.4819
vn -0.8646 -0.1604 0.4762
vn -0.8633 -0.1680 0.4760
vn -0.0423 -0.0081 0.9991
vn -0.0423 -0.0087 0.9991
vn 0.5609 -0.8279 -0.0000
vn -0.0086 -1.0000 0.0000
vn -0.0423 -0.0087 -0.9991
vn -0.0423 -0.0081 -0.9991
vn -0.8633 -0.1680 -0.4760
vn -0.8646 -0.1604 -0.4762
vn -0.6226 -0.6225 0.4742
vn -0.6234 -0.6217 0.4742
vn -0.0315 -0.0320 0.9990
vn 0.9664 -0.2572 -0.0000
vn 0.8650 -0.5017 -0.0000
vn -0.0315 -0.0320 -0.9990
vn -0.6234 -0.6217 -0.4742
vn -0.6226 -0.6225 -0.4742
vn -0.1365 -0.8604 0.4910
vn -0.1377 -0.8602 0.4909
vn -0.0064 -0.0431 0.9990
vn -0.8444 0.5357 0.0000
vn -0.9760 0.2178 0.0000
vn -0.0065 -0.0431 -0.9990
vn -0.0064 -0.0431 -0.9990
vn -0.1377 -0.8602 -0.4909
vn -0.1365 -0.8604 -0.4910
vn 0.4136 -0.7669 0.4907
vn 0.4206 -0.7631 0.4906
vn 0.0197 -0.0374 0.9991
vn 0.0202 -0.0370 0.9991
vn 0.0202 -0.0370 -0.9991
vn 0.0197 -0.0374 -0.9991
vn 0.4206 -0.7631 -0.4906
vn 0.4136 -0.7669 -0.4907
vn 0.8313 0.2553 0.4937
vn 0.8341 0.2463 0.4936
vn 0.0398 0.0124 0.9991
vn 0.0400 0.0116 0.9991
vn 0.0400 0.0116 -0.9991
vn 0.0398 0.0124 -0.9991
vn 0.8341 0.2463 -0.4936
vn 0.8313 0.2553 -0.4937
vn 0.4869 0.7237 0.4890
vn 0.4958 0.7176 0.4892
vn 0.0251 0.0356 0.9991
vn 0.0253 0.0354 0.9991
vn -0.5949 -0.8038 0.0000
vn 0.0253 0.0354 -0.9991
vn 0.0251 0.0356 -0.9991
vn 0.4958 0.7176 -0.4892
vn 0.4869 0.7237 -0.4890
vn -0.0300 0.8793 0.4754
vn -0.0202 0.8795 0.4756
vn -0.0007 0.0452 0.9990
vn -0.0003 0.0452 0.9990
vn 0.0437 0.1473 0.9881
vn 0.0430 0.1449 0.9885
vn 0.1766 0.5583 0.8106
vn 0.1760 0.5564 0.8121
vn -0.0003 0.0452 -0.9990
vn -0.0007 0.0452 -0.9990
vn -0.0202 0.8795 -0.4756
vn -0.0300 0.8793 -0.4754
vn -0.5015 0.7249 0.4723
vn -0.4948 0.7295 0.4722
vn -0.0245 0.0362 0.9990
vn -0.0239 0.0367 0.9990
vn -0.9628 -0.2701 0.0000
vn -0.0239 0.0367 -0.9990
vn -0.0245 0.0362 -0.9990
vn -0.4948 0.7295 -0.4722
vn -0.5015 0.7249 -0.4723
vn -0.5047 -0.0092 0.8633
vn -0.5023 0.0007 0.8647
vn -0.4530 0.2211 0.8637
vn -0.4511 0.2304 0.8622
vn 0.2975 0.9039 -0.3073
vn 0.1766 0.5583 -0.8106
vn 0.1760 0.5564 -0.8121
vn 0.2971 0.9029 -0.3106
vn 0.4240 -0.2546 0.8691
vn 0.4194 -0.2669 0.8677
vn 0.4921 0.0560 0.8688
vn 0.4909 0.0420 0.8702
vn 0.2975 0.9039 0.3073
vn 0.2971 0.9029 0.3106
vn -0.5023 0.0007 -0.8647
vn -0.5047 -0.0092 -0.8633
vn -0.4511 0.2304 -0.8622
vn -0.4530 0.2211 -0.8637
vn 0.9604 -0.2748 -0.0467
vn 0.9623 -0.2681 -0.0454
vn 0.9819 -0.1834 -0.0474
vn 0.9833 -0.1755 -0.0489
vn -0.9659 0.2569 -0.0338
vn -0.9645 0.2621 -0.0329
vn -0.9814 0.1893 -0.0308
vn -0.9801 0.1957 -0.0320
vn -0.9645 0.2621 0.0329
vn -0.9659 0.2569 0.0338
vn -0.9801 0.1957 0.0320
vn -0.9814 0.1893 0.0308
vn 0.9623 -0.2681 0.0454
vn 0.9604 -0.2748 0.0467
vn 0.9833 -0.1755 0.0489
vn 0.9819 -0.1834 0.0474
vn 0.4194 -0.2669 -0.8677
vn 0.4240 -0.2546 -0.8691
vn 0.4909 0.0420 -0.8702
vn 0.4921 0.0560 -0.8688
vn 0.2914 -0.6428 0.7084
vn 0.2921 -0.6408 0.7099
vn 0.9372 -0.3465 0.0405
vn 0.9375 -0.3455 0.0409
vn -0.0778 -0.5792 -0.8115
vn -0.0778 -0.5797 -0.8111
vn -0.1105 -0.9451 -0.3075
vn -0.1104 -0.9442 -0.3103
vn -0.9539 0.2990 0.0279
vn -0.9539 0.2987 0.0279
vn -0.6255 -0.3344 0.7049
vn -0.6247 -0.3323 0.7066
vn 0.1727 -0.9468 0.2715
vn 0.1727 -0.9467 0.2719
vn 0.9243 -0.3814 0.0135
vn 0.9243 -0.3813 0.0138
vn 0.0437 0.1473 -0.9881
vn 0.0430 0.1449 -0.9885
vn -0.0237 -0.1485 -0.9886
vn -0.0244 -0.1526 -0.9880
vn -0.9529 0.3031 0.0136
vn -0.9528 0.3032 0.0139
vn -0.7362 -0.6209 0.2693
vn -0.7361 -0.6207 0.2698
vn 0.1727 -0.9468 -0.2715
vn 0.1727 -0.9467 -0.2719
vn 0.9243 -0.3814 -0.0135
vn 0.9243 -0.3813 -0.0138
vn -0.0244 -0.1526 0.9880
vn -0.0237 -0.1485 0.9886
vn -0.9529 0.3031 -0.0136
vn -0.9528 0.3032 -0.0139
vn -0.7362 -0.6209 -0.2693
vn -0.7361 -0.6207 -0.2698
vn 0.2914 -0.6428 -0.7084
vn 0.2921 -0.6408 -0.7099
vn 0.9372 -0.3465 -0.0405
vn 0.9375 -0.3455 -0.0409
vn -0.9539 0.2990 -0.0279
vn -0.9539 0.2987 -0.0279
vn -0.6255 -0.3344 -0.7049
vn -0.6247 -0.3323 -0.7066
vn 0.5324 0.4565 -0.7128
vn 0.5324 0.4564 -0.7129
vn 0.9952 -0.0885 -0.0424
vn 0.9950 -0.0904 -0.0431
vn -0.9899 0.1391 -0.0260
vn -0.9898 0.1398 -0.0259
vn -0.4284 0.5691 -0.7018
vn -0.4284 0.5688 -0.7021
vn 0.5457 0.7914 -0.2754
vn 0.5457 0.7919 -0.2740
vn 0.9989 -0.0456 -0.0135
vn 0.9989 -0.0457 -0.0139
vn -0.1105 -0.9451 0.3075
vn -0.1104 -0.9442 0.3103
vn -0.9916 0.1290 -0.0136
vn -0.9916 0.1288 -0.0140
vn -0.4167 0.8689 -0.2671
vn -0.4167 0.8693 -0.2659
vn 0.5457 0.7914 0.2754
vn 0.5457 0.7919 0.2740
vn 0.9989 -0.0456 0.0135
vn 0.9989 -0.0457 0.0139
vn -0.9916 0.1290 0.0136
vn -0.9916 0.1288 0.0140
vn -0.4167 0.8689 0.2671
vn -0.4167 0.8693 0.2659
vn 0.5324 0.4565 0.7128
vn 0.5324 0.4564 0.7129
vn 0.9952 -0.0885 0.0424
vn 0.9950 -0.0904 0.0431
vn -0.0778 -0.5792 0.8115
vn -0.0778 -0.5797 0.8111
vn -0.9899 0.1391 0.0260
vn -0.9898 0.1398 0.0259
vn -0.4284 0.5691 0.7018
vn -0.4284 0.5688 0.7021
vn -0.8746 -0.0872 -0.4769
vn -0.8753 -0.0739 -0.4779
vn -0.8564 0.2022 -0.4751
vn -0.8531 0.2198 -0.4732
vn 0.4143 0.9102 -0.0000
vn 0.8540 0.5203 -0.0000
vn -0.8753 -0.0739 0.4779
vn -0.8746 -0.0872 0.4769
vn -0.8531 0.2198 0.4732
vn -0.8564 0.2022 0.4751
vn -0.7636 0.6457 -0.0000
vn -0.1999 0.9798 -0.0000
vn 0.8553 -0.1923 -0.4812
vn 0.8532 -0.2029 -0.4806
vn 0.8723 0.0707 -0.4838
vn 0.8726 0.0658 -0.4840
vn 0.0391 -0.0098 0.9992
vn 0.0389 -0.0088 0.9992
vn 0.0395 0.0030 0.9992
vn 0.0396 0.0034 0.9992
vn 0.0389 -0.0088 -0.9992
vn 0.0391 -0.0098 -0.9992
vn 0.0396 0.0034 -0.9992
vn 0.0395 0.0030 -0.9992
vn -0.0403 -0.0043 -0.9992
vn -0.0400 -0.0032 -0.9992
vn -0.0394 0.0091 -0.9992
vn -0.0398 0.0109 -0.9991
vn -0.0400 -0.0032 0.9992
vn -0.0403 -0.0043 0.9992
vn -0.0398 0.0109 0.9991
vn -0.0394 0.0091 0.9992
vn 0.8532 -0.2029 0.4806
vn 0.8553 -0.1923 0.4812
vn 0.8726 0.0658 0.4840
vn 0.8723 0.0707 0.4838
vn -0.7621 -0.4470 0.4684
vn -0.7561 -0.4572 0.4682
vn -0.0376 -0.0227 0.9990
vn -0.0372 -0.0237 0.9990
vn 0.7791 -0.6269 0.0000
vn 0.2948 -0.9556 0.0000
vn -0.0372 -0.0237 -0.9990
vn -0.0376 -0.0227 -0.9990
vn -0.7561 -0.4572 -0.4682
vn -0.7621 -0.4470 -0.4684
vn -0.4106 -0.7793 0.4734
vn -0.4002 -0.7845 0.4737
vn -0.0202 -0.0407 0.9990
vn -0.0197 -0.0409 0.9990
vn 0.9971 0.0764 0.0000
vn 0.9725 -0.2331 0.0000
vn -0.0197 -0.0409 -0.9990
vn -0.0202 -0.0407 -0.9990
vn -0.4002 -0.7845 -0.4737
vn -0.4106 -0.7793 -0.4734
vn 0.1222 -0.8629 0.4904
vn 0.1349 -0.8608 0.4907
vn 0.0072 -0.0428 0.9991
vn 0.0078 -0.0426 0.9991
vn -0.9742 0.2259 -0.0000
vn -0.9975 -0.0713 0.0000
vn 0.0078 -0.0426 -0.9991
vn 0.0072 -0.0428 -0.9991
vn 0.1349 -0.8608 -0.4907
vn 0.1222 -0.8629 -0.4904
vn 0.6425 -0.5836 0.4967
vn 0.6524 -0.5725 0.4966
vn 0.0307 -0.0280 0.9991
vn 0.0315 -0.0270 0.9991
vn 0.0315 -0.0270 -0.9991
vn 0.0307 -0.0280 -0.9991
vn 0.6524 -0.5725 -0.4966
vn 0.6425 -0.5836 -0.4967
vn 0.7263 0.4736 0.4982
vn 0.7287 0.4699 0.4981
vn 0.0341 0.0228 0.9992
vn 0.0344 0.0223 0.9992
vn 0.0344 0.0223 -0.9992
vn 0.0341 0.0228 -0.9992
vn 0.7287 0.4699 -0.4981
vn 0.7263 0.4736 -0.4982
vn 0.2857 0.8228 0.4913
vn 0.2751 0.8266 0.4910
vn 0.0144 0.0408 0.9991
vn 0.0133 0.0412 0.9991
vn -0.3230 -0.9464 0.0000
vn 0.0133 0.0412 -0.9991
vn 0.0144 0.0408 -0.9991
vn 0.2751 0.8266 -0.4910
vn 0.2857 0.8228 -0.4913
vn -0.2555 0.8434 0.4726
vn -0.2652 0.8406 0.4723
vn -0.0130 0.0436 0.9990
vn -0.0142 0.0433 0.9990
vn -0.0142 0.0433 -0.9990
vn -0.0130 0.0436 -0.9990
vn -0.2652 0.8406 -0.4723
vn -0.2555 0.8434 -0.4726
vn -0.6867 0.5563 0.4679
vn -0.6844 0.5592 0.4679
vn -0.0344 0.0282 0.9990
vn -0.0342 0.0285 0.9990
vn -0.8419 -0.5396 0.0000
vn -0.0342 0.0285 -0.9990
vn -0.0344 0.0282 -0.9990
vn -0.6844 0.5592 -0.4679
vn -0.6867 0.5563 -0.4679
vn -1.0000 0.0000 0.0000
vn 0.3827 -0.0000 -0.9239
vn -0.3827 0.0000 -0.9239
vn -0.3827 0.0000 0.9239
vn 0.3827 -0.0000 0.9239
vn 1.0000 -0.0000 0.0000
usemtl KayKit_Texture_A
s 1
f 18/1/1 19/2/1 12/3/2 9/4/2
f 22/5/3 23/6/3 20/7/3 17/8/3
f 8/9/4 15/10/4 16/11/4
f 7/12/4 11/13/4 12/14/4
f 10/15/5 11/16/5 16/17/5 13/18/5
f 14/19/6 15/20/6 24/21/7 21/22/7
f 9/4/2 12/3/2 11/16/8 10/15/8
f 15/20/6 14/19/6 13/18/9 16/17/9
f 23/6/10 22/5/10 21/22/7 24/21/7
f 19/2/1 18/1/1 17/8/11 20/7/11
f 4/23/12 21/22/12 22/5/12
f 7/12/4 8/9/4 16/11/4 11/13/4
f 3/24/12 4/23/12 22/5/12 17/8/12
f 18/1/12 3/24/12 17/8/12
f 24/25/4 15/10/4 8/9/4 6/26/4
f 5/27/4 6/26/4 8/9/4 7/12/4
f 5/27/4 7/12/4 12/14/4 19/28/4
f 23/29/4 24/25/4 6/26/4
f 20/30/4 5/27/4 19/28/4
f 20/30/4 23/29/4 6/26/4 5/27/4
f 14/19/12 21/22/12 4/23/12 2/31/12
f 9/4/12 10/15/12 1/32/12
f 1/32/12 2/31/12 4/23/12 3/24/12
f 13/18/12 14/19/12 2/31/12
f 10/15/12 13/18/12 2/31/12 1/32/12
f 18/1/12 9/4/12 1/32/12 3/24/12
f 57/33/13 55/34/13 49/35/14 53/36/15
f 55/34/16 58/37/16 50/38/17 49/35/18
f 46/39/19 47/40/19 43/41/20 42/42/20
f 64/43/21 61/44/21 29/45/22 25/46/23
f 60/47/24 63/48/24 26/49/25 27/50/26
f 61/44/27 62/51/27 28/52/28 29/45/29
f 56/53/30 57/33/30 53/36/31 52/54/32
f 58/37/33 59/55/33 51/56/34 50/38/35
f 63/48/36 64/43/36 25/46/37 26/49/38
f 25/46/37 30/57/39 31/58/39 26/49/38
f 26/49/25 31/58/40 32/59/40 27/50/26
f 51/56/41 52/54/41 47/40/19 46/39/19
f 28/52/28 33/60/42 34/61/42 29/45/29
f 29/45/22 34/61/43 30/57/43 25/46/23
f 30/57/39 35/62/44 36/63/44 31/58/39
f 31/58/40 36/63/45 37/64/45 32/59/40
f 42/42/20 43/41/20 38/65/46 37/64/46
f 33/60/42 38/65/47 39/66/47 34/61/42
f 34/61/43 39/66/48 35/62/48 30/57/43
f 35/62/44 40/67/49 41/68/49 36/63/44
f 36/63/45 41/68/50 42/42/50 37/64/45
f 60/47/5 27/50/51 28/52/51 62/51/5
f 38/65/47 43/41/52 44/69/52 39/66/47
f 39/66/48 44/69/53 40/67/53 35/62/48
f 40/67/49 45/70/54 54/71/54 41/68/49
f 41/68/50 54/71/55 46/39/55 42/42/50
f 32/59/56 33/60/56 28/52/51 27/50/51
f 43/41/52 47/40/57 48/72/57 44/69/52
f 44/69/53 48/72/58 45/70/58 40/67/53
f 45/70/54 49/35/18 50/38/17 54/71/54
f 54/71/55 50/38/35 51/56/34 46/39/55
f 37/64/46 38/65/46 33/60/56 32/59/56
f 47/40/57 52/54/32 53/36/31 48/72/57
f 48/72/58 53/36/15 49/35/14 45/70/58
f 59/55/3 56/53/3 52/54/41 51/56/41
f 74/73/59 70/74/60 119/75/61 123/76/62
f 83/77/63 78/78/64 77/79/64 82/80/63
f 70/74/65 71/81/66 120/82/67 119/75/68
f 93/83/69 88/84/70 87/85/70 92/86/69
f 65/87/71 69/88/72 99/89/73 95/90/74
f 67/91/75 66/92/76 96/93/77 97/94/78
f 69/88/79 68/95/80 98/96/81 99/89/82
f 73/97/83 74/73/84 123/76/85 122/98/86
f 71/81/87 72/99/88 121/100/89 120/82/90
f 66/92/91 65/87/92 95/90/93 96/93/94
f 70/74/65 75/101/95 76/102/96 71/81/66
f 71/81/87 76/102/97 77/79/98 72/99/88
f 116/103/99 117/104/99 113/105/100 112/106/100
f 73/97/83 78/78/101 79/107/102 74/73/84
f 74/73/59 79/107/103 75/101/104 70/74/60
f 75/101/95 80/108/105 81/109/106 76/102/96
f 76/102/97 81/109/107 82/80/108 77/79/98
f 72/99/109 73/97/109 122/98/110 121/100/110
f 78/78/101 83/77/111 84/110/112 79/107/102
f 79/107/103 84/110/113 80/108/114 75/101/104
f 80/108/105 85/111/115 86/112/116 81/109/106
f 81/109/107 86/112/117 87/85/118 82/80/108
f 67/91/119 97/94/120 98/96/120 68/95/119
f 83/77/111 88/84/121 89/113/122 84/110/112
f 84/110/113 89/113/123 85/111/124 80/108/114
f 85/111/115 90/114/125 91/115/126 86/112/116
f 86/112/117 91/115/127 92/86/128 87/85/118
f 77/79/64 78/78/64 73/97/109 72/99/109
f 88/84/121 93/83/129 94/116/130 89/113/122
f 89/113/123 94/116/131 90/114/132 85/111/124
f 90/114/125 65/87/92 66/92/91 91/115/126
f 91/115/127 66/92/76 67/91/75 92/86/128
f 87/85/70 88/84/70 83/77/63 82/80/63
f 93/83/129 68/95/80 69/88/79 94/116/130
f 94/116/131 69/88/72 65/87/71 90/114/132
f 95/90/93 100/117/133 101/118/134 96/93/94
f 96/93/77 101/118/135 102/119/136 97/94/78
f 121/100/110 122/98/110 117/104/99 116/103/99
f 98/96/81 103/120/137 104/121/138 99/89/82
f 99/89/73 104/121/139 100/117/140 95/90/74
f 100/117/133 105/122/141 106/123/142 101/118/134
f 101/118/135 106/123/143 107/124/144 102/119/136
f 112/106/100 113/105/100 108/125/145 107/124/145
f 103/120/137 108/125/146 109/126/147 104/121/138
f 104/121/139 109/126/148 105/122/149 100/117/140
f 105/122/141 110/127/150 111/128/151 106/123/142
f 106/123/143 111/128/152 112/106/153 107/124/144
f 127/129/154 128/130/155 153/131/156 152/132/157
f 108/125/146 113/105/158 114/133/159 109/126/147
f 109/126/148 114/133/160 110/127/161 105/122/149
f 110/127/150 115/134/162 124/135/163 111/128/151
f 111/128/152 124/135/164 116/103/165 112/106/153
f 102/119/166 103/120/166 98/96/120 97/94/120
f 113/105/158 117/104/167 118/136/168 114/133/159
f 114/133/160 118/136/169 115/134/170 110/127/161
f 115/134/162 119/75/68 120/82/67 124/135/163
f 124/135/164 120/82/90 121/100/89 116/103/165
f 107/124/145 108/125/145 103/120/166 102/119/166
f 117/104/167 122/98/86 123/76/85 118/136/168
f 118/136/169 123/76/62 119/75/61 115/134/170
f 134/137/171 130/138/172 179/139/173 183/140/174
f 143/141/175 138/142/176 137/143/177 142/144/178
f 130/138/179 131/145/180 180/146/181 179/139/182
f 153/131/156 148/147/183 147/148/184 152/132/157
f 125/149/185 129/150/186 159/151/187 155/152/188
f 127/129/189 126/153/190 156/154/191 157/155/192
f 129/150/193 128/130/194 158/156/195 159/151/196
f 133/157/197 134/137/198 183/140/199 182/158/200
f 131/145/201 132/159/202 181/160/203 180/146/204
f 126/153/205 125/149/206 155/152/207 156/154/208
f 130/138/179 135/161/209 136/162/210 131/145/180
f 131/145/201 136/162/211 137/143/212 132/159/202
f 176/163/213 177/164/214 173/165/215 172/166/216
f 133/157/197 138/142/217 139/167/218 134/137/198
f 134/137/171 139/167/219 135/161/220 130/138/172
f 135/161/209 140/168/221 141/169/222 136/162/210
f 136/162/211 141/169/223 142/144/224 137/143/212
f 132/159/225 133/157/226 182/158/227 181/160/228
f 138/142/217 143/141/229 144/170/230 139/167/218
f 139/167/219 144/170/231 140/168/232 135/161/220
f 140/168/221 145/171/233 146/172/234 141/169/222
f 141/169/223 146/172/235 147/148/236 142/144/224
f 127/129/154 157/155/237 158/156/238 128/130/155
f 143/141/229 148/147/239 149/173/240 144/170/230
f 144/170/231 149/173/241 145/171/242 140/168/232
f 145/171/233 150/174/243 151/175/244 146/172/234
f 146/172/235 151/175/245 152/132/246 147/148/236
f 137/143/177 138/142/176 133/157/226 132/159/225
f 148/147/239 153/131/247 154/176/248 149/173/240
f 149/173/241 154/176/249 150/174/250 145/171/242
f 150/174/243 125/149/206 126/153/205 151/175/244
f 151/175/245 126/153/190 127/129/189 152/132/246
f 147/148/184 148/147/183 143/141/175 142/144/178
f 153/131/247 128/130/194 129/150/193 154/176/248
f 154/176/249 129/150/186 125/149/185 150/174/250
f 155/152/207 160/177/251 161/178/252 156/154/208
f 156/154/191 161/178/253 162/179/254 157/155/192
f 181/160/228 182/158/227 177/164/214 176/163/213
f 158/156/195 163/180/255 164/181/256 159/151/196
f 159/151/187 164/181/257 160/177/258 155/152/188
f 160/177/251 165/182/259 166/183/260 161/178/252
f 161/178/253 166/183/261 167/184/262 162/179/254
f 172/166/216 173/165/215 168/185/263 167/184/264
f 163/180/255 168/185/265 169/186/266 164/181/256
f 164/181/257 169/186/267 165/182/268 160/177/258
f 165/182/259 170/187/269 171/188/270 166/183/260
f 166/183/261 171/188/271 172/166/272 167/184/262
f 168/185/265 173/165/273 174/189/274 169/186/266
f 169/186/267 174/189/275 170/187/276 165/182/268
f 170/187/269 175/190/277 184/191/278 171/188/270
f 171/188/271 184/191/279 176/163/280 172/166/272
f 162/179/281 163/180/282 158/156/238 157/155/237
f 173/165/273 177/164/283 178/192/284 174/189/274
f 174/189/275 178/192/285 175/190/286 170/187/276
f 175/190/277 179/139/182 180/146/181 184/191/278
f 184/191/279 180/146/204 181/160/203 176/163/280
f 167/184/264 168/185/263 163/180/282 162/179/281
f 177/164/283 182/158/200 183/140/199 178/192/284
f 178/192/285 183/140/174 179/139/173 175/190/286
f 67/91/119 68/95/119 93/83/69 92/86/69
f 194/193/287 190/194/288 239/195/289 243/196/290
f 203/197/291 198/198/292 197/199/292 202/200/291
f 190/194/293 191/201/294 240/202/295 239/195/296
f 213/203/297 208/204/298 207/205/298 212/206/297
f 185/207/299 189/208/300 219/209/301 215/210/302
f 187/211/303 186/212/304 216/213/305 217/214/306
f 189/208/307 188/215/308 218/216/309 219/209/310
f 193/217/311 194/193/312 243/196/313 242/218/314
f 191/201/315 192/219/316 241/220/317 240/202/318
f 186/212/319 185/207/320 215/210/321 216/213/322
f 190/194/293 195/221/323 196/222/324 191/201/294
f 191/201/315 196/222/325 197/199/326 192/219/316
f 236/223/327 237/224/327 233/225/328 232/226/328
f 193/217/311 198/198/329 199/227/330 194/193/312
f 194/193/287 199/227/331 195/221/332 190/194/288
f 195/221/323 200/228/333 201/229/334 196/222/324
f 196/222/325 201/229/335 202/200/336 197/199/326
f 192/219/337 193/217/337 242/218/338 241/220/338
f 198/198/329 203/197/339 204/230/340 199/227/330
f 199/227/331 204/230/341 200/228/342 195/221/332
f 200/228/333 205/231/343 206/232/344 201/229/334
f 201/229/335 206/232/345 207/205/346 202/200/336
f 187/211/347 217/214/348 218/216/348 188/215/347
f 203/197/339 208/204/349 209/233/350 204/230/340
f 204/230/341 209/233/351 205/231/352 200/228/342
f 205/231/343 210/234/353 211/235/354 206/232/344
f 206/232/345 211/235/355 212/206/356 207/205/346
f 197/199/292 198/198/292 193/217/337 192/219/337
f 208/204/349 213/203/357 214/236/358 209/233/350
f 209/233/351 214/236/359 210/234/360 205/231/352
f 210/234/353 185/207/320 186/212/319 211/235/354
f 211/235/355 186/212/304 187/211/303 212/206/356
f 207/205/298 208/204/298 203/197/291 202/200/291
f 213/203/357 188/215/308 189/208/307 214/236/358
f 214/236/359 189/208/300 185/207/299 210/234/360
f 215/210/321 220/237/361 221/238/362 216/213/322
f 216/213/305 221/238/363 222/239/364 217/214/306
f 241/220/338 242/218/338 237/224/327 236/223/327
f 218/216/309 223/240/365 224/241/366 219/209/310
f 219/209/301 224/241/367 220/237/368 215/210/302
f 220/237/361 225/242/369 226/243/370 221/238/362
f 221/238/363 226/243/371 227/244/371 222/239/364
f 232/226/328 233/225/328 228/245/372 227/244/372
f 223/240/365 228/245/373 229/246/373 224/241/366
f 224/241/367 229/246/374 225/242/375 220/237/368
f 225/242/369 230/247/376 231/248/377 226/243/370
f 226/243/371 231/248/378 232/226/378 227/244/371
f 247/249/379 248/250/380 273/251/381 272/252/382
f 228/245/373 233/225/383 234/253/383 229/246/373
f 229/246/374 234/253/384 230/247/385 225/242/375
f 230/247/376 235/254/386 244/255/387 231/248/377
f 231/248/378 244/255/388 236/223/389 232/226/378
f 222/239/390 223/240/390 218/216/348 217/214/348
f 233/225/383 237/224/391 238/256/392 234/253/383
f 234/253/384 238/256/393 235/254/394 230/247/385
f 235/254/386 239/195/296 240/202/295 244/255/387
f 244/255/388 240/202/318 241/220/317 236/223/389
f 227/244/372 228/245/372 223/240/390 222/239/390
f 237/224/391 242/218/314 243/196/313 238/256/392
f 238/256/393 243/196/290 239/195/289 235/254/394
f 254/257/395 250/258/396 299/259/397 303/260/398
f 263/261/399 258/262/400 257/263/401 262/264/402
f 250/258/403 251/265/404 300/266/405 299/259/406
f 273/251/381 268/267/407 267/268/408 272/252/382
f 245/269/409 249/270/410 279/271/411 275/272/412
f 247/249/413 246/273/414 276/274/415 277/275/416
f 249/270/417 248/250/418 278/276/419 279/271/420
f 253/277/421 254/257/422 303/260/423 302/278/424
f 251/265/425 252/279/426 301/280/427 300/266/428
f 246/273/429 245/269/430 275/272/431 276/274/432
f 250/258/403 255/281/433 256/282/434 251/265/404
f 251/265/425 256/282/435 257/263/436 252/279/426
f 296/283/437 297/284/438 293/285/439 292/286/440
f 253/277/421 258/262/441 259/287/442 254/257/422
f 254/257/395 259/287/443 255/281/444 250/258/396
f 255/281/433 260/288/445 261/289/446 256/282/434
f 256/282/435 261/289/447 262/264/448 257/263/436
f 252/279/449 253/277/450 302/278/451 301/280/452
f 258/262/441 263/261/453 264/290/454 259/287/442
f 259/287/443 264/290/455 260/288/456 255/281/444
f 260/288/445 265/291/457 266/292/458 261/289/446
f 261/289/447 266/292/459 267/268/460 262/264/448
f 247/249/379 277/275/461 278/276/462 248/250/380
f 263/261/453 268/267/463 269/293/464 264/290/454
f 264/290/455 269/293/465 265/291/466 260/288/456
f 265/291/457 270/294/467 271/295/468 266/292/458
f 266/292/459 271/295/469 272/252/470 267/268/460
f 257/263/401 258/262/400 253/277/450 252/279/449
f 268/267/463 273/251/471 274/296/472 269/293/464
f 269/293/465 274/296/473 270/294/474 265/291/466
f 270/294/467 245/269/430 246/273/429 271/295/468
f 271/295/469 246/273/414 247/249/413 272/252/470
f 267/268/408 268/267/407 263/261/399 262/264/402
f 273/251/471 248/250/418 249/270/417 274/296/472
f 274/296/473 249/270/410 245/269/409 270/294/474
f 275/272/431 280/297/475 281/298/476 276/274/432
f 276/274/415 281/298/477 282/299/478 277/275/416
f 301/280/452 302/278/451 297/284/438 296/283/437
f 278/276/419 283/300/479 284/301/480 279/271/420
f 279/271/411 284/301/481 280/297/482 275/272/412
f 280/297/475 285/302/483 286/303/484 281/298/476
f 281/298/477 286/303/485 287/304/486 282/299/478
f 292/286/440 293/285/439 288/305/487 287/304/488
f 283/300/479 288/305/489 289/306/490 284/301/480
f 284/301/481 289/306/491 285/302/492 280/297/482
f 285/302/483 290/307/493 291/308/494 286/303/484
f 286/303/485 291/308/495 292/286/496 287/304/486
f 288/305/489 293/285/497 294/309/498 289/306/490
f 289/306/491 294/309/499 290/307/500 285/302/492
f 290/307/493 295/310/501 304/311/502 291/308/494
f 291/308/495 304/311/503 296/283/504 292/286/496
f 282/299/505 283/300/506 278/276/462 277/275/461
f 293/285/497 297/284/507 298/312/508 294/309/498
f 294/309/499 298/312/509 295/310/510 290/307/500
f 295/310/501 299/259/406 300/266/405 304/311/502
f 304/311/503 300/266/428 301/280/427 296/283/504
f 287/304/488 288/305/487 283/300/506 282/299/505
f 297/284/507 302/278/424 303/260/423 298/312/508
f 298/312/509 303/260/398 299/259/397 295/310/510
f 187/211/347 188/215/347 213/203/297 212/206/297
f 314/313/511 310/314/512 359/315/513 363/316/514
f 323/317/515 318/318/516 317/319/516 322/320/515
f 310/314/517 311/321/518 360/322/519 359/315/520
f 333/323/521 328/324/522 327/325/522 332/326/521
f 305/327/523 309/328/524 339/329/525 335/330/526
f 307/331/527 306/332/528 336/333/529 337/334/530
f 309/328/531 308/335/532 338/336/533 339/329/534
f 313/337/535 314/313/536 363/316/537 362/338/538
f 311/321/539 312/339/540 361/340/541 360/322/542
f 306/332/543 305/327/544 335/330/545 336/333/546
f 310/314/517 315/341/547 316/342/548 311/321/518
f 311/321/539 316/342/549 317/319/550 312/339/540
f 356/343/551 357/344/551 353/345/552 352/346/552
f 313/337/535 318/318/553 319/347/554 314/313/536
f 314/313/511 319/347/555 315/341/556 310/314/512
f 315/341/547 320/348/557 321/349/558 316/342/548
f 316/342/549 321/349/559 322/320/560 317/319/550
f 312/339/561 313/337/561 362/338/562 361/340/562
f 318/318/553 323/317/563 324/350/564 319/347/554
f 319/347/555 324/350/565 320/348/566 315/341/556
f 320/348/557 325/351/567 326/352/568 321/349/558
f 321/349/559 326/352/569 327/325/570 322/320/560
f 307/331/571 337/334/572 338/336/572 308/335/571
f 323/317/563 328/324/573 329/353/574 324/350/564
f 324/350/565 329/353/575 325/351/576 320/348/566
f 325/351/567 330/354/577 331/355/578 326/352/568
f 326/352/569 331/355/579 332/326/580 327/325/570
f 317/319/516 318/318/516 313/337/561 312/339/561
f 328/324/573 333/323/581 334/356/582 329/353/574
f 329/353/575 334/356/583 330/354/584 325/351/576
f 330/354/577 305/327/544 306/332/543 331/355/578
f 331/355/579 306/332/528 307/331/527 332/326/580
f 327/325/522 328/324/522 323/317/515 322/320/515
f 333/323/581 308/335/532 309/328/531 334/356/582
f 334/356/583 309/328/524 305/327/523 330/354/584
f 335/330/545 340/357/585 341/358/586 336/333/546
f 336/333/529 341/358/587 342/359/588 337/334/530
f 361/340/562 362/338/562 357/344/551 356/343/551
f 338/336/533 343/360/589 344/361/590 339/329/534
f 339/329/525 344/361/591 340/357/592 335/330/526
f 340/357/585 345/362/593 346/363/594 341/358/586
f 341/358/587 346/363/595 347/364/596 342/359/588
f 352/346/552 353/345/552 348/365/597 347/364/597
f 343/360/589 348/365/598 349/366/599 344/361/590
f 344/361/591 349/366/600 345/362/601 340/357/592
f 345/362/593 350/367/602 351/368/603 346/363/594
f 346/363/595 351/368/604 352/346/605 347/364/596
f 367/369/606 368/370/607 393/371/608 392/372/609
f 348/365/598 353/345/610 354/373/611 349/366/599
f 349/366/600 354/373/612 350/367/613 345/362/601
f 350/367/602 355/374/614 364/375/615 351/368/603
f 351/368/604 364/375/616 356/343/617 352/346/605
f 342/359/618 343/360/618 338/336/572 337/334/572
f 353/345/610 357/344/619 358/376/620 354/373/611
f 354/373/612 358/376/621 355/374/622 350/367/613
f 355/374/614 359/315/520 360/322/519 364/375/615
f 364/375/616 360/322/542 361/340/541 356/343/617
f 347/364/597 348/365/597 343/360/618 342/359/618
f 357/344/619 362/338/538 363/316/537 358/376/620
f 358/376/621 363/316/514 359/315/513 355/374/622
f 374/377/623 370/378/624 419/379/625 423/380/626
f 383/381/627 378/382/628 377/383/629 382/384/630
f 370/378/631 371/385/632 420/386/633 419/379/634
f 393/371/608 388/387/635 387/388/636 392/372/609
f 365/389/637 369/390/638 399/391/639 395/392/640
f 367/369/641 366/393/642 396/394/643 397/395/644
f 369/390/645 368/370/646 398/396/647 399/391/648
f 373/397/649 374/377/650 423/380/651 422/398/652
f 371/385/653 372/399/654 421/400/655 420/386/656
f 366/393/657 365/389/658 395/392/659 396/394/660
f 370/378/631 375/401/661 376/402/662 371/385/632
f 371/385/653 376/402/663 377/383/664 372/399/654
f 416/403/665 417/404/666 413/405/667 412/406/668
f 373/397/649 378/382/669 379/407/670 374/377/650
f 374/377/623 379/407/671 375/401/671 370/378/624
f 375/401/661 380/408/672 381/409/673 376/402/662
f 376/402/663 381/409/674 382/384/675 377/383/664
f 372/399/676 373/397/677 422/398/678 421/400/679
f 378/382/669 383/381/680 384/410/681 379/407/670
f 379/407/671 384/410/682 380/408/683 375/401/671
f 380/408/672 385/411/684 386/412/685 381/409/673
f 381/409/674 386/412/686 387/388/687 382/384/675
f 367/369/606 397/395/688 398/396/689 368/370/607
f 383/381/680 388/387/690 389/413/691 384/410/681
f 384/410/682 389/413/692 385/411/693 380/408/683
f 385/411/684 390/414/694 391/415/695 386/412/685
f 386/412/686 391/415/696 392/372/697 387/388/687
f 377/383/629 378/382/628 373/397/677 372/399/676
f 388/387/690 393/371/698 394/416/699 389/413/691
f 389/413/692 394/416/700 390/414/700 385/411/693
f 390/414/694 365/389/658 366/393/657 391/415/695
f 391/415/696 366/393/642 367/369/641 392/372/697
f 387/388/636 388/387/635 383/381/627 382/384/630
f 393/371/698 368/370/646 369/390/645 394/416/699
f 394/416/700 369/390/638 365/389/637 390/414/700
f 395/392/659 400/417/701 401/418/702 396/394/660
f 396/394/643 401/418/703 402/419/704 397/395/644
f 421/400/679 422/398/678 417/404/666 416/403/665
f 398/396/647 403/420/705 404/421/706 399/391/648
f 399/391/639 404/421/707 400/417/708 395/392/640
f 400/417/701 405/422/709 406/423/710 401/418/702
f 401/418/703 406/423/711 407/424/712 402/419/704
f 412/406/668 413/405/667 408/425/713 407/424/714
f 403/420/705 408/425/715 409/426/716 404/421/706
f 404/421/707 409/426/717 405/422/718 400/417/708
f 405/422/709 410/427/719 411/428/720 406/423/710
f 406/423/711 411/428/721 412/406/722 407/424/712
f 408/425/715 413/405/723 414/429/724 409/426/716
f 409/426/717 414/429/725 410/427/726 405/422/718
f 410/427/719 415/430/727 424/431/728 411/428/720
f 411/428/721 424/431/729 416/403/730 412/406/722
f 402/419/731 403/420/732 398/396/689 397/395/688
f 413/405/723 417/404/733 418/432/734 414/429/724
f 414/429/725 418/432/735 415/430/736 410/427/726
f 415/430/727 419/379/634 420/386/633 424/431/728
f 424/431/729 420/386/656 421/400/655 416/403/730
f 407/424/714 408/425/713 403/420/732 402/419/731
f 417/404/733 422/398/652 423/380/651 418/432/734
f 418/432/735 423/380/626 419/379/625 415/430/736
f 307/331/571 308/335/571 333/323/521 332/326/521
f 434/433/737 430/434/738 479/435/739 483/436/740
f 443/437/741 438/438/742 437/439/742 442/440/741
f 430/434/743 431/441/744 480/442/745 479/435/746
f 453/443/747 448/444/748 447/445/748 452/446/747
f 425/447/749 429/448/750 459/449/751 455/450/752
f 427/451/753 426/452/754 456/453/755 457/454/756
f 429/448/757 428/455/758 458/456/759 459/449/760
f 433/457/761 434/433/762 483/436/763 482/458/764
f 431/441/765 432/459/766 481/460/767 480/442/768
f 426/452/769 425/447/770 455/450/771 456/453/772
f 430/434/743 435/461/773 436/462/774 431/441/744
f 431/441/765 436/462/775 437/439/776 432/459/766
f 476/463/777 477/464/777 473/465/778 472/466/778
f 433/457/761 438/438/779 439/467/780 434/433/762
f 434/433/737 439/467/781 435/461/782 430/434/738
f 435/461/773 440/468/783 441/469/784 436/462/774
f 436/462/775 441/469/785 442/440/786 437/439/776
f 432/459/787 433/457/787 482/458/788 481/460/788
f 438/438/779 443/437/789 444/470/790 439/467/780
f 439/467/781 444/470/791 440/468/792 435/461/782
f 440/468/783 445/471/793 446/472/794 441/469/784
f 441/469/785 446/472/795 447/445/795 442/440/786
f 427/451/796 457/454/797 458/456/797 428/455/796
f 443/437/789 448/444/798 449/473/798 444/470/790
f 444/470/791 449/473/799 445/471/800 440/468/792
f 445/471/793 450/474/801 451/475/802 446/472/794
f 446/472/795 451/475/803 452/446/804 447/445/795
f 437/439/742 438/438/742 433/457/787 432/459/787
f 448/444/798 453/443/805 454/476/806 449/473/798
f 449/473/799 454/476/807 450/474/808 445/471/800
f 450/474/801 425/447/770 426/452/769 451/475/802
f 451/475/803 426/452/754 427/451/753 452/446/804
f 447/445/748 448/444/748 443/437/741 442/440/741
f 453/443/805 428/455/758 429/448/757 454/476/806
f 454/476/807 429/448/750 425/447/749 450/474/808
f 455/450/771 460/477/809 461/478/810 456/453/772
f 456/453/755 461/478/811 462/479/812 457/454/756
f 481/460/788 482/458/788 477/464/777 476/463/777
f 458/456/759 463/480/813 464/481/814 459/449/760
f 459/449/751 464/481/815 460/477/816 455/450/752
f 460/477/809 465/482/817 466/483/818 461/478/810
f 461/478/811 466/483/819 467/484/820 462/479/812
f 472/466/778 473/465/778 468/485/821 467/484/821
f 463/480/813 468/485/822 469/486/823 464/481/814
f 464/481/815 469/486/824 465/482/825 460/477/816
f 465/482/817 470/487/826 471/488/827 466/483/818
f 466/483/819 471/488/828 472/466/829 467/484/820
f 487/489/830 488/490/831 513/491/832 512/492/833
f 468/485/822 473/465/834 474/493/835 469/486/823
f 469/486/824 474/493/836 470/487/837 465/482/825
f 470/487/826 475/494/838 484/495/839 471/488/827
f 471/488/828 484/495/840 476/463/841 472/466/829
f 462/479/842 463/480/842 458/456/797 457/454/797
f 473/465/834 477/464/843 478/496/844 474/493/835
f 474/493/836 478/496/845 475/494/846 470/487/837
f 475/494/838 479/435/746 480/442/745 484/495/839
f 484/495/840 480/442/768 481/460/767 476/463/841
f 467/484/821 468/485/821 463/480/842 462/479/842
f 477/464/843 482/458/764 483/436/763 478/496/844
f 478/496/845 483/436/740 479/435/739 475/494/846
f 494/497/847 490/498/848 539/499/849 543/500/850
f 503/501/851 498/502/852 497/503/853 502/504/851
f 490/498/854 491/505/855 540/506/856 539/499/857
f 513/491/832 508/507/858 507/508/858 512/492/833
f 485/509/859 489/510/860 519/511/861 515/512/862
f 487/489/863 486/513/864 516/514/865 517/515/866
f 489/510/867 488/490/868 518/516/869 519/511/870
f 493/517/871 494/497/872 543/500/873 542/518/874
f 491/505/875 492/519/876 541/520/877 540/506/878
f 486/513/879 485/509/880 515/512/881 516/514/882
f 490/498/854 495/521/883 496/522/884 491/505/855
f 491/505/875 496/522/885 497/503/886 492/519/876
f 536/523/887 537/524/888 533/525/889 532/526/890
f 493/517/871 498/502/891 499/527/892 494/497/872
f 494/497/847 499/527/893 495/521/894 490/498/848
f 495/521/883 500/528/895 501/529/896 496/522/884
f 496/522/885 501/529/897 502/504/898 497/503/886
f 492/519/899 493/517/900 542/518/901 541/520/902
f 498/502/891 503/501/903 504/530/904 499/527/892
f 499/527/893 504/530/905 500/528/906 495/521/894
f 500/528/895 505/531/907 506/532/908 501/529/896
f 501/529/897 506/532/909 507/508/910 502/504/898
f 487/489/830 517/515/911 518/516/912 488/490/831
f 503/501/903 508/507/913 509/533/914 504/530/904
f 504/530/905 509/533/915 505/531/916 500/528/906
f 505/531/907 510/534/917 511/535/918 506/532/908
f 506/532/909 511/535/919 512/492/920 507/508/910
f 497/503/853 498/502/852 493/517/900 492/519/899
f 508/507/913 513/491/921 514/536/922 509/533/914
f 509/533/915 514/536/923 510/534/924 505/531/916
f 510/534/917 485/509/880 486/513/879 511/535/918
f 511/535/919 486/513/864 487/489/863 512/492/920
f 507/508/858 508/507/858 503/501/851 502/504/851
f 513/491/921 488/490/868 489/510/867 514/536/922
f 514/536/923 489/510/860 485/509/859 510/534/924
f 515/512/881 520/537/925 521/538/926 516/514/882
f 516/514/865 521/538/927 522/539/928 517/515/866
f 541/520/902 542/518/901 537/524/888 536/523/887
f 518/516/869 523/540/929 524/541/930 519/511/870
f 519/511/861 524/541/931 520/537/932 515/512/862
f 520/537/925 525/542/933 526/543/934 521/538/926
f 521/538/927 526/543/935 527/544/936 522/539/928
f 532/526/890 533/525/889 528/545/937 527/544/938
f 523/540/929 528/545/939 529/546/940 524/541/930
f 524/541/931 529/546/941 525/542/942 520/537/932
f 525/542/933 530/547/943 531/548/944 526/543/934
f 526/543/935 531/548/945 532/526/946 527/544/936
f 528/545/939 533/525/947 534/549/948 529/546/940
f 529/546/941 534/549/949 530/547/950 525/542/942
f 530/547/943 535/550/951 544/551/952 531/548/944
f 531/548/945 544/551/953 536/523/954 532/526/946
f 522/539/955 523/540/956 518/516/912 517/515/911
f 533/525/947 537/524/957 538/552/958 534/549/948
f 534/549/949 538/552/959 535/550/960 530/547/950
f 535/550/951 539/499/857 540/506/856 544/551/952
f 544/551/953 540/506/878 541/520/877 536/523/954
f 527/544/938 528/545/937 523/540/956 522/539/955
f 537/524/957 542/518/874 543/500/873 538/552/958
f 538/552/959 543/500/850 539/499/849 535/550/960
f 427/451/796 428/455/796 453/443/747 452/446/747
f 554/553/961 550/554/962 599/555/963 603/556/964
f 563/557/965 558/558/966 557/559/966 562/560/965
f 550/554/967 551/561/968 600/562/969 599/555/970
f 573/563/971 568/564/972 567/565/972 572/566/971
f 545/567/973 549/568/974 579/569/975 575/570/976
f 547/571/977 546/572/978 576/573/979 577/574/980
f 549/568/981 548/575/982 578/576/983 579/569/984
f 553/577/985 554/553/986 603/556/987 602/578/988
f 551/561/989 552/579/990 601/580/991 600/562/992
f 546/572/993 545/567/994 575/570/995 576/573/996
f 550/554/967 555/581/997 556/582/998 551/561/968
f 551/561/989 556/582/999 557/559/1000 552/579/990
f 596/583/1001 597/584/1001 593/585/1002 592/586/1002
f 553/577/985 558/558/1003 559/587/1004 554/553/986
f 554/553/961 559/587/1005 555/581/1006 550/554/962
f 555/581/997 560/588/1007 561/589/1008 556/582/998
f 556/582/999 561/589/1009 562/560/1010 557/559/1000
f 552/579/1011 553/577/1011 602/578/1012 601/580/1012
f 558/558/1003 563/557/1013 564/590/1014 559/587/1004
f 559/587/1005 564/590/1015 560/588/1016 555/581/1006
f 560/588/1007 565/591/1017 566/592/1018 561/589/1008
f 561/589/1009 566/592/1019 567/565/1020 562/560/1010
f 547/571/1021 577/574/1022 578/576/1022 548/575/1021
f 563/557/1013 568/564/1023 569/593/1024 564/590/1014
f 564/590/1015 569/593/1025 565/591/1026 560/588/1016
f 565/591/1017 570/594/1027 571/595/1028 566/592/1018
f 566/592/1019 571/595/1029 572/566/1030 567/565/1020
f 557/559/966 558/558/966 553/577/1011 552/579/1011
f 568/564/1023 573/563/1031 574/596/1032 569/593/1024
f 569/593/1025 574/596/1033 570/594/1034 565/591/1026
f 570/594/1027 545/567/994 546/572/993 571/595/1028
f 571/595/1029 546/572/978 547/571/977 572/566/1030
f 567/565/972 568/564/972 563/557/965 562/560/965
f 573/563/1031 548/575/982 549/568/981 574/596/1032
f 574/596/1033 549/568/974 545/567/973 570/594/1034
f 575/570/995 580/597/1035 581/598/1036 576/573/996
f 576/573/979 581/598/1037 582/599/1038 577/574/980
f 601/580/1012 602/578/1012 597/584/1001 596/583/1001
f 578/576/983 583/600/1039 584/601/1040 579/569/984
f 579/569/975 584/601/1041 580/597/1042 575/570/976
f 580/597/1035 585/602/1043 586/603/1044 581/598/1036
f 581/598/1037 586/603/1045 587/604/1046 582/599/1038
f 592/586/1002 593/585/1002 588/605/1047 587/604/1047
f 583/600/1039 588/605/1048 589/606/1049 584/601/1040
f 584/601/1041 589/606/1050 585/602/1051 580/597/1042
f 585/602/1043 590/607/1052 591/608/1053 586/603/1044
f 586/603/1045 591/608/1054 592/586/1055 587/604/1046
f 607/609/1056 608/610/1057 633/611/1058 632/612/1059
f 588/605/1048 593/585/1060 594/613/1061 589/606/1049
f 589/606/1050 594/613/1062 590/607/1063 585/602/1051
f 590/607/1052 595/614/1064 604/615/1065 591/608/1053
f 591/608/1054 604/615/1066 596/583/1067 592/586/1055
f 582/599/1068 583/600/1068 578/576/1022 577/574/1022
f 593/585/1060 597/584/1069 598/616/1070 594/613/1061
f 594/613/1062 598/616/1071 595/614/1072 590/607/1063
f 595/614/1064 599/555/970 600/562/969 604/615/1065
f 604/615/1066 600/562/992 601/580/991 596/583/1067
f 587/604/1047 588/605/1047 583/600/1068 582/599/1068
f 597/584/1069 602/578/988 603/556/987 598/616/1070
f 598/616/1071 603/556/964 599/555/963 595/614/1072
f 614/617/1073 610/618/1074 659/619/1075 663/620/1076
f 623/621/1077 618/622/1078 617/623/1079 622/624/1080
f 610/618/1081 611/625/1082 660/626/1083 659/619/1084
f 633/611/1058 628/627/1085 627/628/1086 632/612/1059
f 605/629/1087 609/630/1088 639/631/1089 635/632/1090
f 607/609/1091 606/633/1092 636/634/1093 637/635/1094
f 609/630/1095 608/610/1096 638/636/1097 639/631/1098
f 613/637/1099 614/617/1100 663/620/1101 662/638/1102
f 611/625/1103 612/639/1104 661/640/1105 660/626/1106
f 606/633/1107 605/629/1108 635/632/1109 636/634/1110
f 610/618/1081 615/641/1111 616/642/1112 611/625/1082
f 611/625/1103 616/642/1113 617/623/1114 612/639/1104
f 656/643/1115 657/644/1116 653/645/1117 652/646/1118
f 613/637/1099 618/622/1119 619/647/1120 614/617/1100
f 614/617/1073 619/647/1121 615/641/1122 610/618/1074
f 615/641/1111 620/648/1123 621/649/1124 616/642/1112
f 616/642/1113 621/649/1125 622/624/1126 617/623/1114
f 612/639/1127 613/637/1128 662/638/1129 661/640/1130
f 618/622/1119 623/621/1131 624/650/1132 619/647/1120
f 619/647/1121 624/650/1133 620/648/1134 615/641/1122
f 620/648/1123 625/651/1135 626/652/1136 621/649/1124
f 621/649/1125 626/652/1137 627/628/1138 622/624/1126
f 607/609/1056 637/635/1139 638/636/1140 608/610/1057
f 623/621/1131 628/627/1141 629/653/1142 624/650/1132
f 624/650/1133 629/653/1143 625/651/1144 620/648/1134
f 625/651/1135 630/654/1145 631/655/1146 626/652/1136
f 626/652/1137 631/655/1147 632/612/1148 627/628/1138
f 617/623/1079 618/622/1078 613/637/1128 612/639/1127
f 628/627/1141 633/611/1149 634/656/1150 629/653/1142
f 629/653/1143 634/656/1151 630/654/1152 625/651/1144
f 630/654/1145 605/629/1108 606/633/1107 631/655/1146
f 631/655/1147 606/633/1092 607/609/1091 632/612/1148
f 627/628/1086 628/627/1085 623/621/1077 622/624/1080
f 633/611/1149 608/610/1096 609/630/1095 634/656/1150
f 634/656/1151 609/630/1088 605/629/1087 630/654/1152
f 635/632/1109 640/657/1153 641/658/1154 636/634/1110
f 636/634/1093 641/658/1155 642/659/1156 637/635/1094
f 661/640/1130 662/638/1129 657/644/1116 656/643/1115
f 638/636/1097 643/660/1157 644/661/1158 639/631/1098
f 639/631/1089 644/661/1159 640/657/1160 635/632/1090
f 640/657/1153 645/662/1161 646/663/1162 641/658/1154
f 641/658/1155 646/663/1163 647/664/1164 642/659/1156
f 652/646/1118 653/645/1117 648/665/1165 647/664/1166
f 643/660/1157 648/665/1167 649/666/1168 644/661/1158
f 644/661/1159 649/666/1169 645/662/1170 640/657/1160
f 645/662/1161 650/667/1171 651/668/1172 646/663/1162
f 646/663/1163 651/668/1173 652/646/1174 647/664/1164
f 648/665/1167 653/645/1175 654/669/1176 649/666/1168
f 649/666/1169 654/669/1177 650/667/1178 645/662/1170
f 650/667/1171 655/670/1179 664/671/1180 651/668/1172
f 651/668/1173 664/671/1181 656/643/1182 652/646/1174
f 642/659/1183 643/660/1184 638/636/1140 637/635/1139
f 653/645/1175 657/644/1185 658/672/1186 654/669/1176
f 654/669/1177 658/672/1187 655/670/1188 650/667/1178
f 655/670/1179 659/619/1084 660/626/1083 664/671/1180
f 664/671/1181 660/626/1106 661/640/1105 656/643/1182
f 647/664/1166 648/665/1165 643/660/1184 642/659/1183
f 657/644/1185 662/638/1102 663/620/1101 658/672/1186
f 658/672/1187 663/620/1076 659/619/1075 655/670/1188
f 547/571/1021 548/575/1021 573/563/971 572/566/971
f 674/673/1189 670/674/1190 719/675/1191 723/676/1192
f 683/677/1193 678/678/1194 677/679/1194 682/680/1193
f 670/674/1195 671/681/1196 720/682/1197 719/675/1198
f 693/683/1199 688/684/1200 687/685/1200 692/686/1199
f 665/687/1201 669/688/1202 699/689/1203 695/690/1204
f 667/691/1205 666/692/1206 696/693/1207 697/694/1208
f 669/688/1209 668/695/1210 698/696/1211 699/689/1212
f 673/697/1213 674/673/1214 723/676/1215 722/698/1216
f 671/681/1217 672/699/1218 721/700/1219 720/682/1220
f 666/692/1221 665/687/1222 695/690/1223 696/693/1224
f 670/674/1195 675/701/1225 676/702/1226 671/681/1196
f 671/681/1217 676/702/1227 677/679/1228 672/699/1218
f 716/703/1229 717/704/1229 713/705/1230 712/706/1230
f 673/697/1213 678/678/1231 679/707/1232 674/673/1214
f 674/673/1189 679/707/1233 675/701/1234 670/674/1190
f 675/701/1225 680/708/1235 681/709/1236 676/702/1226
f 676/702/1227 681/709/1237 682/680/1238 677/679/1228
f 672/699/1239 673/697/1239 722/698/1240 721/700/1240
f 678/678/1231 683/677/1241 684/710/1242 679/707/1232
f 679/707/1233 684/710/1243 680/708/1244 675/701/1234
f 680/708/1235 685/711/1245 686/712/1246 681/709/1236
f 681/709/1237 686/712/1247 687/685/1248 682/680/1238
f 667/691/1249 697/694/1250 698/696/1250 668/695/1249
f 683/677/1241 688/684/1251 689/713/1252 684/710/1242
f 684/710/1243 689/713/1253 685/711/1254 680/708/1244
f 685/711/1245 690/714/1255 691/715/1256 686/712/1246
f 686/712/1247 691/715/1257 692/686/1258 687/685/1248
f 677/679/1194 678/678/1194 673/697/1239 672/699/1239
f 688/684/1251 693/683/1259 694/716/1260 689/713/1252
f 689/713/1253 694/716/1261 690/714/1262 685/711/1254
f 690/714/1255 665/687/1222 666/692/1221 691/715/1256
f 691/715/1257 666/692/1206 667/691/1205 692/686/1258
f 687/685/1200 688/684/1200 683/677/1193 682/680/1193
f 693/683/1259 668/695/1210 669/688/1209 694/716/1260
f 694/716/1261 669/688/1202 665/687/1201 690/714/1262
f 695/690/1223 700/717/1263 701/718/1264 696/693/1224
f 696/693/1207 701/718/1265 702/719/1266 697/694/1208
f 721/700/1240 722/698/1240 717/704/1229 716/703/1229
f 698/696/1211 703/720/1267 704/721/1268 699/689/1212
f 699/689/1203 704/721/1269 700/717/1270 695/690/1204
f 700/717/1263 705/722/1271 706/723/1272 701/718/1264
f 701/718/1265 706/723/1273 707/724/1274 702/719/1266
f 712/706/1230 713/705/1230 708/725/1275 707/724/1275
f 703/720/1267 708/725/1276 709/726/1277 704/721/1268
f 704/721/1269 709/726/1278 705/722/1279 700/717/1270
f 705/722/1271 710/727/1280 711/728/1281 706/723/1272
f 706/723/1273 711/728/1282 712/706/1283 707/724/1274
f 727/729/1284 728/730/1285 753/731/1286 752/732/1287
f 708/725/1276 713/705/1288 714/733/1289 709/726/1277
f 709/726/1278 714/733/1290 710/727/1291 705/722/1279
f 710/727/1280 715/734/1292 724/735/1293 711/728/1281
f 711/728/1282 724/735/1294 716/703/1295 712/706/1283
f 702/719/1296 703/720/1296 698/696/1250 697/694/1250
f 713/705/1288 717/704/1297 718/736/1298 714/733/1289
f 714/733/1290 718/736/1299 715/734/1300 710/727/1291
f 715/734/1292 719/675/1198 720/682/1197 724/735/1293
f 724/735/1294 720/682/1220 721/700/1219 716/703/1295
f 707/724/1275 708/725/1275 703/720/1296 702/719/1296
f 717/704/1297 722/698/1216 723/676/1215 718/736/1298
f 718/736/1299 723/676/1192 719/675/1191 715/734/1300
f 734/737/1301 730/738/1302 779/739/1303 783/740/1304
f 743/741/1305 738/742/1306 737/743/1307 742/744/1308
f 730/738/1309 731/745/1310 780/746/1311 779/739/1312
f 753/731/1286 748/747/1313 747/748/1314 752/732/1287
f 725/749/1315 729/750/1316 759/751/1317 755/752/1318
f 727/729/1319 726/753/1320 756/754/1321 757/755/1322
f 729/750/1323 728/730/1324 758/756/1325 759/751/1326
f 733/757/1327 734/737/1328 783/740/1329 782/758/1330
f 731/745/1331 732/759/1332 781/760/1333 780/746/1334
f 726/753/1335 725/749/1336 755/752/1337 756/754/1338
f 730/738/1309 735/761/1339 736/762/1340 731/745/1310
f 731/745/1331 736/762/1341 737/743/1342 732/759/1332
f 776/763/1343 777/764/1344 773/765/1345 772/766/1346
f 733/757/1327 738/742/1347 739/767/1348 734/737/1328
f 734/737/1301 739/767/1349 735/761/1350 730/738/1302
f 735/761/1339 740/768/1351 741/769/1352 736/762/1340
f 736/762/1341 741/769/1353 742/744/1354 737/743/1342
f 732/759/1355 733/757/1356 782/758/1357 781/760/1358
f 738/742/1347 743/741/1359 744/770/1360 739/767/1348
f 739/767/1349 744/770/1361 740/768/1362 735/761/1350
f 740/768/1351 745/771/1363 746/772/1364 741/769/1352
f 741/769/1353 746/772/1365 747/748/1366 742/744/1354
f 727/729/1284 757/755/1367 758/756/1368 728/730/1285
f 743/741/1359 748/747/1369 749/773/1370 744/770/1360
f 744/770/1361 749/773/1371 745/771/1372 740/768/1362
f 745/771/1363 750/774/1373 751/775/1374 746/772/1364
f 746/772/1365 751/775/1375 752/732/1376 747/748/1366
f 737/743/1307 738/742/1306 733/757/1356 732/759/1355
f 748/747/1369 753/731/1377 754/776/1378 749/773/1370
f 749/773/1371 754/776/1379 750/774/1380 745/771/1372
f 750/774/1373 725/749/1336 726/753/1335 751/775/1374
f 751/775/1375 726/753/1320 727/729/1319 752/732/1376
f 747/748/1314 748/747/1313 743/741/1305 742/744/1308
f 753/731/1377 728/730/1324 729/750/1323 754/776/1378
f 754/776/1379 729/750/1316 725/749/1315 750/774/1380
f 755/752/1337 760/777/1381 761/778/1382 756/754/1338
f 756/754/1321 761/778/1383 762/779/1384 757/755/1322
f 781/760/1358 782/758/1357 777/764/1344 776/763/1343
f 758/756/1325 763/780/1385 764/781/1386 759/751/1326
f 759/751/1317 764/781/1387 760/777/1388 755/752/1318
f 760/777/1381 765/782/1389 766/783/1390 761/778/1382
f 761/778/1383 766/783/1391 767/784/1392 762/779/1384
f 772/766/1346 773/765/1345 768/785/1393 767/784/1394
f 763/780/1385 768/785/1395 769/786/1396 764/781/1386
f 764/781/1387 769/786/1397 765/782/1398 760/777/1388
f 765/782/1389 770/787/1399 771/788/1400 766/783/1390
f 766/783/1391 771/788/1401 772/766/1402 767/784/1392
f 768/785/1395 773/765/1403 774/789/1404 769/786/1396
f 769/786/1397 774/789/1405 770/787/1406 765/782/1398
f 770/787/1399 775/790/1407 784/791/1408 771/788/1400
f 771/788/1401 784/791/1409 776/763/1410 772/766/1402
f 762/779/1411 763/780/1412 758/756/1368 757/755/1367
f 773/765/1403 777/764/1413 778/792/1414 774/789/1404
f 774/789/1405 778/792/1415 775/790/1416 770/787/1406
f 775/790/1407 779/739/1312 780/746/1311 784/791/1408
f 784/791/1409 780/746/1334 781/760/1333 776/763/1410
f 767/784/1394 768/785/1393 763/780/1412 762/779/1411
f 777/764/1413 782/758/1330 783/740/1329 778/792/1414
f 778/792/1415 783/740/1304 779/739/1303 775/790/1416
f 667/691/1249 668/695/1249 693/683/1199 692/686/1199
f 794/793/1417 790/794/1418 839/795/1419 843/796/1420
f 803/797/1421 798/798/1422 797/799/1422 802/800/1421
f 790/794/1423 791/801/1424 840/802/1425 839/795/1426
f 813/803/1427 808/804/1428 807/805/1428 812/806/1427
f 785/807/1429 789/808/1430 819/809/1431 815/810/1432
f 787/811/1433 786/812/1434 816/813/1435 817/814/1436
f 789/808/1437 788/815/1438 818/816/1439 819/809/1440
f 793/817/1441 794/793/1442 843/796/1443 842/818/1444
f 791/801/1445 792/819/1446 841/820/1447 840/802/1448
f 786/812/1449 785/807/1450 815/810/1451 816/813/1452
f 790/794/1423 795/821/1453 796/822/1454 791/801/1424
f 791/801/1445 796/822/1455 797/799/1456 792/819/1446
f 836/823/1457 837/824/1457 833/825/1458 832/826/1458
f 793/817/1441 798/798/1459 799/827/1460 794/793/1442
f 794/793/1417 799/827/1461 795/821/1462 790/794/1418
f 795/821/1453 800/828/1463 801/829/1464 796/822/1454
f 796/822/1455 801/829/1465 802/800/1466 797/799/1456
f 792/819/1467 793/817/1467 842/818/1468 841/820/1468
f 798/798/1459 803/797/1469 804/830/1470 799/827/1460
f 799/827/1461 804/830/1471 800/828/1472 795/821/1462
f 800/828/1463 805/831/1473 806/832/1474 801/829/1464
f 801/829/1465 806/832/1475 807/805/1476 802/800/1466
f 787/811/1477 817/814/1478 818/816/1478 788/815/1477
f 803/797/1469 808/804/1479 809/833/1480 804/830/1470
f 804/830/1471 809/833/1481 805/831/1482 800/828/1472
f 805/831/1473 810/834/1483 811/835/1484 806/832/1474
f 806/832/1475 811/835/1485 812/806/1486 807/805/1476
f 797/799/1422 798/798/1422 793/817/1467 792/819/1467
f 808/804/1479 813/803/1487 814/836/1488 809/833/1480
f 809/833/1481 814/836/1489 810/834/1490 805/831/1482
f 810/834/1483 785/807/1450 786/812/1449 811/835/1484
f 811/835/1485 786/812/1434 787/811/1433 812/806/1486
f 807/805/1428 808/804/1428 803/797/1421 802/800/1421
f 813/803/1487 788/815/1438 789/808/1437 814/836/1488
f 814/836/1489 789/808/1430 785/807/1429 810/834/1490
f 815/810/1451 820/837/1491 821/838/1492 816/813/1452
f 816/813/1435 821/838/1493 822/839/1494 817/814/1436
f 841/820/1468 842/818/1468 837/824/1457 836/823/1457
f 818/816/1439 823/840/1495 824/841/1496 819/809/1440
f 819/809/1431 824/841/1497 820/837/1498 815/810/1432
f 820/837/1491 825/842/1499 826/843/1500 821/838/1492
f 821/838/1493 826/843/1501 827/844/1501 822/839/1494
f 832/826/1458 833/825/1458 828/845/1502 827/844/1502
f 823/840/1495 828/845/1503 829/846/1503 824/841/1496
f 824/841/1497 829/846/1504 825/842/1505 820/837/1498
f 825/842/1499 830/847/1506 831/848/1507 826/843/1500
f 826/843/1501 831/848/1508 832/826/1508 827/844/1501
f 847/849/1509 848/850/1510 873/851/1511 872/852/1512
f 828/845/1503 833/825/1513 834/853/1513 829/846/1503
f 829/846/1504 834/853/1514 830/847/1515 825/842/1505
f 830/847/1506 835/854/1516 844/855/1517 831/848/1507
f 831/848/1508 844/855/1518 836/823/1519 832/826/1508
f 822/839/1520 823/840/1520 818/816/1478 817/814/1478
f 833/825/1513 837/824/1521 838/856/1522 834/853/1513
f 834/853/1514 838/856/1523 835/854/1524 830/847/1515
f 835/854/1516 839/795/1426 840/802/1425 844/855/1517
f 844/855/1518 840/802/1448 841/820/1447 836/823/1519
f 827/844/1502 828/845/1502 823/840/1520 822/839/1520
f 837/824/1521 842/818/1444 843/796/1443 838/856/1522
f 838/856/1523 843/796/1420 839/795/1419 835/854/1524
f 854/857/1525 850/858/1526 899/859/1527 903/860/1528
f 863/861/1529 858/862/1530 857/863/1531 862/864/1532
f 850/858/1533 851/865/1534 900/866/1535 899/859/1536
f 873/851/1511 868/867/1537 867/868/1538 872/852/1512
f 845/869/1539 849/870/1540 879/871/1541 875/872/1542
f 847/849/1543 846/873/1544 876/874/1545 877/875/1546
f 849/870/1547 848/850/1548 878/876/1549 879/871/1550
f 853/877/1551 854/857/1552 903/860/1553 902/878/1554
f 851/865/1555 852/879/1556 901/880/1557 900/866/1558
f 846/873/1559 845/869/1560 875/872/1561 876/874/1562
f 850/858/1533 855/881/1563 856/882/1564 851/865/1534
f 851/865/1555 856/882/1565 857/863/1566 852/879/1556
f 896/883/1567 897/884/1568 893/885/1569 892/886/1570
f 853/877/1551 858/862/1571 859/887/1572 854/857/1552
f 854/857/1525 859/887/1573 855/881/1574 850/858/1526
f 855/881/1563 860/888/1575 861/889/1576 856/882/1564
f 856/882/1565 861/889/1577 862/864/1578 857/863/1566
f 852/879/1579 853/877/1580 902/878/1581 901/880/1582
f 858/862/1571 863/861/1583 864/890/1584 859/887/1572
f 859/887/1573 864/890/1585 860/888/1586 855/881/1574
f 860/888/1575 865/891/1587 866/892/1588 861/889/1576
f 861/889/1577 866/892/1589 867/868/1590 862/864/1578
f 847/849/1509 877/875/1591 878/876/1592 848/850/1510
f 863/861/1583 868/867/1593 869/893/1594 864/890/1584
f 864/890/1585 869/893/1595 865/891/1596 860/888/1586
f 865/891/1587 870/894/1597 871/895/1598 866/892/1588
f 866/892/1589 871/895/1599 872/852/1600 867/868/1590
f 857/863/1531 858/862/1530 853/877/1580 852/879/1579
f 868/867/1593 873/851/1601 874/896/1602 869/893/1594
f 869/893/1595 874/896/1603 870/894/1604 865/891/1596
f 870/894/1597 845/869/1560 846/873/1559 871/895/1598
f 871/895/1599 846/873/1544 847/849/1543 872/852/1600
f 867/868/1538 868/867/1537 863/861/1529 862/864/1532
f 873/851/1601 848/850/1548 849/870/1547 874/896/1602
f 874/896/1603 849/870/1540 845/869/1539 870/894/1604
f 875/872/1561 880/897/1605 881/898/1606 876/874/1562
f 876/874/1545 881/898/1607 882/899/1608 877/875/1546
f 901/880/1582 902/878/1581 897/884/1568 896/883/1567
f 878/876/1549 883/900/1609 884/901/1610 879/871/1550
f 879/871/1541 884/901/1611 880/897/1611 875/872/1542
f 880/897/1605 885/902/1612 886/903/1613 881/898/1606
f 881/898/1607 886/903/1614 887/904/1615 882/899/1608
f 892/886/1570 893/885/1569 888/905/1616 887/904/1617
f 883/900/1609 888/905/1618 889/906/1619 884/901/1610
f 884/901/1611 889/906/1620 885/902/1621 880/897/1611
f 885/902/1612 890/907/1622 891/908/1623 886/903/1613
f 886/903/1614 891/908/1624 892/886/1625 887/904/1615
f 888/905/1618 893/885/1626 894/909/1627 889/906/1619
f 889/906/1620 894/909/1628 890/907/1629 885/902/1621
f 890/907/1622 895/910/1630 904/911/1631 891/908/1623
f 891/908/1624 904/911/1632 896/883/1633 892/886/1625
f 882/899/1634 883/900/1635 878/876/1592 877/875/1591
f 893/885/1626 897/884/1636 898/912/1637 894/909/1627
f 894/909/1628 898/912/1638 895/910/1638 890/907/1629
f 895/910/1630 899/859/1536 900/866/1535 904/911/1631
f 904/911/1632 900/866/1558 901/880/1557 896/883/1633
f 887/904/1617 888/905/1616 883/900/1635 882/899/1634
f 897/884/1636 902/878/1554 903/860/1553 898/912/1637
f 898/912/1638 903/860/1528 899/859/1527 895/910/1638
f 787/811/1477 788/815/1477 813/803/1427 812/806/1427
f 914/913/1639 910/914/1640 959/915/1641 963/916/1642
f 923/917/1643 918/918/1644 917/919/1644 922/920/1643
f 910/914/1645 911/921/1646 960/922/1647 959/915/1648
f 933/923/1649 928/924/1650 927/925/1650 932/926/1649
f 905/927/1651 909/928/1652 939/929/1653 935/930/1654
f 907/931/1655 906/932/1656 936/933/1657 937/934/1658
f 909/928/1659 908/935/1660 938/936/1661 939/929/1662
f 913/937/1663 914/913/1664 963/916/1665 962/938/1666
f 911/921/1667 912/939/1668 961/940/1669 960/922/1670
f 906/932/1671 905/927/1672 935/930/1673 936/933/1674
f 910/914/1645 915/941/1675 916/942/1676 911/921/1646
f 911/921/1667 916/942/1677 917/919/1678 912/939/1668
f 956/943/1679 957/944/1679 953/945/1680 952/946/1680
f 913/937/1663 918/918/1681 919/947/1682 914/913/1664
f 914/913/1639 919/947/1683 915/941/1684 910/914/1640
f 915/941/1675 920/948/1685 921/949/1686 916/942/1676
f 916/942/1677 921/949/1687 922/920/1688 917/919/1678
f 912/939/1689 913/937/1689 962/938/1690 961/940/1690
f 918/918/1681 923/917/1691 924/950/1692 919/947/1682
f 919/947/1683 924/950/1693 920/948/1694 915/941/1684
f 920/948/1685 925/951/1695 926/952/1696 921/949/1686
f 921/949/1687 926/952/1697 927/925/1698 922/920/1688
f 907/931/1699 937/934/1700 938/936/1700 908/935/1699
f 923/917/1691 928/924/1701 929/953/1702 924/950/1692
f 924/950/1693 929/953/1703 925/951/1704 920/948/1694
f 925/951/1695 930/954/1705 931/955/1706 926/952/1696
f 926/952/1697 931/955/1707 932/926/1708 927/925/1698
f 917/919/1644 918/918/1644 913/937/1689 912/939/1689
f 928/924/1701 933/923/1709 934/956/1710 929/953/1702
f 929/953/1703 934/956/1711 930/954/1712 925/951/1704
f 930/954/1705 905/927/1672 906/932/1671 931/955/1706
f 931/955/1707 906/932/1656 907/931/1655 932/926/1708
f 927/925/1650 928/924/1650 923/917/1643 922/920/1643
f 933/923/1709 908/935/1660 909/928/1659 934/956/1710
f 934/956/1711 909/928/1652 905/927/1651 930/954/1712
f 935/930/1673 940/957/1713 941/958/1714 936/933/1674
f 936/933/1657 941/958/1715 942/959/1716 937/934/1658
f 961/940/1690 962/938/1690 957/944/1679 956/943/1679
f 938/936/1661 943/960/1717 944/961/1718 939/929/1662
f 939/929/1653 944/961/1719 940/957/1720 935/930/1654
f 940/957/1713 945/962/1721 946/963/1722 941/958/1714
f 941/958/1715 946/963/1723 947/964/1724 942/959/1716
f 952/946/1680 953/945/1680 948/965/1725 947/964/1725
f 943/960/1717 948/965/1726 949/966/1727 944/961/1718
f 944/961/1719 949/966/1728 945/962/1729 940/957/1720
f 945/962/1721 950/967/1730 951/968/1731 946/963/1722
f 946/963/1723 951/968/1732 952/946/1733 947/964/1724
f 967/969/1734 968/970/1735 993/971/1736 992/972/1737
f 948/965/1726 953/945/1738 954/973/1739 949/966/1727
f 949/966/1728 954/973/1740 950/967/1741 945/962/1729
f 950/967/1730 955/974/1742 964/975/1743 951/968/1731
f 951/968/1732 964/975/1744 956/943/1745 952/946/1733
f 942/959/1746 943/960/1746 938/936/1700 937/934/1700
f 953/945/1738 957/944/1747 958/976/1748 954/973/1739
f 954/973/1740 958/976/1749 955/974/1750 950/967/1741
f 955/974/1742 959/915/1648 960/922/1647 964/975/1743
f 964/975/1744 960/922/1670 961/940/1669 956/943/1745
f 947/964/1725 948/965/1725 943/960/1746 942/959/1746
f 957/944/1747 962/938/1666 963/916/1665 958/976/1748
f 958/976/1749 963/916/1642 959/915/1641 955/974/1750
f 974/977/1751 970/978/1752 1019/979/1753 1023/980/1754
f 983/981/1755 978/982/1756 977/983/1757 982/984/1758
f 970/978/1759 971/985/1760 1020/986/1761 1019/979/1762
f 993/971/1736 988/987/1763 987/988/1764 992/972/1737
f 965/989/1765 969/990/1766 999/991/1767 995/992/1768
f 967/969/1769 966/993/1770 996/994/1771 997/995/1772
f 969/990/1773 968/970/1774 998/996/1775 999/991/1776
f 973/997/1777 974/977/1778 1023/980/1779 1022/998/1780
f 971/985/1781 972/999/1782 1021/1000/1783 1020/986/1784
f 966/993/1785 965/989/1786 995/992/1787 996/994/1788
f 970/978/1759 975/1001/1789 976/1002/1790 971/985/1760
f 971/985/1781 976/1002/1791 977/983/1792 972/999/1782
f 1016/1003/1793 1017/1004/1794 1013/1005/1795 1012/1006/1796
f 973/997/1777 978/982/1797 979/1007/1798 974/977/1778
f 974/977/1751 979/1007/1799 975/1001/1800 970/978/1752
f 975/1001/1789 980/1008/1801 981/1009/1802 976/1002/1790
f 976/1002/1791 981/1009/1803 982/984/1804 977/983/1792
f 972/999/1805 973/997/1806 1022/998/1807 1021/1000/1808
f 978/982/1797 983/981/1809 984/1010/1810 979/1007/1798
f 979/1007/1799 984/1010/1811 980/1008/1812 975/1001/1800
f 980/1008/1801 985/1011/1813 986/1012/1814 981/1009/1802
f 981/1009/1803 986/1012/1815 987/988/1816 982/984/1804
f 967/969/1734 997/995/1817 998/996/1818 968/970/1735
f 983/981/1809 988/987/1819 989/1013/1820 984/1010/1810
f 984/1010/1811 989/1013/1821 985/1011/1822 980/1008/1812
f 985/1011/1813 990/1014/1823 991/1015/1824 986/1012/1814
f 986/1012/1815 991/1015/1825 992/972/1826 987/988/1816
f 977/983/1757 978/982/1756 973/997/1806 972/999/1805
f 988/987/1819 993/971/1827 994/1016/1828 989/1013/1820
f 989/1013/1821 994/1016/1829 990/1014/1830 985/1011/1822
f 990/1014/1823 965/989/1786 966/993/1785 991/1015/1824
f 991/1015/1825 966/993/1770 967/969/1769 992/972/1826
f 987/988/1764 988/987/1763 983/981/1755 982/984/1758
f 993/971/1827 968/970/1774 969/990/1773 994/1016/1828
f 994/1016/1829 969/990/1766 965/989/1765 990/1014/1830
f 995/992/1787 1000/1017/1831 1001/1018/1832 996/994/1788
f 996/994/1771 1001/1018/1833 1002/1019/1834 997/995/1772
f 1021/1000/1808 1022/998/1807 1017/1004/1794 1016/1003/1793
f 998/996/1775 1003/1020/1835 1004/1021/1836 999/991/1776
f 999/991/1767 1004/1021/1837 1000/1017/1838 995/992/1768
f 1000/1017/1831 1005/1022/1839 1006/1023/1840 1001/1018/1832
f 1001/1018/1833 1006/1023/1841 1007/1024/1842 1002/1019/1834
f 1012/1006/1796 1013/1005/1795 1008/1025/1843 1007/1024/1844
f 1003/1020/1835 1008/1025/1845 1009/1026/1846 1004/1021/1836
f 1004/1021/1837 1009/1026/1847 1005/1022/1848 1000/1017/1838
f 1005/1022/1839 1010/1027/1849 1011/1028/1850 1006/1023/1840
f 1006/1023/1841 1011/1028/1851 1012/1006/1852 1007/1024/1842
f 1008/1025/1845 1013/1005/1853 1014/1029/1854 1009/1026/1846
f 1009/1026/1847 1014/1029/1855 1010/1027/1856 1005/1022/1848
f 1010/1027/1849 1015/1030/1857 1024/1031/1858 1011/1028/1850
f 1011/1028/1851 1024/1031/1859 1016/1003/1860 1012/1006/1852
f 1002/1019/1861 1003/1020/1862 998/996/1818 997/995/1817
f 1013/1005/1853 1017/1004/1863 1018/1032/1864 1014/1029/1854
f 1014/1029/1855 1018/1032/1865 1015/1030/1866 1010/1027/1856
f 1015/1030/1857 1019/979/1762 1020/986/1761 1024/1031/1858
f 1024/1031/1859 1020/986/1784 1021/1000/1783 1016/1003/1860
f 1007/1024/1844 1008/1025/1843 1003/1020/1862 1002/1019/1861
f 1017/1004/1863 1022/998/1780 1023/980/1779 1018/1032/1864
f 1018/1032/1865 1023/980/1754 1019/979/1753 1015/1030/1866
f 907/931/1699 908/935/1699 933/923/1649 932/926/1649
f 1034/1033/1867 1030/1034/1868 1079/1035/1869 1083/1036/1870
f 1043/1037/1871 1038/1038/1872 1037/1039/1872 1042/1040/1871
f 1030/1034/1873 1031/1041/1874 1080/1042/1875 1079/1035/1876
f 1053/1043/1877 1048/1044/1878 1047/1045/1878 1052/1046/1877
f 1025/1047/1879 1029/1048/1880 1059/1049/1881 1055/1050/1882
f 1027/1051/1883 1026/1052/1884 1056/1053/1885 1057/1054/1886
f 1029/1048/1887 1028/1055/1888 1058/1056/1889 1059/1049/1890
f 1033/1057/1891 1034/1033/1892 1083/1036/1893 1082/1058/1894
f 1031/1041/1895 1032/1059/1896 1081/1060/1897 1080/1042/1898
f 1026/1052/1899 1025/1047/1900 1055/1050/1901 1056/1053/1902
f 1030/1034/1873 1035/1061/1903 1036/1062/1904 1031/1041/1874
f 1031/1041/1895 1036/1062/1905 1037/1039/1906 1032/1059/1896
f 1076/1063/1907 1077/1064/1907 1073/1065/1908 1072/1066/1908
f 1033/1057/1891 1038/1038/1909 1039/1067/1910 1034/1033/1892
f 1034/1033/1867 1039/1067/1911 1035/1061/1912 1030/1034/1868
f 1035/1061/1903 1040/1068/1913 1041/1069/1914 1036/1062/1904
f 1036/1062/1905 1041/1069/1915 1042/1040/1915 1037/1039/1906
f 1032/1059/1916 1033/1057/1916 1082/1058/1917 1081/1060/1917
f 1038/1038/1909 1043/1037/1918 1044/1070/1918 1039/1067/1910
f 1039/1067/1911 1044/1070/1919 1040/1068/1920 1035/1061/1912
f 1040/1068/1913 1045/1071/1921 1046/1072/1922 1041/1069/1914
f 1041/1069/1915 1046/1072/1923 1047/1045/1923 1042/1040/1915
f 1027/1051/1924 1057/1054/1925 1058/1056/1925 1028/1055/1924
f 1043/1037/1918 1048/1044/1926 1049/1073/1927 1044/1070/1918
f 1044/1070/1919 1049/1073/1928 1045/1071/1929 1040/1068/1920
f 1045/1071/1921 1050/1074/1930 1051/1075/1931 1046/1072/1922
f 1046/1072/1923 1051/1075/1932 1052/1046/1933 1047/1045/1923
f 1037/1039/1872 1038/1038/1872 1033/1057/1916 1032/1059/1916
f 1048/1044/1926 1053/1043/1934 1054/1076/1935 1049/1073/1927
f 1049/1073/1928 1054/1076/1936 1050/1074/1937 1045/1071/1929
f 1050/1074/1930 1025/1047/1900 1026/1052/1899 1051/1075/1931
f 1051/1075/1932 1026/1052/1884 1027/1051/1883 1052/1046/1933
f 1047/1045/1878 1048/1044/1878 1043/1037/1871 1042/1040/1871
f 1053/1043/1934 1028/1055/1888 1029/1048/1887 1054/1076/1935
f 1054/1076/1936 1029/1048/1880 1025/1047/1879 1050/1074/1937
f 1055/1050/1901 1060/1077/1938 1061/1078/1939 1056/1053/1902
f 1056/1053/1885 1061/1078/1940 1062/1079/1941 1057/1054/1886
f 1081/1060/1917 1082/1058/1917 1077/1064/1907 1076/1063/1907
f 1058/1056/1889 1063/1080/1942 1064/1081/1943 1059/1049/1890
f 1059/1049/1881 1064/1081/1944 1060/1077/1945 1055/1050/1882
f 1060/1077/1938 1065/1082/1946 1066/1083/1947 1061/1078/1939
f 1061/1078/1940 1066/1083/1948 1067/1084/1949 1062/1079/1941
f 1072/1066/1908 1073/1065/1908 1068/1085/1950 1067/1084/1950
f 1063/1080/1942 1068/1085/1951 1069/1086/1952 1064/1081/1943
f 1064/1081/1944 1069/1086/1953 1065/1082/1954 1060/1077/1945
f 1065/1082/1946 1070/1087/1955 1071/1088/1956 1066/1083/1947
f 1066/1083/1948 1071/1088/1957 1072/1066/1958 1067/1084/1949
f 1087/1089/1959 1088/1090/1960 1113/1091/1961 1112/1092/1962
f 1068/1085/1951 1073/1065/1963 1074/1093/1964 1069/1086/1952
f 1069/1086/1953 1074/1093/1965 1070/1087/1966 1065/1082/1954
f 1070/1087/1955 1075/1094/1967 1084/1095/1968 1071/1088/1956
f 1071/1088/1957 1084/1095/1969 1076/1063/1970 1072/1066/1958
f 1062/1079/1971 1063/1080/1971 1058/1056/1925 1057/1054/1925
f 1073/1065/1963 1077/1064/1972 1078/1096/1973 1074/1093/1964
f 1074/1093/1965 1078/1096/1974 1075/1094/1975 1070/1087/1966
f 1075/1094/1967 1079/1035/1876 1080/1042/1875 1084/1095/1968
f 1084/1095/1969 1080/1042/1898 1081/1060/1897 1076/1063/1970
f 1067/1084/1950 1068/1085/1950 1063/1080/1971 1062/1079/1971
f 1077/1064/1972 1082/1058/1894 1083/1036/1893 1078/1096/1973
f 1078/1096/1974 1083/1036/1870 1079/1035/1869 1075/1094/1975
f 1094/1097/1976 1090/1098/1977 1139/1099/1978 1143/1100/1979
f 1103/1101/1980 1098/1102/1981 1097/1103/1982 1102/1104/1983
f 1090/1098/1984 1091/1105/1985 1140/1106/1986 1139/1099/1987
f 1113/1091/1961 1108/1107/1988 1107/1108/1989 1112/1092/1962
f 1085/1109/1990 1089/1110/1991 1119/1111/1992 1115/1112/1993
f 1087/1089/1994 1086/1113/1995 1116/1114/1996 1117/1115/1997
f 1089/1110/1998 1088/1090/1999 1118/1116/2000 1119/1111/2001
f 1093/1117/2002 1094/1097/2003 1143/1100/2004 1142/1118/2005
f 1091/1105/2006 1092/1119/2007 1141/1120/2008 1140/1106/2009
f 1086/1113/2010 1085/1109/2011 1115/1112/2012 1116/1114/2013
f 1090/1098/1984 1095/1121/2014 1096/1122/2015 1091/1105/1985
f 1091/1105/2006 1096/1122/2016 1097/1103/2017 1092/1119/2007
f 1136/1123/2018 1137/1124/2019 1133/1125/2020 1132/1126/2021
f 1093/1117/2002 1098/1102/2022 1099/1127/2023 1094/1097/2003
f 1094/1097/1976 1099/1127/2024 1095/1121/2025 1090/1098/1977
f 1095/1121/2014 1100/1128/2026 1101/1129/2027 1096/1122/2015
f 1096/1122/2016 1101/1129/2028 1102/1104/2029 1097/1103/2017
f 1092/1119/2030 1093/1117/2031 1142/1118/2032 1141/1120/2033
f 1098/1102/2022 1103/1101/2034 1104/1130/2035 1099/1127/2023
f 1099/1127/2024 1104/1130/2036 1100/1128/2037 1095/1121/2025
f 1100/1128/2026 1105/1131/2038 1106/1132/2039 1101/1129/2027
f 1101/1129/2028 1106/1132/2040 1107/1108/2041 1102/1104/2029
f 1087/1089/1959 1117/1115/2042 1118/1116/2043 1088/1090/1960
f 1103/1101/2034 1108/1107/2044 1109/1133/2045 1104/1130/2035
f 1104/1130/2036 1109/1133/2046 1105/1131/2047 1100/1128/2037
f 1105/1131/2038 1110/1134/2048 1111/1135/2049 1106/1132/2039
f 1106/1132/2040 1111/1135/2050 1112/1092/2051 1107/1108/2041
f 1097/1103/1982 1098/1102/1981 1093/1117/2031 1092/1119/2030
f 1108/1107/2044 1113/1091/2052 1114/1136/2053 1109/1133/2045
f 1109/1133/2046 1114/1136/2054 1110/1134/2055 1105/1131/2047
f 1110/1134/2048 1085/1109/2011 1086/1113/2010 1111/1135/2049
f 1111/1135/2050 1086/1113/1995 1087/1089/1994 1112/1092/2051
f 1107/1108/1989 1108/1107/1988 1103/1101/1980 1102/1104/1983
f 1113/1091/2052 1088/1090/1999 1089/1110/1998 1114/1136/2053
f 1114/1136/2054 1089/1110/1991 1085/1109/1990 1110/1134/2055
f 1115/1112/2012 1120/1137/2056 1121/1138/2057 1116/1114/2013
f 1116/1114/1996 1121/1138/2058 1122/1139/2059 1117/1115/1997
f 1141/1120/2033 1142/1118/2032 1137/1124/2019 1136/1123/2018
f 1118/1116/2000 1123/1140/2060 1124/1141/2061 1119/1111/2001
f 1119/1111/1992 1124/1141/2062 1120/1137/2063 1115/1112/1993
f 1120/1137/2056 1125/1142/2064 1126/1143/2065 1121/1138/2057
f 1121/1138/2058 1126/1143/2066 1127/1144/2067 1122/1139/2059
f 1132/1126/2021 1133/1125/2020 1128/1145/2068 1127/1144/2069
f 1123/1140/2060 1128/1145/2070 1129/1146/2071 1124/1141/2061
f 1124/1141/2062 1129/1146/2072 1125/1142/2073 1120/1137/2063
f 1125/1142/2064 1130/1147/2074 1131/1148/2075 1126/1143/2065
f 1126/1143/2066 1131/1148/2076 1132/1126/2077 1127/1144/2067
f 1128/1145/2070 1133/1125/2078 1134/1149/2079 1129/1146/2071
f 1129/1146/2072 1134/1149/2080 1130/1147/2081 1125/1142/2073
f 1130/1147/2074 1135/1150/2082 1144/1151/2083 1131/1148/2075
f 1131/1148/2076 1144/1151/2084 1136/1123/2085 1132/1126/2077
f 1122/1139/2086 1123/1140/2087 1118/1116/2043 1117/1115/2042
f 1133/1125/2078 1137/1124/2088 1138/1152/2089 1134/1149/2079
f 1134/1149/2080 1138/1152/2090 1135/1150/2091 1130/1147/2081
f 1135/1150/2082 1139/1099/1987 1140/1106/1986 1144/1151/2083
f 1144/1151/2084 1140/1106/2009 1141/1120/2008 1136/1123/2085
f 1127/1144/2069 1128/1145/2068 1123/1140/2087 1122/1139/2086
f 1137/1124/2088 1142/1118/2005 1143/1100/2004 1138/1152/2089
f 1138/1152/2090 1143/1100/1979 1139/1099/1978 1135/1150/2091
f 1027/1051/1924 1028/1055/1924 1053/1043/1877 1052/1046/1877
f 1154/1153/2092 1150/1154/2093 1199/1155/2094 1203/1156/2095
f 1163/1157/2096 1158/1158/2097 1157/1159/2097 1162/1160/2096
f 1150/1154/2098 1151/1161/2099 1200/1162/2100 1199/1155/2101
f 1173/1163/2102 1168/1164/2103 1167/1165/2103 1172/1166/2102
f 1145/1167/2104 1149/1168/2105 1179/1169/2106 1175/1170/2107
f 1147/1171/2108 1146/1172/2109 1176/1173/2110 1177/1174/2111
f 1149/1168/2112 1148/1175/2113 1178/1176/2114 1179/1169/2115
f 1153/1177/2116 1154/1153/2117 1203/1156/2118 1202/1178/2119
f 1151/1161/2120 1152/1179/2121 1201/1180/2122 1200/1162/2123
f 1146/1172/2124 1145/1167/2125 1175/1170/2126 1176/1173/2127
f 1150/1154/2098 1155/1181/2128 1156/1182/2129 1151/1161/2099
f 1151/1161/2120 1156/1182/2130 1157/1159/2131 1152/1179/2121
f 1196/1183/2132 1197/1184/2132 1193/1185/2133 1192/1186/2133
f 1153/1177/2116 1158/1158/2134 1159/1187/2135 1154/1153/2117
f 1154/1153/2092 1159/1187/2136 1155/1181/2137 1150/1154/2093
f 1155/1181/2128 1160/1188/2138 1161/1189/2139 1156/1182/2129
f 1156/1182/2130 1161/1189/2140 1162/1160/2141 1157/1159/2131
f 1152/1179/2142 1153/1177/2142 1202/1178/2143 1201/1180/2143
f 1158/1158/2134 1163/1157/2144 1164/1190/2145 1159/1187/2135
f 1159/1187/2136 1164/1190/2146 1160/1188/2147 1155/1181/2137
f 1160/1188/2138 1165/1191/2148 1166/1192/2149 1161/1189/2139
f 1161/1189/2140 1166/1192/2150 1167/1165/2151 1162/1160/2141
f 1147/1171/2152 1177/1174/2153 1178/1176/2153 1148/1175/2152
f 1163/1157/2144 1168/1164/2154 1169/1193/2155 1164/1190/2145
f 1164/1190/2146 1169/1193/2156 1165/1191/2157 1160/1188/2147
f 1165/1191/2148 1170/1194/2158 1171/1195/2159 1166/1192/2149
f 1166/1192/2150 1171/1195/2160 1172/1166/2161 1167/1165/2151
f 1157/1159/2097 1158/1158/2097 1153/1177/2142 1152/1179/2142
f 1168/1164/2154 1173/1163/2162 1174/1196/2163 1169/1193/2155
f 1169/1193/2156 1174/1196/2164 1170/1194/2165 1165/1191/2157
f 1170/1194/2158 1145/1167/2125 1146/1172/2124 1171/1195/2159
f 1171/1195/2160 1146/1172/2109 1147/1171/2108 1172/1166/2161
f 1167/1165/2103 1168/1164/2103 1163/1157/2096 1162/1160/2096
f 1173/1163/2162 1148/1175/2113 1149/1168/2112 1174/1196/2163
f 1174/1196/2164 1149/1168/2105 1145/1167/2104 1170/1194/2165
f 1175/1170/2126 1180/1197/2166 1181/1198/2167 1176/1173/2127
f 1176/1173/2110 1181/1198/2168 1182/1199/2169 1177/1174/2111
f 1201/1180/2143 1202/1178/2143 1197/1184/2132 1196/1183/2132
f 1178/1176/2114 1183/1200/2170 1184/1201/2171 1179/1169/2115
f 1179/1169/2106 1184/1201/2172 1180/1197/2173 1175/1170/2107
f 1180/1197/2166 1185/1202/2174 1186/1203/2175 1181/1198/2167
f 1181/1198/2168 1186/1203/2176 1187/1204/2177 1182/1199/2169
f 1192/1186/2133 1193/1185/2133 1188/1205/2178 1187/1204/2178
f 1183/1200/2170 1188/1205/2179 1189/1206/2180 1184/1201/2171
f 1184/1201/2172 1189/1206/2181 1185/1202/2182 1180/1197/2173
f 1185/1202/2174 1190/1207/2183 1191/1208/2184 1186/1203/2175
f 1186/1203/2176 1191/1208/2185 1192/1186/2186 1187/1204/2177
f 1188/1205/2179 1193/1185/2187 1194/1209/2188 1189/1206/2180
f 1189/1206/2181 1194/1209/2189 1190/1207/2190 1185/1202/2182
f 1190/1207/2183 1195/1210/2191 1204/1211/2192 1191/1208/2184
f 1191/1208/2185 1204/1211/2193 1196/1183/2194 1192/1186/2186
f 1182/1199/2195 1183/1200/2195 1178/1176/2153 1177/1174/2153
f 1193/1185/2187 1197/1184/2196 1198/1212/2197 1194/1209/2188
f 1194/1209/2189 1198/1212/2198 1195/1210/2199 1190/1207/2190
f 1195/1210/2191 1199/1155/2101 1200/1162/2100 1204/1211/2192
f 1204/1211/2193 1200/1162/2123 1201/1180/2122 1196/1183/2194
f 1187/1204/2178 1188/1205/2178 1183/1200/2195 1182/1199/2195
f 1197/1184/2196 1202/1178/2119 1203/1156/2118 1198/1212/2197
f 1198/1212/2198 1203/1156/2095 1199/1155/2094 1195/1210/2199
f 1147/1171/2152 1148/1175/2152 1173/1163/2102 1172/1166/2102
f 1222/1213/2200 1223/1214/2200 1216/1215/2200 1213/1216/2200
f 1226/1217/2201 1227/1218/2201 1224/1219/2202 1221/1220/2202
f 1212/1221/4 1219/1222/4 1220/1223/4
f 1211/1224/4 1215/1225/4 1216/1226/4
f 1214/1227/2203 1215/1228/2203 1220/1229/2204 1217/1230/2204
f 1218/1231/2205 1219/1232/2205 1228/1233/2205 1225/1234/2205
f 1213/1216/8 1216/1215/8 1215/1228/2203 1214/1227/2203
f 1219/1232/9 1218/1231/9 1217/1230/2204 1220/1229/2204
f 1227/1218/2201 1226/1217/2201 1225/1234/10 1228/1233/10
f 1223/1214/11 1222/1213/11 1221/1220/2202 1224/1219/2202
f 1208/1235/12 1225/1234/12 1226/1217/12
f 1211/1224/4 1212/1221/4 1220/1223/4 1215/1225/4
f 1207/1236/12 1208/1235/12 1226/1217/12 1221/1220/12
f 1222/1213/12 1207/1236/12 1221/1220/12
f 1228/1237/4 1219/1222/4 1212/1221/4 1210/1238/4
f 1209/1239/4 1210/1238/4 1212/1221/4 1211/1224/4
f 1209/1239/4 1211/1224/4 1216/1226/4 1223/1240/4
f 1227/1241/4 1228/1237/4 1210/1238/4
f 1224/1242/4 1209/1239/4 1223/1240/4
f 1224/1242/4 1227/1241/4 1210/1238/4 1209/1239/4
f 1218/1231/12 1225/1234/12 1208/1235/12 1206/1243/12
f 1213/1216/12 1214/1227/12 1205/1244/12
f 1205/1244/12 1206/1243/12 1208/1235/12 1207/1236/12
f 1217/1230/12 1218/1231/12 1206/1243/12
f 1214/1227/12 1217/1230/12 1206/1243/12 1205/1244/12
f 1222/1213/12 1213/1216/12 1205/1244/12 1207/1236/12
f 1261/1245/13 1259/1246/13 1253/1247/14 1257/1248/15
f 1259/1246/16 1262/1249/16 1254/1250/17 1253/1247/18
f 1250/1251/19 1251/1252/19 1247/1253/20 1246/1254/20
f 1268/1255/21 1265/1256/21 1233/1257/22 1229/1258/23
f 1264/1259/24 1267/1260/24 1230/1261/25 1231/1262/26
f 1265/1256/27 1266/1263/27 1232/1264/28 1233/1257/29
f 1260/1265/30 1261/1245/30 1257/1248/31 1256/1266/32
f 1262/1249/33 1263/1267/33 1255/1268/34 1254/1250/35
f 1267/1260/36 1268/1255/36 1229/1258/37 1230/1261/38
f 1229/1258/37 1234/1269/39 1235/1270/39 1230/1261/38
f 1230/1261/25 1235/1270/40 1236/1271/40 1231/1262/26
f 1255/1268/41 1256/1266/41 1251/1252/19 1250/1251/19
f 1232/1264/28 1237/1272/42 1238/1273/42 1233/1257/29
f 1233/1257/22 1238/1273/43 1234/1269/43 1229/1258/23
f 1234/1269/39 1239/1274/44 1240/1275/44 1235/1270/39
f 1235/1270/40 1240/1275/45 1241/1276/45 1236/1271/40
f 1246/1254/20 1247/1253/20 1242/1277/46 1241/1276/46
f 1237/1272/42 1242/1277/47 1243/1278/47 1238/1273/42
f 1238/1273/43 1243/1278/48 1239/1274/48 1234/1269/43
f 1239/1274/44 1244/1279/49 1245/1280/49 1240/1275/44
f 1240/1275/45 1245/1280/50 1246/1254/50 1241/1276/45
f 1264/1259/5 1231/1262/51 1232/1264/51 1266/1263/5
f 1242/1277/47 1247/1253/52 1248/1281/52 1243/1278/47
f 1243/1278/48 1248/1281/53 1244/1279/53 1239/1274/48
f 1244/1279/49 1249/1282/54 1258/1283/54 1245/1280/49
f 1245/1280/50 1258/1283/55 1250/1251/55 1246/1254/50
f 1236/1271/56 1237/1272/56 1232/1264/51 1231/1262/51
f 1247/1253/52 1251/1252/57 1252/1284/57 1248/1281/52
f 1248/1281/53 1252/1284/58 1249/1282/58 1244/1279/53
f 1249/1282/54 1253/1247/18 1254/1250/17 1258/1283/54
f 1258/1283/55 1254/1250/35 1255/1268/34 1250/1251/55
f 1241/1276/46 1242/1277/46 1237/1272/56 1236/1271/56
f 1251/1252/57 1256/1266/32 1257/1248/31 1252/1284/57
f 1252/1284/58 1257/1248/15 1253/1247/14 1249/1282/58
f 1263/1267/3 1260/1265/3 1256/1266/41 1255/1268/41
