# Blender v3.4.1 OBJ File: 'MixedBag1_Export.blend'
# www.blender.org
mtllib chicken_plushie_B.mtl
o chicken_plushie_B
v -0.138298 0.692933 0.216868
v -0.199100 0.017999 -0.176764
v 0.138298 0.692933 0.216868
v 0.199100 0.017999 -0.176764
v -0.236531 0.016418 0.058961
v -0.164991 0.554246 0.331794
v -0.140481 0.705447 0.069696
v -0.276641 0.160828 -0.209042
v 0.000000 0.000000 -0.179253
v 0.276641 0.160828 -0.209042
v 0.236531 0.016418 0.058961
v 0.140481 0.705447 0.069696
v 0.164991 0.554246 0.331794
v 0.000000 0.742622 0.239200
v -0.333739 0.170308 0.046865
v 0.333739 0.170308 0.046865
v 0.000000 0.580162 0.378820
v 0.000000 0.000000 0.060817
v 0.000000 0.741156 0.057671
v -0.144748 0.346387 -0.396316
v -0.136776 0.071404 -0.321004
v 0.136776 0.071404 -0.321004
v 0.000000 0.060712 -0.344234
v 0.000000 0.352280 -0.456446
v 0.144748 0.346387 -0.396316
v 0.000000 0.201160 -0.439166
v -0.099391 0.549641 -0.398081
v 0.000000 0.580391 -0.408373
v 0.099391 0.549641 -0.398081
v -0.080845 0.515465 -0.448445
v 0.000000 0.534866 -0.469577
v 0.080845 0.515465 -0.448445
v -0.229031 0.533629 0.193483
v -0.217491 0.536710 -0.019513
v 0.217491 0.536710 -0.019513
v 0.229031 0.533629 0.193483
v 0.000000 0.177746 0.405964
v 0.000000 0.605216 -0.067898
v -0.282558 0.347345 0.240114
v -0.252894 0.288733 -0.248645
v 0.252894 0.288733 -0.248645
v 0.282558 0.347345 0.240114
v -0.310429 0.342297 0.010338
v 0.310429 0.342297 0.010338
v -0.204601 0.359987 0.369814
v 0.204601 0.359987 0.369814
v -0.225845 0.014199 -0.068205
v -0.225215 0.018733 0.179459
v -0.260454 0.438509 0.211566
v -0.238181 0.537044 0.094310
v -0.210357 0.471005 -0.140135
v -0.277379 0.225336 -0.220295
v -0.253171 0.083069 -0.191716
v 0.110091 0.000000 -0.174684
v -0.110091 0.000000 -0.174684
v 0.277379 0.225336 -0.220295
v 0.253171 0.083069 -0.191716
v 0.225215 0.018733 0.179459
v 0.225845 0.014199 -0.068205
v 0.210357 0.471005 -0.140135
v 0.238181 0.537044 0.094310
v 0.288849 0.262295 0.270637
v 0.073349 0.731313 0.233555
v -0.073349 0.731313 0.233555
v -0.313950 0.169299 0.184037
v -0.331636 0.256134 0.030779
v -0.316269 0.165216 -0.089935
v -0.304559 0.084695 0.055520
v -0.230034 0.170707 -0.298654
v -0.178660 0.395885 -0.338949
v 0.165860 0.041738 -0.263624
v 0.000000 0.011693 -0.269631
v 0.316269 0.165216 -0.089935
v 0.331636 0.256134 0.030779
v 0.313950 0.169299 0.184037
v 0.304559 0.084695 0.055520
v 0.132371 0.174768 0.383542
v 0.000000 0.675065 0.321033
v -0.132371 0.174768 0.383542
v 0.000000 0.085903 0.362218
v 0.000000 0.000000 -0.070260
v 0.129634 0.000000 0.060476
v -0.000000 0.000000 0.185568
v -0.129634 0.000000 0.060476
v 0.000000 0.535854 -0.158247
v -0.116901 0.587649 -0.059677
v 0.000000 0.764454 0.143255
v 0.116901 0.587649 -0.059677
v -0.152778 0.125282 -0.349456
v 0.080105 0.063503 -0.335873
v -0.080105 0.063503 -0.335873
v -0.070567 0.349189 -0.444010
v 0.070567 0.349189 -0.444010
v 0.152778 0.125282 -0.349456
v -0.084510 0.199967 -0.423244
v 0.084510 0.199967 -0.423244
v 0.230034 0.170707 -0.298654
v 0.178660 0.395885 -0.338949
v -0.105005 0.447935 -0.430322
v -0.165860 0.041738 -0.263624
v -0.059642 0.572054 -0.404682
v 0.059642 0.572054 -0.404682
v -0.092632 0.540666 -0.427160
v -0.045414 0.529388 -0.464090
v 0.045414 0.529388 -0.464090
v 0.092632 0.540666 -0.427160
v 0.000000 0.582344 -0.451138
v 0.000000 0.449493 -0.465409
v 0.105005 0.447935 -0.430322
v 0.134331 0.501824 -0.349389
v 0.000000 0.538656 -0.344316
v -0.134331 0.501825 -0.349389
v -0.145044 0.640215 0.288277
v -0.141447 0.710985 0.131928
v 0.141447 0.710985 0.131928
v 0.145044 0.640215 0.288277
v 0.091310 0.572682 0.367043
v -0.091310 0.572682 0.367043
v -0.084874 0.729924 0.060436
v 0.084874 0.729924 0.060436
v -0.186093 0.456987 0.357769
v -0.189299 0.624819 0.195546
v -0.174183 0.643996 0.034877
v 0.174183 0.643996 0.034877
v 0.189299 0.624819 0.195546
v 0.000000 0.276390 0.423499
v 0.000000 0.682342 -0.004193
v 0.209198 0.535287 0.274294
v -0.209198 0.535287 0.274294
v -0.288849 0.262295 0.270637
v -0.239322 0.365055 -0.233522
v 0.239322 0.365055 -0.233522
v 0.260454 0.438509 0.211566
v -0.277916 0.431320 -0.009055
v 0.277916 0.431320 -0.009055
v -0.150405 0.267275 -0.400056
v 0.150405 0.267275 -0.400056
v 0.000000 0.272270 -0.451714
v 0.303614 0.346943 0.134269
v 0.293475 0.320660 -0.117575
v -0.293475 0.320660 -0.117575
v -0.303614 0.346943 0.134269
v 0.186093 0.456987 0.357769
v 0.000000 0.479820 0.411525
v -0.254785 0.355118 0.315568
v 0.254785 0.355118 0.315568
v -0.285180 0.083760 0.184139
v -0.276486 0.438809 0.107329
v -0.265364 0.398028 -0.126008
v -0.289636 0.079591 -0.076838
v 0.134164 0.474546 -0.389665
v 0.207318 0.103311 -0.281964
v 0.092942 0.016503 -0.264135
v 0.289636 0.079591 -0.076838
v 0.265364 0.398028 -0.126008
v 0.276486 0.438809 0.107329
v 0.285180 0.083760 0.184139
v 0.134304 0.079425 0.337898
v 0.079193 0.666216 0.312556
v -0.079193 0.666216 0.312556
v -0.134304 0.079425 0.337898
v -0.124021 0.000000 -0.067513
v 0.124021 0.000000 -0.067513
v 0.125539 0.000000 0.183327
v -0.125539 0.000000 0.183327
v 0.116071 0.519253 -0.153157
v -0.116071 0.519253 -0.153157
v -0.076576 0.751885 0.140845
v 0.076576 0.751885 0.140845
v -0.078656 0.269840 -0.438485
v -0.092942 0.016503 -0.264135
v -0.207318 0.103311 -0.281964
v 0.245349 0.212305 -0.290765
v -0.055178 0.447119 -0.457539
v 0.048863 0.573339 -0.445743
v -0.048863 0.573339 -0.445743
v 0.080537 0.529178 -0.342346
v 0.055178 0.447119 -0.457539
v -0.134164 0.474546 -0.389665
v -0.080537 0.529178 -0.342346
v -0.184560 0.606389 0.257586
v -0.193534 0.635935 0.110002
v 0.193534 0.635935 0.110002
v 0.264517 0.273501 0.325616
v 0.124704 0.270357 0.406105
v -0.124704 0.270357 0.406105
v -0.101550 0.669780 0.002829
v 0.101550 0.669780 0.002829
v 0.184560 0.606389 0.257586
v -0.234861 0.444101 0.295672
v 0.319791 0.257109 0.162252
v 0.313948 0.243740 -0.102778
v -0.313948 0.243740 -0.102778
v -0.319791 0.257109 0.162252
v -0.103679 0.471627 0.397561
v 0.103679 0.471627 0.397561
v -0.264517 0.273501 0.325616
v 0.234861 0.444101 0.295672
v 0.078656 0.269840 -0.438485
v -0.245349 0.212305 -0.290765
v -0.197972 0.030838 0.254234
v -0.181438 0.043981 0.282869
v -0.188338 0.039554 0.266315
v 0.181438 0.043981 0.282869
v 0.197972 0.030838 0.254234
v 0.188338 0.039554 0.266315
v 0.000000 0.004739 0.254411
v 0.000000 0.017912 0.283751
v 0.000000 0.011127 0.266820
v -0.236312 0.188291 0.323616
v -0.259025 0.199702 0.301208
v -0.245327 0.194053 0.308768
v 0.259025 0.199702 0.301208
v 0.236312 0.188291 0.323616
v 0.245328 0.194053 0.308768
v 0.000000 0.363250 0.424200
v 0.000000 0.398510 0.422136
v 0.000000 0.380504 0.417242
v -0.210812 0.085671 0.297471
v -0.236133 0.086571 0.273425
v -0.221198 0.089001 0.282888
v 0.210812 0.085671 0.297471
v 0.236133 0.086571 0.273425
v 0.221198 0.089001 0.282888
v -0.120396 0.007965 0.252335
v -0.121997 0.024445 0.281326
v -0.119783 0.016494 0.264797
v 0.120396 0.007965 0.252335
v 0.121997 0.024445 0.281326
v 0.119783 0.016494 0.264797
v 0.219903 0.290316 0.360183
v 0.194904 0.276974 0.376593
v 0.205790 0.281813 0.363490
v -0.194904 0.276974 0.376593
v -0.219903 0.290316 0.360183
v -0.205790 0.281813 0.363490
v -0.131603 0.376440 0.400079
v -0.126110 0.342526 0.405723
v -0.125773 0.359356 0.397969
v 0.126110 0.342526 0.405723
v 0.131603 0.376440 0.400079
v 0.125773 0.359356 0.397969
v 0.364692 0.113181 0.169569
v 0.384789 0.275373 0.169592
v 0.337055 0.131619 -0.094700
v 0.360188 0.318531 -0.086415
v 0.382645 0.193997 0.187490
v 0.338711 0.271438 -0.162157
v 0.376362 0.092113 0.056113
v 0.400378 0.287482 0.057350
v 0.411165 0.187192 0.045558
v 0.276455 0.116181 0.181351
v 0.332373 0.109420 0.181330
v 0.374362 0.145784 0.181940
v 0.386336 0.242287 0.181950
v 0.355102 0.291915 0.181350
v 0.299183 0.298676 0.181371
v 0.304369 0.132064 -0.105290
v 0.248798 0.139926 -0.099659
v 0.275036 0.345255 -0.087927
v 0.330607 0.339362 -0.093540
v 0.350294 0.303165 -0.128725
v 0.336275 0.199379 -0.143217
v 0.375394 0.098980 0.126813
v 0.359962 0.100859 -0.026929
v 0.384398 0.299243 -0.023455
v 0.397784 0.280984 0.127049
v 0.339116 0.204915 0.219489
v 0.277660 0.212346 0.219489
v 0.241091 0.206044 0.130639
v 0.244882 0.262387 0.053375
v 0.216455 0.240480 -0.052153
v 0.231771 0.154947 0.052668
v 0.225961 0.319362 -0.202633
v 0.286944 0.316370 -0.210946
v 0.383952 0.211852 -0.060035
v 0.412748 0.240789 0.049998
v 0.409135 0.185724 0.129922
v 0.399637 0.133610 0.049207
v 0.275313 0.078594 0.061670
v 0.336681 0.071173 0.060329
v 0.306035 0.327984 0.063126
v 0.367403 0.320495 0.061769
v 0.333808 0.152572 0.209927
v 0.346635 0.254937 0.209927
v 0.287395 0.262100 0.209927
v 0.274568 0.159735 0.209927
v 0.241345 0.155104 0.129257
v 0.253752 0.256111 0.129393
v 0.233752 0.286341 -0.036610
v 0.220102 0.175319 -0.040942
v 0.230507 0.242308 -0.183056
v 0.245785 0.339602 -0.156425
v 0.304584 0.335942 -0.164122
v 0.289306 0.236816 -0.190297
v 0.375844 0.149997 -0.048805
v 0.389494 0.260604 -0.044781
v 0.410005 0.237217 0.128721
v 0.397598 0.136210 0.128585
v 0.277879 0.089172 0.130797
v 0.265160 0.088925 -0.017658
v 0.324177 0.081411 -0.021127
v 0.337101 0.082011 0.130525
v 0.295832 0.336075 -0.013379
v 0.306099 0.317883 0.131074
v 0.365322 0.310721 0.130802
v 0.354849 0.328460 -0.016909
v -0.364692 0.113181 0.169569
v -0.384789 0.275373 0.169592
v -0.337055 0.131619 -0.094700
v -0.360188 0.318531 -0.086415
v -0.382645 0.193997 0.187490
v -0.338711 0.271438 -0.162157
v -0.376362 0.092113 0.056113
v -0.400378 0.287482 0.057350
v -0.411165 0.187192 0.045558
v -0.276455 0.116181 0.181351
v -0.332373 0.109420 0.181330
v -0.374362 0.145784 0.181940
v -0.386336 0.242287 0.181950
v -0.355102 0.291915 0.181350
v -0.299183 0.298676 0.181371
v -0.304369 0.132064 -0.105290
v -0.248798 0.139926 -0.099659
v -0.275036 0.345255 -0.087927
v -0.330607 0.339362 -0.093540
v -0.350294 0.303165 -0.128725
v -0.336275 0.199379 -0.143217
v -0.375394 0.098980 0.126813
v -0.359962 0.100859 -0.026929
v -0.384398 0.299243 -0.023455
v -0.397784 0.280984 0.127049
v -0.339116 0.204915 0.219489
v -0.277660 0.212346 0.219489
v -0.241091 0.206044 0.130639
v -0.244882 0.262387 0.053375
v -0.216455 0.240480 -0.052153
v -0.231771 0.154947 0.052668
v -0.225961 0.319362 -0.202633
v -0.286944 0.316370 -0.210946
v -0.383952 0.211852 -0.060035
v -0.412748 0.240789 0.049998
v -0.409135 0.185724 0.129922
v -0.399637 0.133610 0.049207
v -0.275313 0.078594 0.061670
v -0.336681 0.071173 0.060329
v -0.306035 0.327984 0.063126
v -0.367403 0.320495 0.061769
v -0.333808 0.152572 0.209927
v -0.346635 0.254937 0.209927
v -0.287395 0.262100 0.209927
v -0.274568 0.159735 0.209927
v -0.241345 0.155104 0.129257
v -0.253752 0.256111 0.129393
v -0.233752 0.286341 -0.036610
v -0.220102 0.175319 -0.040942
v -0.230507 0.242308 -0.183056
v -0.245785 0.339602 -0.156425
v -0.304584 0.335942 -0.164122
v -0.289306 0.236816 -0.190297
v -0.375844 0.149997 -0.048805
v -0.389494 0.260604 -0.044781
v -0.410005 0.237217 0.128721
v -0.397598 0.136210 0.128585
v -0.277879 0.089172 0.130797
v -0.265160 0.088925 -0.017658
v -0.324177 0.081411 -0.021127
v -0.337101 0.082011 0.130525
v -0.295832 0.336075 -0.013379
v -0.306099 0.317883 0.131074
v -0.365322 0.310721 0.130802
v -0.354849 0.328460 -0.016909
v 0.101857 0.624626 0.301316
v 0.130326 0.593308 0.301943
v 0.118269 0.672567 0.303290
v 0.104361 0.682358 0.280548
v 0.114828 0.685652 0.288260
v 0.122995 0.688990 0.280671
v 0.103492 0.665046 0.299726
v 0.113012 0.687620 0.265207
v 0.132680 0.673773 0.297370
v 0.127040 0.617856 0.322612
v 0.127549 0.646172 0.320503
v 0.135049 0.628144 0.325764
v 0.145674 0.624488 0.322735
v 0.112773 0.638652 0.316938
v 0.141961 0.647379 0.314583
v 0.141241 0.607334 0.317565
v 0.116125 0.603831 0.306990
v 0.102096 0.673594 0.249586
v 0.092577 0.651021 0.284104
v 0.093445 0.668332 0.264926
v 0.163169 0.602265 0.297970
v 0.172105 0.624727 0.263597
v 0.163939 0.642319 0.294975
v 0.171602 0.607486 0.282683
v 0.173158 0.619364 0.291755
v 0.172327 0.635843 0.280521
v 0.167652 0.619429 0.303127
v 0.134982 0.682559 0.245602
v 0.154658 0.668714 0.277762
v 0.162791 0.651115 0.246392
v 0.144973 0.683931 0.261063
v 0.152928 0.676871 0.254254
v 0.163037 0.662235 0.263310
v 0.148931 0.671989 0.240618
v 0.151902 0.588172 0.282436
v 0.160347 0.610542 0.248184
v 0.160084 0.593346 0.267211
v 0.123824 0.668487 0.230040
v 0.151016 0.636927 0.230983
v 0.137419 0.657850 0.225144
v -0.101857 0.624626 0.301316
v -0.130326 0.593308 0.301943
v -0.118269 0.672567 0.303290
v -0.104361 0.682358 0.280548
v -0.114828 0.685652 0.288260
v -0.122995 0.688990 0.280671
v -0.103492 0.665046 0.299726
v -0.113012 0.687620 0.265207
v -0.132680 0.673773 0.297370
v -0.127040 0.617856 0.322612
v -0.127549 0.646172 0.320503
v -0.135049 0.628144 0.325764
v -0.145674 0.624488 0.322735
v -0.112773 0.638652 0.316938
v -0.141961 0.647379 0.314583
v -0.141241 0.607334 0.317565
v -0.116125 0.603831 0.306990
v -0.102096 0.673594 0.249586
v -0.092577 0.651021 0.284104
v -0.093445 0.668332 0.264926
v -0.163169 0.602265 0.297970
v -0.172105 0.624727 0.263597
v -0.163939 0.642319 0.294975
v -0.171602 0.607486 0.282683
v -0.173158 0.619364 0.291755
v -0.172327 0.635843 0.280521
v -0.167652 0.619429 0.303127
v -0.134982 0.682559 0.245602
v -0.154658 0.668714 0.277762
v -0.162791 0.651115 0.246392
v -0.144973 0.683931 0.261063
v -0.152928 0.676871 0.254254
v -0.163037 0.662235 0.263310
v -0.148931 0.671989 0.240618
v -0.151902 0.588172 0.282436
v -0.160347 0.610542 0.248184
v -0.160084 0.593346 0.267211
v -0.123824 0.668487 0.230040
v -0.151016 0.636927 0.230983
v -0.137419 0.657850 0.225144
v -0.067803 0.710557 0.107881
v -0.037443 0.789051 0.083010
v 0.067803 0.710557 0.107881
v 0.037443 0.789051 0.083010
v -0.027386 0.717848 0.225287
v -0.031447 0.800374 0.220327
v 0.027386 0.717848 0.225287
v 0.031447 0.800374 0.220327
v 0.027189 0.665224 0.015449
v -0.027189 0.665224 0.015449
v -0.031158 0.729200 -0.016790
v 0.031158 0.729200 -0.016790
v -0.018159 0.822114 0.032281
v 0.018159 0.822114 0.032281
v 0.017709 0.788990 -0.032373
v -0.017709 0.788990 -0.032373
v 0.015148 0.890737 0.189918
v 0.015574 0.878027 0.093982
v -0.015574 0.878027 0.093982
v -0.015148 0.890737 0.189918
v -0.068485 0.739219 0.099467
v 0.068485 0.739219 0.099467
v 0.067083 0.715655 0.145569
v 0.062845 0.797942 0.184957
v 0.031429 0.750095 0.226222
v -0.031429 0.750095 0.226222
v -0.058935 0.717212 0.192639
v -0.066240 0.792727 0.129466
v -0.031242 0.692378 0.001425
v 0.031242 0.692378 0.001425
v 0.062674 0.742376 0.008017
v -0.066096 0.763689 0.049515
v -0.058784 0.678669 0.037653
v 0.067076 0.698532 0.074897
v -0.024827 0.827011 0.007725
v 0.024751 0.811483 -0.022890
v -0.029317 0.809805 0.054298
v 0.029317 0.809805 0.054298
v 0.026752 0.765875 -0.028635
v -0.026752 0.765875 -0.028635
v 0.020874 0.906064 0.161744
v -0.020991 0.900249 0.116314
v 0.027196 0.854544 0.207308
v 0.029905 0.841348 0.088082
v -0.029905 0.841348 0.088082
v -0.027196 0.854544 0.207308
v 0.058935 0.717212 0.192639
v 0.066239 0.792727 0.129466
v -0.067083 0.715655 0.145569
v -0.062845 0.797942 0.184957
v 0.020991 0.900249 0.116314
v -0.020874 0.906064 0.161744
v 0.066096 0.763689 0.049515
v -0.062674 0.742376 0.008017
v -0.067076 0.698532 0.074897
v 0.058784 0.678669 0.037653
v -0.024751 0.811483 -0.022890
v 0.024827 0.827011 0.007725
v 0.063630 0.748386 0.191955
v -0.070455 0.744940 0.139185
v 0.063519 0.704933 0.024621
v -0.063519 0.704933 0.024621
v 0.051922 0.778116 -0.007929
v -0.052744 0.795632 0.027407
v 0.053206 0.848396 0.123455
v -0.052294 0.854234 0.173292
v -0.053206 0.848396 0.123455
v 0.052294 0.854234 0.173292
v -0.063630 0.748386 0.191955
v 0.070455 0.744940 0.139185
v -0.051922 0.778116 -0.007929
v 0.052744 0.795632 0.027407
v -0.070453 0.725351 0.065740
v 0.070453 0.725351 0.065740
v -0.000000 0.794845 0.080394
v -0.000000 0.801489 0.226586
v 0.000000 0.662307 0.009800
v 0.000000 0.726807 -0.022680
v 0.000000 0.828078 0.034480
v 0.000000 0.789746 -0.038685
v -0.000000 0.895117 0.194525
v 0.000000 0.880927 0.088325
v -0.000000 0.717664 0.231642
v 0.000000 0.815817 -0.027541
v 0.000000 0.905959 0.113519
v 0.000000 0.689509 -0.004249
v -0.000000 0.815165 0.057717
v 0.000000 0.764386 -0.034815
v -0.000000 0.842160 0.081777
v -0.000000 0.856675 0.213297
v -0.000000 0.750374 0.232573
v 0.000000 0.912312 0.162917
v 0.000000 0.833309 0.006861
v -0.042246 0.617212 0.402635
v -0.042246 0.667857 0.363360
v 0.042249 0.617212 0.402635
v 0.042249 0.667857 0.363360
v -0.058462 0.575404 0.360983
v -0.058462 0.649868 0.309447
v 0.058464 0.575404 0.360983
v 0.058464 0.649868 0.309447
v 0.000001 0.632156 0.424899
v 0.000001 0.690214 0.372749
v 0.000001 0.583207 0.369133
v 0.000001 0.686758 0.295019
v -0.050814 0.598637 0.385105
v -0.047316 0.655306 0.380712
v -0.050814 0.661577 0.339490
v 0.050816 0.598637 0.385105
v 0.050816 0.661577 0.339490
v 0.047319 0.655306 0.380712
v -0.024830 0.626534 0.416298
v 0.024832 0.626534 0.416298
v 0.024832 0.682242 0.369037
v -0.024830 0.682242 0.369037
v -0.075344 0.620429 0.327547
v 0.075347 0.620429 0.327547
v 0.000001 0.680985 0.409478
v 0.031857 0.579485 0.366436
v 0.000001 0.607916 0.399584
v -0.031854 0.579485 0.366436
v -0.031854 0.675612 0.298342
v 0.000001 0.692405 0.332498
v 0.031857 0.675612 0.298342
v -0.064302 0.637828 0.355200
v 0.025219 0.672746 0.400796
v -0.025217 0.672746 0.400796
v 0.028081 0.603672 0.394188
v -0.028079 0.603672 0.394188
v -0.028079 0.682928 0.333215
v 0.028081 0.682928 0.333215
v 0.064304 0.637828 0.355200
v 0.221982 0.084616 -0.175908
v 0.227719 0.111738 -0.181195
v 0.122794 0.084616 -0.283539
v 0.128531 0.111738 -0.288826
v 0.357339 0.084891 -0.341072
v 0.352475 0.114771 -0.336589
v 0.298441 0.084891 -0.404983
v 0.293577 0.114771 -0.400501
v 0.147282 0.073625 -0.311137
v 0.245579 0.071401 -0.406865
v 0.191255 0.059639 -0.365481
v 0.245579 0.102507 -0.406865
v 0.147748 0.103189 -0.309825
v 0.191044 0.093272 -0.363724
v 0.354906 0.071401 -0.288232
v 0.251485 0.073625 -0.198065
v 0.309232 0.059639 -0.237462
v 0.250215 0.103189 -0.198636
v 0.354906 0.102507 -0.288232
v 0.307463 0.093272 -0.237395
v -0.048537 0.631002 0.400648
v -0.050435 0.645683 0.392125
v 0.050437 0.645683 0.392125
v 0.048539 0.631002 0.400648
v -0.074677 0.589562 0.349497
v -0.079285 0.603168 0.339437
v 0.079288 0.603168 0.339437
v 0.074679 0.589562 0.349498
v 0.000001 0.671234 0.420110
v 0.000001 0.653389 0.426546
v -0.069141 0.624048 0.366825
v -0.065074 0.611039 0.376798
v 0.065076 0.611040 0.376798
v 0.069143 0.624048 0.366825
v 0.025746 0.664190 0.413732
v 0.025655 0.647728 0.420048
v -0.025653 0.647728 0.420048
v -0.025743 0.664190 0.413732
v -0.180537 0.447435 -0.273448
v -0.192811 0.439612 -0.247846
v -0.182470 0.438158 -0.259826
v 0.192811 0.439612 -0.247846
v 0.180696 0.447512 -0.273487
v 0.182514 0.438182 -0.259845
v 0.000000 0.512070 -0.245157
v 0.000000 0.513083 -0.271993
v 0.000000 0.504816 -0.258894
v -0.162721 0.207934 -0.378557
v -0.175845 0.191031 -0.362559
v -0.166309 0.201050 -0.366725
v 0.175845 0.191031 -0.362559
v 0.162721 0.207934 -0.378557
v 0.166309 0.201050 -0.366725
v -0.105813 0.496504 -0.242214
v -0.100603 0.498600 -0.269090
v -0.101467 0.490063 -0.255734
v 0.105813 0.496504 -0.242214
v 0.100603 0.498600 -0.269089
v 0.101469 0.490063 -0.255744
v 0.000000 0.144237 -0.409515
v 0.000000 0.120069 -0.393562
v 0.000000 0.134938 -0.396926
v 0.197609 0.278451 -0.346369
v 0.212743 0.261822 -0.329688
v 0.200956 0.270890 -0.334047
v -0.197609 0.278451 -0.346369
v -0.212743 0.261822 -0.329688
v -0.200952 0.270894 -0.334051
v -0.219187 0.352832 -0.286785
v -0.205690 0.359571 -0.310419
v -0.207680 0.351777 -0.297348
v -0.085315 0.119584 -0.379392
v -0.081709 0.143327 -0.395484
v -0.080662 0.133794 -0.383141
v 0.081709 0.143327 -0.395484
v 0.085315 0.119584 -0.379392
v 0.080662 0.133794 -0.383141
v 0.205557 0.359460 -0.310433
v 0.219187 0.352832 -0.286785
v 0.207644 0.351742 -0.297348
v 0.121462 0.322860 0.396486
v 0.121454 0.326380 0.413224
v 0.105845 0.329685 0.395043
v 0.105837 0.333205 0.411781
v 0.149823 0.384997 0.383433
v 0.149815 0.388517 0.400171
v 0.134207 0.391822 0.381990
v 0.134199 0.395342 0.398728
v 0.112619 0.323550 0.394083
v 0.121916 0.321581 0.404913
v 0.112609 0.327743 0.414024
v 0.103311 0.329712 0.403194
v 0.108286 0.342475 0.391673
v 0.125986 0.386099 0.406443
v 0.133745 0.396388 0.389188
v 0.143052 0.390225 0.380077
v 0.143042 0.394419 0.400017
v 0.152350 0.388257 0.390907
v 0.147383 0.371933 0.385498
v 0.129661 0.337949 0.416570
v 0.125998 0.381279 0.383522
v 0.108275 0.347295 0.414594
v 0.129672 0.333129 0.393649
v 0.147372 0.376753 0.408418
v 0.110441 0.320638 0.403886
v 0.122120 0.385638 0.394513
v 0.145222 0.396839 0.387878
v 0.133538 0.333567 0.405469
v 0.136795 0.375922 0.380149
v 0.118864 0.343283 0.419833
v 0.136779 0.382534 0.411588
v 0.118879 0.336671 0.388394
v 0.151454 0.372818 0.397223
v 0.104205 0.346387 0.402759
v 0.211736 0.182482 0.324087
v 0.223027 0.182651 0.336933
v 0.206586 0.198209 0.328407
v 0.217876 0.198378 0.341254
v 0.259590 0.209806 0.281670
v 0.270881 0.209974 0.294517
v 0.254440 0.225533 0.285991
v 0.265731 0.225701 0.298837
v 0.205957 0.189326 0.326139
v 0.215751 0.180058 0.331218
v 0.219408 0.189527 0.341445
v 0.209615 0.198795 0.336366
v 0.214179 0.206238 0.320740
v 0.259525 0.223532 0.311844
v 0.260965 0.228114 0.290851
v 0.257307 0.218645 0.280625
v 0.270758 0.218846 0.295930
v 0.267101 0.209377 0.285704
v 0.251116 0.201764 0.288335
v 0.236693 0.184931 0.332416
v 0.244063 0.223301 0.294252
v 0.229640 0.206468 0.338332
v 0.221232 0.184701 0.314824
v 0.266578 0.201995 0.305927
v 0.208227 0.187320 0.336146
v 0.250619 0.227516 0.303952
v 0.266912 0.220828 0.284129
v 0.230064 0.180715 0.322631
v 0.244852 0.212587 0.287830
v 0.235831 0.195644 0.338754
v 0.266060 0.212904 0.311960
v 0.214623 0.195327 0.314623
v 0.260293 0.197975 0.295837
v 0.220390 0.210256 0.330746
v 0.218195 0.364924 -0.260708
v 0.231916 0.373506 -0.266240
v 0.213538 0.378431 -0.251304
v 0.227260 0.387013 -0.256836
v 0.181249 0.389473 -0.314262
v 0.194971 0.398055 -0.319795
v 0.176593 0.402980 -0.304859
v 0.190314 0.411562 -0.310391
v 0.215446 0.369674 -0.253336
v 0.226394 0.366741 -0.262233
v 0.231794 0.379899 -0.259927
v 0.220847 0.382832 -0.251030
v 0.205206 0.385200 -0.259407
v 0.200925 0.412283 -0.300427
v 0.181202 0.409175 -0.308497
v 0.175802 0.396017 -0.310803
v 0.192150 0.406241 -0.317394
v 0.186750 0.393083 -0.319700
v 0.188511 0.382035 -0.305728
v 0.230373 0.378457 -0.279860
v 0.182134 0.400531 -0.292851
v 0.223997 0.396953 -0.266982
v 0.211583 0.366704 -0.272284
v 0.207301 0.393787 -0.313304
v 0.225494 0.372306 -0.252141
v 0.190167 0.409904 -0.294421
v 0.180186 0.402411 -0.317817
v 0.222251 0.369027 -0.278254
v 0.181653 0.389159 -0.298057
v 0.230765 0.389772 -0.274618
v 0.207427 0.405279 -0.308448
v 0.204991 0.373652 -0.264227
v 0.198913 0.384534 -0.312084
v 0.213505 0.394397 -0.260591
v 0.199022 0.213291 -0.325505
v 0.213753 0.218294 -0.332612
v 0.198895 0.227399 -0.315837
v 0.213626 0.232402 -0.322944
v 0.163689 0.246931 -0.375060
v 0.178420 0.251934 -0.382167
v 0.163562 0.261040 -0.365392
v 0.178293 0.266043 -0.372498
v 0.198349 0.218471 -0.317945
v 0.207200 0.213047 -0.327937
v 0.215899 0.224432 -0.326412
v 0.207048 0.229856 -0.316419
v 0.191663 0.236126 -0.323078
v 0.189770 0.263986 -0.363757
v 0.169134 0.265953 -0.369593
v 0.160435 0.254569 -0.371119
v 0.177985 0.260530 -0.379586
v 0.169286 0.249145 -0.381112
v 0.169772 0.237814 -0.367264
v 0.212010 0.223658 -0.346050
v 0.169598 0.257134 -0.354024
v 0.211835 0.242978 -0.332810
v 0.191837 0.216806 -0.336318
v 0.189945 0.244666 -0.376996
v 0.208804 0.218524 -0.317884
v 0.179476 0.264255 -0.356585
v 0.165474 0.259778 -0.378655
v 0.202035 0.216504 -0.343443
v 0.165761 0.246306 -0.358991
v 0.215750 0.234453 -0.341037
v 0.193431 0.255704 -0.372340
v 0.188080 0.225055 -0.327688
v 0.179715 0.237754 -0.374746
v 0.201796 0.243005 -0.325282
v 0.097282 0.491885 -0.219738
v 0.106932 0.505631 -0.222968
v 0.083386 0.501826 -0.218945
v 0.093037 0.515573 -0.222175
v 0.087057 0.483037 -0.287951
v 0.096708 0.496784 -0.291180
v 0.073162 0.492979 -0.287158
v 0.082813 0.506726 -0.290387
v 0.089463 0.495406 -0.216434
v 0.103489 0.497673 -0.218830
v 0.100961 0.511783 -0.220281
v 0.086935 0.509517 -0.217885
v 0.078524 0.501465 -0.231480
v 0.085355 0.514765 -0.278500
v 0.075963 0.500023 -0.291080
v 0.078492 0.485913 -0.289629
v 0.089989 0.502290 -0.293477
v 0.092518 0.488179 -0.292026
v 0.091167 0.482326 -0.275164
v 0.110768 0.506676 -0.236989
v 0.072139 0.495940 -0.274078
v 0.091740 0.520290 -0.235902
v 0.097552 0.487851 -0.232566
v 0.104383 0.501151 -0.279587
v 0.095322 0.503313 -0.212904
v 0.075142 0.507806 -0.276322
v 0.082783 0.492463 -0.296556
v 0.107701 0.494721 -0.234723
v 0.079129 0.485558 -0.274034
v 0.103715 0.516968 -0.237011
v 0.097256 0.511379 -0.280100
v 0.085587 0.491147 -0.230945
v 0.101242 0.489132 -0.277812
v 0.081601 0.513394 -0.233233
v 0.075247 0.493773 -0.251865
v 0.088463 0.512597 -0.256287
v 0.094276 0.480159 -0.252951
v 0.107492 0.498983 -0.257374
v 0.100402 0.509243 -0.257642
v 0.082274 0.483422 -0.251576
v 0.104388 0.486996 -0.255354
v 0.078288 0.505670 -0.253864
v -0.121462 0.322860 0.396486
v -0.121454 0.326380 0.413224
v -0.105845 0.329685 0.395043
v -0.105837 0.333205 0.411781
v -0.149823 0.384997 0.383433
v -0.149815 0.388517 0.400171
v -0.134207 0.391822 0.381990
v -0.134199 0.395342 0.398728
v -0.112619 0.323550 0.394083
v -0.121916 0.321581 0.404913
v -0.112609 0.327743 0.414024
v -0.103311 0.329712 0.403194
v -0.108286 0.342475 0.391673
v -0.125986 0.386099 0.406443
v -0.133745 0.396388 0.389188
v -0.143052 0.390225 0.380077
v -0.143042 0.394419 0.400017
v -0.152350 0.388257 0.390907
v -0.147383 0.371933 0.385498
v -0.129661 0.337949 0.416570
v -0.125998 0.381279 0.383522
v -0.108275 0.347295 0.414594
v -0.129672 0.333129 0.393649
v -0.147372 0.376753 0.408418
v -0.110441 0.320638 0.403886
v -0.122120 0.385638 0.394513
v -0.145222 0.396839 0.387878
v -0.133538 0.333567 0.405469
v -0.136795 0.375922 0.380149
v -0.118864 0.343283 0.419833
v -0.136779 0.382534 0.411588
v -0.118879 0.336671 0.388394
v -0.151454 0.372818 0.397223
v -0.104205 0.346387 0.402759
v -0.211736 0.182482 0.324087
v -0.223027 0.182651 0.336933
v -0.206586 0.198209 0.328407
v -0.217876 0.198378 0.341254
v -0.259590 0.209806 0.281670
v -0.270881 0.209974 0.294517
v -0.254440 0.225533 0.285991
v -0.265731 0.225701 0.298837
v -0.205957 0.189326 0.326139
v -0.215751 0.180058 0.331218
v -0.219408 0.189527 0.341445
v -0.209615 0.198795 0.336366
v -0.214179 0.206238 0.320740
v -0.259525 0.223532 0.311844
v -0.260965 0.228114 0.290851
v -0.257307 0.218645 0.280625
v -0.270758 0.218846 0.295930
v -0.267101 0.209377 0.285704
v -0.251116 0.201764 0.288335
v -0.236693 0.184931 0.332416
v -0.244063 0.223301 0.294252
v -0.229640 0.206468 0.338332
v -0.221232 0.184701 0.314824
v -0.266578 0.201995 0.305927
v -0.208227 0.187320 0.336146
v -0.250619 0.227516 0.303952
v -0.266912 0.220828 0.284129
v -0.230064 0.180715 0.322631
v -0.244852 0.212587 0.287830
v -0.235831 0.195644 0.338754
v -0.266060 0.212904 0.311960
v -0.214623 0.195327 0.314623
v -0.260293 0.197975 0.295837
v -0.220390 0.210256 0.330746
v -0.218195 0.364924 -0.260708
v -0.231916 0.373506 -0.266240
v -0.213538 0.378431 -0.251304
v -0.227260 0.387013 -0.256836
v -0.181249 0.389473 -0.314262
v -0.194971 0.398055 -0.319795
v -0.176593 0.402980 -0.304859
v -0.190314 0.411562 -0.310391
v -0.215446 0.369674 -0.253336
v -0.226394 0.366741 -0.262233
v -0.231794 0.379899 -0.259927
v -0.220847 0.382832 -0.251030
v -0.205206 0.385200 -0.259407
v -0.200925 0.412283 -0.300427
v -0.181202 0.409175 -0.308497
v -0.175802 0.396017 -0.310803
v -0.192150 0.406241 -0.317394
v -0.186750 0.393083 -0.319700
v -0.188511 0.382035 -0.305728
v -0.230373 0.378457 -0.279860
v -0.182134 0.400531 -0.292851
v -0.223997 0.396953 -0.266982
v -0.211583 0.366704 -0.272284
v -0.207301 0.393787 -0.313304
v -0.225494 0.372306 -0.252141
v -0.190167 0.409904 -0.294421
v -0.180186 0.402411 -0.317817
v -0.222251 0.369027 -0.278254
v -0.181653 0.389159 -0.298057
v -0.230765 0.389772 -0.274618
v -0.207427 0.405279 -0.308448
v -0.204991 0.373652 -0.264227
v -0.198913 0.384534 -0.312084
v -0.213505 0.394397 -0.260591
v -0.199022 0.213291 -0.325505
v -0.213753 0.218294 -0.332612
v -0.198895 0.227399 -0.315837
v -0.213626 0.232402 -0.322944
v -0.163689 0.246931 -0.375060
v -0.178420 0.251934 -0.382167
v -0.163562 0.261040 -0.365392
v -0.178293 0.266043 -0.372498
v -0.198349 0.218471 -0.317945
v -0.207200 0.213047 -0.327937
v -0.215899 0.224432 -0.326412
v -0.207048 0.229856 -0.316419
v -0.191663 0.236126 -0.323078
v -0.189770 0.263986 -0.363757
v -0.169134 0.265953 -0.369593
v -0.160435 0.254569 -0.371119
v -0.177985 0.260530 -0.379586
v -0.169286 0.249145 -0.381112
v -0.169772 0.237814 -0.367264
v -0.212010 0.223658 -0.346050
v -0.169598 0.257134 -0.354024
v -0.211835 0.242978 -0.332810
v -0.191837 0.216806 -0.336318
v -0.189945 0.244666 -0.376996
v -0.208804 0.218524 -0.317884
v -0.179476 0.264255 -0.356585
v -0.165474 0.259778 -0.378655
v -0.202035 0.216504 -0.343443
v -0.165761 0.246306 -0.358991
v -0.215750 0.234453 -0.341037
v -0.193431 0.255704 -0.372340
v -0.188080 0.225055 -0.327688
v -0.179715 0.237754 -0.374746
v -0.201796 0.243005 -0.325282
v -0.097282 0.491885 -0.219738
v -0.106932 0.505631 -0.222968
v -0.083386 0.501826 -0.218945
v -0.093037 0.515573 -0.222175
v -0.087057 0.483037 -0.287951
v -0.096708 0.496784 -0.291180
v -0.073162 0.492979 -0.287158
v -0.082813 0.506726 -0.290387
v -0.089463 0.495406 -0.216434
v -0.103489 0.497673 -0.218830
v -0.100961 0.511783 -0.220281
v -0.086935 0.509517 -0.217885
v -0.078524 0.501465 -0.231480
v -0.085355 0.514765 -0.278500
v -0.075963 0.500023 -0.291080
v -0.078492 0.485913 -0.289629
v -0.089989 0.502290 -0.293477
v -0.092518 0.488179 -0.292026
v -0.091167 0.482326 -0.275164
v -0.110768 0.506676 -0.236989
v -0.072139 0.495940 -0.274078
v -0.091740 0.520290 -0.235902
v -0.097552 0.487851 -0.232566
v -0.104383 0.501151 -0.279587
v -0.095322 0.503313 -0.212904
v -0.075142 0.507806 -0.276322
v -0.082783 0.492463 -0.296556
v -0.107701 0.494721 -0.234723
v -0.079129 0.485558 -0.274034
v -0.103715 0.516968 -0.237011
v -0.097256 0.511379 -0.280100
v -0.085587 0.491147 -0.230945
v -0.101242 0.489132 -0.277812
v -0.081601 0.513394 -0.233233
v -0.075247 0.493773 -0.251865
v -0.088463 0.512597 -0.256287
v -0.094276 0.480159 -0.252951
v -0.107492 0.498983 -0.257374
v -0.100402 0.509243 -0.257642
v -0.082274 0.483422 -0.251576
v -0.104388 0.486996 -0.255354
v -0.078288 0.505670 -0.253864
vt 0.799253 0.793498
vt 0.797779 0.799047
vt 0.792135 0.795470
vt 0.798929 0.915901
vt 0.790522 0.917416
vt 0.785563 0.897110
vt 0.798011 0.894014
vt 0.779710 0.765048
vt 0.776264 0.814637
vt 0.773894 0.814868
vt 0.777389 0.765142
vt 0.786892 0.758485
vt 0.785536 0.758251
vt 0.780024 0.855403
vt 0.782671 0.876277
vt 0.780751 0.876346
vt 0.777502 0.855311
vt 0.786435 0.898056
vt 0.785339 0.898838
vt 0.787817 0.898762
vt 0.780580 0.874631
vt 0.776686 0.854248
vt 0.782083 0.867008
vt 0.778716 0.849293
vt 0.788671 0.883718
vt 0.785202 0.859458
vt 0.790654 0.876645
vt 0.787614 0.856660
vt 0.783577 0.841983
vt 0.779176 0.764627
vt 0.786816 0.758027
vt 0.775987 0.813702
vt 0.780733 0.812697
vt 0.783543 0.764978
vt 0.790019 0.758411
vt 0.801816 0.895850
vt 0.813864 0.899232
vt 0.813864 0.937003
vt 0.804219 0.934833
vt 0.835262 0.866517
vt 0.831200 0.855184
vt 0.826440 0.916231
vt 0.829933 0.922324
vt 0.823547 0.931693
vt 0.824959 0.937463
vt 0.829953 0.928570
vt 0.825768 0.939518
vt 0.846996 0.812697
vt 0.844185 0.764978
vt 0.838694 0.767021
vt 0.841414 0.814959
vt 0.837710 0.758411
vt 0.833729 0.760807
vt 0.830245 0.763801
vt 0.832162 0.769239
vt 0.833569 0.823458
vt 0.831878 0.837070
vt 0.837606 0.839620
vt 0.796529 0.855184
vt 0.795851 0.837070
vt 0.790198 0.839629
vt 0.792467 0.866517
vt 0.792245 0.883147
vt 0.797776 0.928570
vt 0.797796 0.922324
vt 0.789241 0.858199
vt 0.827049 0.756594
vt 0.824996 0.758260
vt 0.813864 0.756594
vt 0.813864 0.757774
vt 0.813864 0.762722
vt 0.823458 0.763003
vt 0.848553 0.764627
vt 0.840913 0.758027
vt 0.851742 0.813702
vt 0.853835 0.814868
vt 0.850340 0.765142
vt 0.842193 0.758251
vt 0.844152 0.841983
vt 0.842527 0.859458
vt 0.845646 0.867008
vt 0.849012 0.849293
vt 0.835483 0.883154
vt 0.839058 0.883718
vt 0.839912 0.898762
vt 0.847149 0.874631
vt 0.851043 0.854248
vt 0.846978 0.876346
vt 0.850227 0.855311
vt 0.842390 0.898838
vt 0.841294 0.898056
vt 0.845058 0.876277
vt 0.847705 0.855403
vt 0.848019 0.765048
vt 0.840837 0.758485
vt 0.851465 0.814637
vt 0.813864 0.937170
vt 0.798761 0.932425
vt 0.813864 0.917282
vt 0.835594 0.795470
vt 0.839112 0.799677
vt 0.829949 0.799047
vt 0.798829 0.756594
vt 0.813864 0.756594
vt 0.813864 0.757073
vt 0.799445 0.757398
vt 0.837207 0.917416
vt 0.828800 0.915901
vt 0.829718 0.894014
vt 0.842166 0.897110
vt 0.813864 0.894696
vt 0.813864 0.799701
vt 0.813864 0.792839
vt 0.833625 0.902777
vt 0.831236 0.962863
vt 0.823349 0.968817
vt 0.824800 0.906998
vt 0.830428 0.974934
vt 0.822649 0.983721
vt 0.813864 0.986311
vt 0.813864 0.970843
vt 0.813864 0.908711
vt 0.804380 0.968817
vt 0.802929 0.906998
vt 0.805080 0.983721
vt 0.797301 0.974934
vt 0.796493 0.962863
vt 0.794104 0.902777
vt 0.828900 0.756594
vt 0.828284 0.757398
vt 0.785584 0.765332
vt 0.782842 0.821598
vt 0.837574 0.759707
vt 0.800679 0.756594
vt 0.799011 0.756594
vt 0.813864 0.756594
vt 0.813864 0.756594
vt 0.798339 0.756594
vt 0.828718 0.756594
vt 0.829390 0.756594
vt 0.828475 0.793498
vt 0.788616 0.799677
vt 0.790154 0.759707
vt 0.836906 0.876471
vt 0.792673 0.819562
vt 0.786314 0.814959
vt 0.784480 0.824484
vt 0.827766 0.894765
vt 0.813864 0.898566
vt 0.813864 0.914447
vt 0.827865 0.910425
vt 0.825913 0.895850
vt 0.823510 0.934833
vt 0.792218 0.883404
vt 0.799963 0.894765
vt 0.799864 0.910425
vt 0.813864 0.985975
vt 0.803699 0.983404
vt 0.804693 0.988432
vt 0.813864 0.991310
vt 0.797040 0.977799
vt 0.796924 0.979067
vt 0.830689 0.977799
vt 0.824029 0.983404
vt 0.823036 0.988432
vt 0.830805 0.979067
vt 0.824058 0.768697
vt 0.794356 0.823469
vt 0.804444 0.837657
vt 0.803743 0.821659
vt 0.839370 0.835832
vt 0.840115 0.856660
vt 0.813864 0.779690
vt 0.813864 0.821932
vt 0.823986 0.821659
vt 0.823650 0.779680
vt 0.795567 0.769239
vt 0.792661 0.815061
vt 0.803526 0.762195
vt 0.794160 0.823458
vt 0.790123 0.839620
vt 0.790138 0.839657
vt 0.789307 0.858166
vt 0.788385 0.835821
vt 0.792572 0.819589
vt 0.805413 0.855826
vt 0.813864 0.856533
vt 0.813864 0.838214
vt 0.804271 0.763003
vt 0.803640 0.768633
vt 0.813864 0.768712
vt 0.804079 0.779680
vt 0.824089 0.768633
vt 0.838483 0.858177
vt 0.802733 0.758260
vt 0.794000 0.760807
vt 0.797483 0.763801
vt 0.789035 0.767021
vt 0.794255 0.826966
vt 0.837591 0.839657
vt 0.838417 0.858146
vt 0.843249 0.824484
vt 0.847085 0.827467
vt 0.835056 0.819562
vt 0.807256 0.916044
vt 0.813864 0.916588
vt 0.801289 0.916231
vt 0.804182 0.931693
vt 0.808425 0.934881
vt 0.813864 0.936135
vt 0.813864 0.946559
vt 0.821007 0.944650
vt 0.819717 0.944944
vt 0.813864 0.947006
vt 0.819303 0.934881
vt 0.801961 0.939518
vt 0.806721 0.944650
vt 0.808012 0.944944
vt 0.802770 0.937463
vt 0.826537 0.889556
vt 0.813864 0.893120
vt 0.837075 0.876645
vt 0.822316 0.855826
vt 0.820473 0.916044
vt 0.790823 0.876471
vt 0.792332 0.878243
vt 0.801192 0.889556
vt 0.791761 0.955118
vt 0.788810 0.898436
vt 0.791193 0.959338
vt 0.790686 0.961883
vt 0.793003 0.963729
vt 0.837043 0.961883
vt 0.834725 0.963729
vt 0.836536 0.959338
vt 0.828968 0.932425
vt 0.844886 0.821598
vt 0.842145 0.765332
vt 0.844379 0.857183
vt 0.845544 0.838496
vt 0.848458 0.835930
vt 0.789360 0.858298
vt 0.783350 0.857183
vt 0.782185 0.838496
vt 0.787528 0.842346
vt 0.813864 0.885736
vt 0.801447 0.883860
vt 0.798103 0.862065
vt 0.813864 0.867118
vt 0.840201 0.842346
vt 0.826282 0.883860
vt 0.829626 0.862065
vt 0.791577 0.880508
vt 0.779270 0.835930
vt 0.775565 0.834742
vt 0.801702 0.969632
vt 0.813864 0.972509
vt 0.826026 0.969632
vt 0.835968 0.955118
vt 0.838919 0.898436
vt 0.785736 0.877557
vt 0.853583 0.834519
vt 0.852164 0.834742
vt 0.851464 0.831681
vt 0.774146 0.834519
vt 0.776265 0.831681
vt 0.780644 0.827467
vt 0.836152 0.880508
vt 0.838368 0.858298
vt 0.841992 0.877557
vt 0.835397 0.878245
vt 0.823285 0.837657
vt 0.834934 0.816870
vt 0.792795 0.816870
vt 0.835157 0.819590
vt 0.839344 0.835821
vt 0.787373 0.800014
vt 0.791308 0.795023
vt 0.791308 0.756238
vt 0.787373 0.759148
vt 0.784483 0.898430
vt 0.784483 0.795692
vt 0.840356 0.800014
vt 0.843246 0.898430
vt 0.843246 0.795692
vt 0.840356 0.759148
vt 0.836421 0.795023
vt 0.836421 0.756238
vt 0.799519 0.754880
vt 0.799519 0.792696
vt 0.813864 0.754564
vt 0.813864 0.792154
vt 0.828210 0.754880
vt 0.828210 0.792696
vt 0.838511 0.918524
vt 0.838511 0.807410
vt 0.789218 0.918524
vt 0.789218 0.807410
vt 0.813864 0.941121
vt 0.798801 0.936278
vt 0.798801 0.817764
vt 0.813864 0.820587
vt 0.828928 0.936278
vt 0.828928 0.817764
vt 0.857542 0.801787
vt 0.858700 0.809253
vt 0.853843 0.810807
vt 0.853671 0.800926
vt 0.859692 0.820292
vt 0.854479 0.822792
vt 0.846804 0.823675
vt 0.853460 0.853576
vt 0.850343 0.852793
vt 0.843301 0.822381
vt 0.847118 0.793243
vt 0.846748 0.781197
vt 0.860134 0.831349
vt 0.855379 0.834245
vt 0.859949 0.838924
vt 0.856393 0.842712
vt 0.848284 0.804635
vt 0.846974 0.771224
vt 0.844255 0.803264
vt 0.842739 0.791800
vt 0.842769 0.780137
vt 0.847145 0.765040
vt 0.843193 0.804701
vt 0.850517 0.819720
vt 0.849295 0.821573
vt 0.841860 0.810185
vt 0.839788 0.799685
vt 0.840927 0.817746
vt 0.841471 0.800103
vt 0.840225 0.784765
vt 0.841622 0.780101
vt 0.846837 0.762618
vt 0.843662 0.776661
vt 0.845621 0.764984
vt 0.850317 0.806111
vt 0.852690 0.794513
vt 0.848230 0.848311
vt 0.848513 0.830096
vt 0.857002 0.848806
vt 0.855817 0.845288
vt 0.854430 0.838023
vt 0.854138 0.821524
vt 0.854232 0.806009
vt 0.858877 0.810217
vt 0.856975 0.798966
vt 0.859848 0.824380
vt 0.863108 0.818734
vt 0.861727 0.806465
vt 0.858939 0.796964
vt 0.860512 0.835543
vt 0.859902 0.844389
vt 0.861816 0.841697
vt 0.863297 0.831006
vt 0.862969 0.830188
vt 0.862864 0.818397
vt 0.861505 0.840209
vt 0.861483 0.807060
vt 0.858823 0.798536
vt 0.849696 0.813010
vt 0.850524 0.817407
vt 0.857617 0.847018
vt 0.854187 0.792169
vt 0.854237 0.794651
vt 0.857866 0.849256
vt 0.856363 0.851079
vt 0.770187 0.801787
vt 0.774058 0.800926
vt 0.773886 0.810807
vt 0.769029 0.809253
vt 0.773250 0.822792
vt 0.768037 0.820292
vt 0.780925 0.823675
vt 0.784428 0.822381
vt 0.777386 0.852793
vt 0.774269 0.853576
vt 0.780981 0.781197
vt 0.780611 0.793243
vt 0.772350 0.834245
vt 0.767595 0.831349
vt 0.771336 0.842712
vt 0.767780 0.838924
vt 0.779445 0.804635
vt 0.780755 0.771224
vt 0.784990 0.791800
vt 0.783474 0.803264
vt 0.784960 0.780137
vt 0.780584 0.765040
vt 0.784536 0.804701
vt 0.785869 0.810185
vt 0.778434 0.821573
vt 0.777212 0.819720
vt 0.787941 0.799685
vt 0.787504 0.784765
vt 0.786258 0.800103
vt 0.786802 0.817746
vt 0.786106 0.780101
vt 0.780892 0.762618
vt 0.784067 0.776661
vt 0.782107 0.764984
vt 0.777412 0.806111
vt 0.775039 0.794513
vt 0.779216 0.830096
vt 0.779499 0.848311
vt 0.771911 0.845288
vt 0.770727 0.848806
vt 0.773299 0.838023
vt 0.773590 0.821524
vt 0.773497 0.806009
vt 0.770754 0.798966
vt 0.768852 0.810217
vt 0.767880 0.824380
vt 0.766002 0.806465
vt 0.764621 0.818734
vt 0.768789 0.796964
vt 0.767217 0.835543
vt 0.767827 0.844389
vt 0.764432 0.831006
vt 0.765913 0.841697
vt 0.764864 0.818397
vt 0.764760 0.830188
vt 0.766224 0.840209
vt 0.768905 0.798536
vt 0.766246 0.807060
vt 0.777204 0.817407
vt 0.778033 0.813010
vt 0.770112 0.847018
vt 0.773492 0.794651
vt 0.773542 0.792169
vt 0.771366 0.851079
vt 0.769862 0.849256
vt 0.063532 0.825662
vt 0.065580 0.825662
vt 0.063698 0.851134
vt 0.061650 0.851134
vt 0.078452 0.886421
vt 0.076664 0.942044
vt 0.076990 0.937370
vt 0.078063 0.886421
vt 0.066372 0.815111
vt 0.068420 0.815111
vt 0.066932 0.851134
vt 0.066932 0.886421
vt 0.063698 0.886421
vt 0.067518 0.937370
vt 0.065580 0.942044
vt 0.078460 0.851134
vt 0.078066 0.851134
vt 0.076992 0.830336
vt 0.076663 0.825662
vt 0.068420 0.952595
vt 0.069772 0.942044
vt 0.070333 0.851134
vt 0.067518 0.830336
vt 0.069772 0.825662
vt 0.070333 0.886421
vt 0.075797 0.851134
vt 0.075797 0.886421
vt 0.076216 0.851134
vt 0.076204 0.886421
vt 0.071778 0.952595
vt 0.066372 0.952595
vt 0.073882 0.952595
vt 0.063532 0.942044
vt 0.075237 0.942044
vt 0.073872 0.815111
vt 0.075237 0.825662
vt 0.061650 0.886421
vt 0.071743 0.815111
vt 0.074475 0.825662
vt 0.074478 0.942044
vt 0.063532 0.825662
vt 0.061650 0.851134
vt 0.063698 0.851134
vt 0.065580 0.825662
vt 0.078452 0.886421
vt 0.078063 0.886421
vt 0.076990 0.937370
vt 0.076664 0.942044
vt 0.066372 0.815111
vt 0.068420 0.815111
vt 0.066932 0.851134
vt 0.063698 0.886421
vt 0.066932 0.886421
vt 0.065580 0.942044
vt 0.067518 0.937370
vt 0.078460 0.851134
vt 0.076663 0.825662
vt 0.076992 0.830336
vt 0.078066 0.851134
vt 0.068420 0.952595
vt 0.069772 0.942044
vt 0.070333 0.851134
vt 0.069772 0.825662
vt 0.067518 0.830336
vt 0.070333 0.886421
vt 0.075797 0.851134
vt 0.075797 0.886421
vt 0.076216 0.851134
vt 0.076204 0.886421
vt 0.071778 0.952595
vt 0.073882 0.952595
vt 0.066372 0.952595
vt 0.063532 0.942044
vt 0.075237 0.942044
vt 0.073872 0.815111
vt 0.075237 0.825662
vt 0.061650 0.886421
vt 0.074475 0.825662
vt 0.071743 0.815111
vt 0.074478 0.942044
vt 0.164069 0.094659
vt 0.162769 0.109191
vt 0.167840 0.130971
vt 0.168152 0.119028
vt 0.213347 0.076439
vt 0.214628 0.096407
vt 0.212036 0.098756
vt 0.210253 0.077501
vt 0.211738 0.132546
vt 0.199814 0.134204
vt 0.199807 0.099922
vt 0.198271 0.077934
vt 0.187871 0.156661
vt 0.197299 0.152367
vt 0.197270 0.141779
vt 0.187871 0.144734
vt 0.187871 0.189129
vt 0.187871 0.206197
vt 0.195843 0.202303
vt 0.193785 0.187152
vt 0.213027 0.128990
vt 0.165489 0.077501
vt 0.163706 0.098756
vt 0.161114 0.096407
vt 0.162394 0.076439
vt 0.162715 0.128990
vt 0.173651 0.126484
vt 0.161862 0.092506
vt 0.162121 0.072963
vt 0.179899 0.202303
vt 0.179943 0.206269
vt 0.187871 0.210529
vt 0.164004 0.132546
vt 0.187871 0.130434
vt 0.202090 0.126484
vt 0.199005 0.140635
vt 0.187871 0.144290
vt 0.187871 0.058612
vt 0.199736 0.060568
vt 0.198196 0.042053
vt 0.187871 0.040064
vt 0.194596 0.126442
vt 0.187871 0.126958
vt 0.212972 0.109191
vt 0.214627 0.083050
vt 0.211994 0.069128
vt 0.211672 0.094659
vt 0.210195 0.051221
vt 0.199704 0.085675
vt 0.213345 0.064764
vt 0.162397 0.064764
vt 0.161115 0.083050
vt 0.163748 0.069128
vt 0.165546 0.051221
vt 0.176038 0.085675
vt 0.176006 0.060568
vt 0.177545 0.042053
vt 0.194767 0.149028
vt 0.187871 0.153095
vt 0.187871 0.084043
vt 0.187871 0.109667
vt 0.198030 0.110682
vt 0.207901 0.130971
vt 0.207589 0.119028
vt 0.177711 0.110682
vt 0.181145 0.126442
vt 0.187871 0.162696
vt 0.199228 0.162142
vt 0.178442 0.152367
vt 0.178471 0.141779
vt 0.176737 0.140635
vt 0.180974 0.149028
vt 0.207730 0.170928
vt 0.208077 0.166948
vt 0.195798 0.206269
vt 0.176513 0.162142
vt 0.181956 0.187152
vt 0.187871 0.134965
vt 0.187871 0.172593
vt 0.177542 0.171140
vt 0.175928 0.134204
vt 0.167665 0.166948
vt 0.168011 0.170928
vt 0.182118 0.195818
vt 0.198199 0.171140
vt 0.193623 0.195818
vt 0.187871 0.198805
vt 0.175935 0.099922
vt 0.187871 0.100112
vt 0.177470 0.077934
vt 0.187871 0.077809
vt 0.213620 0.072963
vt 0.213880 0.092506
vt 0.352816 0.064639
vt 0.358732 0.051033
vt 0.356434 0.095461
vt 0.349995 0.105606
vt 0.327512 0.090300
vt 0.327205 0.125966
vt 0.312500 0.130771
vt 0.312500 0.095281
vt 0.341909 0.079517
vt 0.340091 0.115797
vt 0.284909 0.115797
vt 0.287866 0.123116
vt 0.282870 0.119454
vt 0.275005 0.105606
vt 0.278410 0.112626
vt 0.268566 0.095460
vt 0.282870 0.032485
vt 0.274555 0.039716
vt 0.268955 0.027193
vt 0.278410 0.018937
vt 0.272183 0.064639
vt 0.266268 0.051033
vt 0.326979 0.048751
vt 0.327459 0.061109
vt 0.312500 0.064410
vt 0.312500 0.052029
vt 0.342130 0.032485
vt 0.350445 0.039716
vt 0.340802 0.051356
vt 0.337134 0.043315
vt 0.337134 0.123116
vt 0.326979 0.131503
vt 0.312500 0.136152
vt 0.297795 0.125966
vt 0.297488 0.090300
vt 0.297541 0.061109
vt 0.298021 0.048751
vt 0.298021 0.131503
vt 0.284198 0.051356
vt 0.287866 0.043315
vt 0.283091 0.079517
vt 0.312500 0.023487
vt 0.331075 0.021317
vt 0.328873 0.035420
vt 0.312500 0.037895
vt 0.346590 0.018937
vt 0.293925 0.021317
vt 0.296127 0.035420
vt 0.312500 0.134137
vt 0.293925 0.127637
vt 0.296127 0.131903
vt 0.312500 0.137429
vt 0.346590 0.112626
vt 0.331075 0.127638
vt 0.328873 0.131903
vt 0.342130 0.119454
vt 0.356044 0.027193
vt 0.803671 0.768697
vt 0.837531 0.839629
vt 0.833474 0.826966
vt 0.169944 0.902942
vt 0.178872 0.880622
vt 0.178872 0.880622
vt 0.169944 0.902942
vt 0.190250 0.902942
vt 0.190250 0.902942
vt 0.190250 0.779872
vt 0.199178 0.802192
vt 0.199178 0.802192
vt 0.190250 0.779872
vt 0.199178 0.880622
vt 0.178872 0.802192
vt 0.169944 0.779872
vt 0.169944 0.779872
vt 0.178872 0.802192
vt 0.199178 0.880622
vt 0.185369 0.841407
vt 0.185369 0.841407
vt 0.205675 0.841407
vt 0.205675 0.841407
vt 0.837055 0.876850
vt 0.835521 0.883423
vt 0.824203 0.762195
vt 0.835067 0.815061
vt 0.833373 0.823469
vt 0.790674 0.876850
vt 0.801437 0.888779
vt 0.791505 0.876670
vt 0.813864 0.892273
vt 0.826292 0.888779
vt 0.836225 0.876669
vt 0.788366 0.856316
vt 0.789161 0.838171
vt 0.804073 0.770111
vt 0.813864 0.769807
vt 0.834324 0.821436
vt 0.838568 0.838171
vt 0.823656 0.770111
vt 0.839363 0.856314
vt 0.793405 0.821436
vt 0.541108 0.389175
vt 0.539299 0.399046
vt 0.534636 0.399046
vt 0.538369 0.385900
vt 0.541108 0.408917
vt 0.538369 0.412192
vt 0.532853 0.418788
vt 0.532853 0.399046
vt 0.532853 0.379304
vt 0.582380 0.418788
vt 0.549362 0.418788
vt 0.550024 0.417311
vt 0.581718 0.417311
vt 0.549362 0.379304
vt 0.549362 0.399046
vt 0.582380 0.399046
vt 0.582380 0.379304
vt 0.582380 0.418788
vt 0.598889 0.418788
vt 0.598889 0.399046
vt 0.598889 0.379304
vt 0.597106 0.399046
vt 0.593373 0.385900
vt 0.593374 0.412192
vt 0.590635 0.408917
vt 0.592444 0.399046
vt 0.590635 0.389175
vt 0.549362 0.418788
vt 0.581336 0.386448
vt 0.581514 0.399046
vt 0.550228 0.399046
vt 0.550407 0.386448
vt 0.550407 0.411644
vt 0.550025 0.380782
vt 0.581718 0.380782
vt 0.581336 0.411644
vt 0.581718 0.417311
vt 0.550024 0.417311
vt 0.541108 0.389175
vt 0.539299 0.399046
vt 0.534636 0.399046
vt 0.538369 0.385900
vt 0.541108 0.408917
vt 0.538369 0.412192
vt 0.532853 0.418788
vt 0.532853 0.399046
vt 0.532853 0.379304
vt 0.549362 0.379304
vt 0.549362 0.399046
vt 0.582380 0.399046
vt 0.582380 0.379304
vt 0.598889 0.418788
vt 0.598889 0.399046
vt 0.598889 0.379304
vt 0.597106 0.399046
vt 0.593373 0.385900
vt 0.593374 0.412192
vt 0.590635 0.408917
vt 0.592444 0.399046
vt 0.590635 0.389175
vt 0.581336 0.386448
vt 0.581514 0.399046
vt 0.550228 0.399046
vt 0.550407 0.386448
vt 0.550407 0.411644
vt 0.550025 0.380782
vt 0.581718 0.380782
vt 0.581336 0.411644
vt 0.541108 0.389175
vt 0.539299 0.399046
vt 0.534636 0.399046
vt 0.538369 0.385900
vt 0.541108 0.408917
vt 0.538369 0.412192
vt 0.532853 0.418788
vt 0.532853 0.399046
vt 0.532853 0.379304
vt 0.549362 0.379304
vt 0.549362 0.399046
vt 0.582380 0.399046
vt 0.582380 0.379304
vt 0.582380 0.418788
vt 0.598889 0.418788
vt 0.598889 0.399046
vt 0.598889 0.379304
vt 0.597106 0.399046
vt 0.593373 0.385900
vt 0.593374 0.412192
vt 0.590635 0.408917
vt 0.592444 0.399046
vt 0.590635 0.389175
vt 0.549362 0.418788
vt 0.581336 0.386448
vt 0.581514 0.399046
vt 0.550228 0.399046
vt 0.550407 0.386448
vt 0.550407 0.411644
vt 0.550025 0.380782
vt 0.581718 0.380782
vt 0.581336 0.411644
vt 0.581718 0.417311
vt 0.550024 0.417311
vt 0.541108 0.389175
vt 0.539299 0.399046
vt 0.534636 0.399046
vt 0.538369 0.385900
vt 0.541108 0.408917
vt 0.538369 0.412192
vt 0.532853 0.418788
vt 0.532853 0.399046
vt 0.532853 0.379304
vt 0.549362 0.379304
vt 0.549362 0.399046
vt 0.582380 0.399046
vt 0.582380 0.379304
vt 0.582380 0.418788
vt 0.598889 0.418788
vt 0.598889 0.399046
vt 0.598889 0.379304
vt 0.597106 0.399046
vt 0.593373 0.385900
vt 0.593374 0.412192
vt 0.590635 0.408917
vt 0.592444 0.399046
vt 0.590635 0.389175
vt 0.549362 0.418788
vt 0.581336 0.386448
vt 0.581514 0.399046
vt 0.550228 0.399046
vt 0.550407 0.386448
vt 0.550407 0.411644
vt 0.550025 0.380782
vt 0.581718 0.380782
vt 0.581336 0.411644
vt 0.581718 0.417311
vt 0.550024 0.417311
vt 0.541108 0.389175
vt 0.539299 0.399046
vt 0.534636 0.399046
vt 0.538369 0.385900
vt 0.541108 0.408917
vt 0.538369 0.412192
vt 0.532853 0.418788
vt 0.532853 0.399046
vt 0.532853 0.379304
vt 0.565871 0.379304
vt 0.565871 0.399046
vt 0.582380 0.399046
vt 0.582380 0.379304
vt 0.582380 0.418788
vt 0.598889 0.418788
vt 0.598889 0.399046
vt 0.598889 0.379304
vt 0.597106 0.399046
vt 0.593373 0.385900
vt 0.593374 0.412192
vt 0.590635 0.408917
vt 0.592444 0.399046
vt 0.590635 0.389175
vt 0.565871 0.418788
vt 0.565871 0.386448
vt 0.565871 0.399046
vt 0.550228 0.399046
vt 0.550407 0.386448
vt 0.550407 0.411644
vt 0.565871 0.380782
vt 0.581718 0.380782
vt 0.581336 0.386448
vt 0.565871 0.411644
vt 0.565871 0.417311
vt 0.550024 0.417311
vt 0.549362 0.418788
vt 0.581718 0.417311
vt 0.581336 0.411644
vt 0.549362 0.379304
vt 0.550025 0.380782
vt 0.581514 0.399046
vt 0.549362 0.399046
vt 0.541108 0.389175
vt 0.538369 0.385900
vt 0.534636 0.399046
vt 0.539299 0.399046
vt 0.538369 0.412192
vt 0.541108 0.408917
vt 0.532853 0.399046
vt 0.532853 0.418788
vt 0.532853 0.379304
vt 0.582380 0.418788
vt 0.581718 0.417311
vt 0.550024 0.417311
vt 0.549362 0.418788
vt 0.549362 0.379304
vt 0.582380 0.379304
vt 0.582380 0.399046
vt 0.549362 0.399046
vt 0.598889 0.399046
vt 0.598889 0.418788
vt 0.582380 0.418788
vt 0.598889 0.379304
vt 0.593373 0.385900
vt 0.597106 0.399046
vt 0.593374 0.412192
vt 0.592444 0.399046
vt 0.590635 0.408917
vt 0.590635 0.389175
vt 0.549362 0.418788
vt 0.581336 0.386448
vt 0.550407 0.386448
vt 0.550228 0.399046
vt 0.581514 0.399046
vt 0.550407 0.411644
vt 0.550025 0.380782
vt 0.581718 0.380782
vt 0.581336 0.411644
vt 0.581718 0.417311
vt 0.550024 0.417311
vt 0.541108 0.389175
vt 0.538369 0.385900
vt 0.534636 0.399046
vt 0.539299 0.399046
vt 0.538369 0.412192
vt 0.541108 0.408917
vt 0.532853 0.399046
vt 0.532853 0.418788
vt 0.532853 0.379304
vt 0.549362 0.379304
vt 0.582380 0.379304
vt 0.582380 0.399046
vt 0.549362 0.399046
vt 0.598889 0.399046
vt 0.598889 0.418788
vt 0.598889 0.379304
vt 0.593373 0.385900
vt 0.597106 0.399046
vt 0.593374 0.412192
vt 0.592444 0.399046
vt 0.590635 0.408917
vt 0.590635 0.389175
vt 0.581336 0.386448
vt 0.550407 0.386448
vt 0.550228 0.399046
vt 0.581514 0.399046
vt 0.550407 0.411644
vt 0.550025 0.380782
vt 0.581718 0.380782
vt 0.581336 0.411644
vt 0.541108 0.389175
vt 0.538369 0.385900
vt 0.534636 0.399046
vt 0.539299 0.399046
vt 0.538369 0.412192
vt 0.541108 0.408917
vt 0.532853 0.399046
vt 0.532853 0.418788
vt 0.532853 0.379304
vt 0.549362 0.379304
vt 0.582380 0.379304
vt 0.582380 0.399046
vt 0.549362 0.399046
vt 0.598889 0.399046
vt 0.598889 0.418788
vt 0.582380 0.418788
vt 0.598889 0.379304
vt 0.593373 0.385900
vt 0.597106 0.399046
vt 0.593374 0.412192
vt 0.592444 0.399046
vt 0.590635 0.408917
vt 0.590635 0.389175
vt 0.549362 0.418788
vt 0.581336 0.386448
vt 0.550407 0.386448
vt 0.550228 0.399046
vt 0.581514 0.399046
vt 0.550407 0.411644
vt 0.550025 0.380782
vt 0.581718 0.380782
vt 0.581336 0.411644
vt 0.581718 0.417311
vt 0.550024 0.417311
vt 0.541108 0.389175
vt 0.538369 0.385900
vt 0.534636 0.399046
vt 0.539299 0.399046
vt 0.538369 0.412192
vt 0.541108 0.408917
vt 0.532853 0.399046
vt 0.532853 0.418788
vt 0.532853 0.379304
vt 0.549362 0.379304
vt 0.582380 0.379304
vt 0.582380 0.399046
vt 0.549362 0.399046
vt 0.598889 0.399046
vt 0.598889 0.418788
vt 0.582380 0.418788
vt 0.598889 0.379304
vt 0.593373 0.385900
vt 0.597106 0.399046
vt 0.593374 0.412192
vt 0.592444 0.399046
vt 0.590635 0.408917
vt 0.590635 0.389175
vt 0.549362 0.418788
vt 0.581336 0.386448
vt 0.550407 0.386448
vt 0.550228 0.399046
vt 0.581514 0.399046
vt 0.550407 0.411644
vt 0.550025 0.380782
vt 0.581718 0.380782
vt 0.581336 0.411644
vt 0.581718 0.417311
vt 0.550024 0.417311
vt 0.541108 0.389175
vt 0.538369 0.385900
vt 0.534636 0.399046
vt 0.539299 0.399046
vt 0.538369 0.412192
vt 0.541108 0.408917
vt 0.532853 0.399046
vt 0.532853 0.418788
vt 0.532853 0.379304
vt 0.565871 0.379304
vt 0.582380 0.379304
vt 0.582380 0.399046
vt 0.565871 0.399046
vt 0.598889 0.399046
vt 0.598889 0.418788
vt 0.582380 0.418788
vt 0.598889 0.379304
vt 0.593373 0.385900
vt 0.597106 0.399046
vt 0.593374 0.412192
vt 0.592444 0.399046
vt 0.590635 0.408917
vt 0.590635 0.389175
vt 0.565871 0.418788
vt 0.565871 0.386448
vt 0.550407 0.386448
vt 0.550228 0.399046
vt 0.565871 0.399046
vt 0.550407 0.411644
vt 0.565871 0.380782
vt 0.581336 0.386448
vt 0.581718 0.380782
vt 0.565871 0.411644
vt 0.565871 0.417311
vt 0.550024 0.417311
vt 0.549362 0.418788
vt 0.581718 0.417311
vt 0.581336 0.411644
vt 0.550025 0.380782
vt 0.549362 0.379304
vt 0.581514 0.399046
vt 0.549362 0.399046
vn -0.1613 -0.8358 0.5248
vn -0.2675 -0.5547 0.7878
vn -0.4378 -0.7260 0.5304
vn -0.2825 -0.1117 0.9527
vn -0.6087 0.0479 0.7920
vn -0.7119 -0.2129 0.6693
vn -0.3139 -0.3077 0.8982
vn -0.8276 -0.4884 0.2767
vn -0.9403 -0.1842 0.2861
vn -0.9879 -0.1548 0.0091
vn -0.8593 -0.5110 0.0223
vn -0.4854 -0.8564 0.1759
vn -0.4729 -0.8809 0.0171
vn -0.9368 0.2400 0.2548
vn -0.9263 0.3190 0.2002
vn -0.9347 0.3519 0.0504
vn -0.9578 0.2623 0.1179
vn -0.9170 0.3650 0.1610
vn -0.9127 0.4083 -0.0196
vn -0.7609 0.5556 -0.3351
vn -0.9082 0.3948 -0.1391
vn -0.9609 0.2688 -0.0656
vn -0.8779 0.3935 -0.2730
vn -0.9366 0.2458 -0.2498
vn -0.6844 0.6421 -0.3453
vn -0.8622 0.3485 -0.3676
vn -0.6449 0.6269 -0.4373
vn -0.7531 0.3383 -0.5643
vn -0.8930 0.1997 -0.4032
vn -0.8383 -0.5190 -0.1670
vn -0.4654 -0.8809 -0.0859
vn -0.9630 -0.1721 -0.2073
vn -0.8970 -0.2256 -0.3801
vn -0.7827 -0.5083 -0.3593
vn -0.4644 -0.8496 -0.2500
vn -0.3236 0.8593 0.3961
vn 0.0000 0.8994 0.4371
vn -0.0000 0.8910 0.4540
vn -0.2906 0.8693 0.3999
vn 0.8552 0.2410 -0.4590
vn 0.6811 0.0687 -0.7290
vn 0.6524 0.0263 -0.7575
vn 0.8584 0.2392 -0.4537
vn 0.5942 0.1253 -0.7945
vn 0.7292 0.4610 -0.5057
vn 0.7664 0.6423 0.0006
vn 0.6954 0.7181 0.0292
vn 0.8970 -0.2256 -0.3801
vn 0.7827 -0.5083 -0.3593
vn 0.6870 -0.4746 -0.5503
vn 0.7713 -0.2640 -0.5791
vn 0.4644 -0.8496 -0.2500
vn 0.4545 -0.7556 -0.4716
vn 0.4086 -0.6434 -0.6474
vn 0.5007 -0.4376 -0.7469
vn 0.6933 -0.3403 -0.6353
vn 0.6187 -0.0449 -0.7843
vn 0.8810 -0.0255 -0.4725
vn -0.6809 0.0687 -0.7291
vn -0.6187 -0.0449 -0.7843
vn -0.8812 -0.0263 -0.4721
vn -0.8548 0.2423 -0.4590
vn -0.8018 0.5887 0.1031
vn -0.7667 0.6420 0.0012
vn -0.8586 0.2393 -0.4534
vn -0.9360 0.1975 -0.2915
vn 0.1134 -0.9859 -0.1233
vn 0.1548 -0.9103 -0.3838
vn 0.0000 -0.9967 -0.0812
vn 0.0000 -0.9297 -0.3684
vn 0.0000 -0.7364 -0.6765
vn 0.1945 -0.7144 -0.6722
vn 0.8383 -0.5190 -0.1670
vn 0.4654 -0.8809 -0.0859
vn 0.9630 -0.1721 -0.2073
vn 0.9879 -0.1548 0.0091
vn 0.8593 -0.5110 0.0223
vn 0.4729 -0.8809 0.0171
vn 0.8930 0.1997 -0.4032
vn 0.8622 0.3485 -0.3676
vn 0.8779 0.3935 -0.2730
vn 0.9366 0.2458 -0.2498
vn 0.8023 0.5879 0.1033
vn 0.6844 0.6421 -0.3453
vn 0.7609 0.5556 -0.3351
vn 0.9082 0.3948 -0.1391
vn 0.9609 0.2688 -0.0656
vn 0.9347 0.3519 0.0504
vn 0.9578 0.2623 0.1179
vn 0.9127 0.4083 -0.0196
vn 0.9170 0.3650 0.1610
vn 0.9263 0.3190 0.2002
vn 0.9368 0.2400 0.2548
vn 0.8276 -0.4884 0.2767
vn 0.4854 -0.8564 0.1759
vn 0.9403 -0.1842 0.2861
vn 0.0000 0.2178 0.9760
vn -0.3757 0.2228 0.8996
vn 0.0000 -0.0967 0.9953
vn 0.4378 -0.7260 0.5304
vn 0.6391 -0.4708 0.6082
vn 0.2675 -0.5547 0.7878
vn -0.1046 -0.9916 0.0761
vn 0.0000 -0.9989 0.0467
vn 0.0000 -0.9499 0.3127
vn -0.1265 -0.9264 0.3548
vn 0.6087 0.0479 0.7920
vn 0.2825 -0.1117 0.9527
vn 0.3139 -0.3077 0.8982
vn 0.7119 -0.2129 0.6693
vn 0.0000 -0.3102 0.9507
vn 0.0000 -0.5834 0.8122
vn -0.0000 -0.8410 0.5410
vn 0.6320 0.3886 0.6705
vn 0.6331 0.5591 0.5354
vn 0.3217 0.6366 0.7009
vn 0.3104 0.4121 0.8566
vn 0.6644 0.6869 0.2944
vn 0.3403 0.8489 0.4045
vn 0.0000 0.8983 0.4393
vn 0.0000 0.6572 0.7537
vn 0.0000 0.4176 0.9086
vn -0.3217 0.6366 0.7009
vn -0.3104 0.4121 0.8566
vn -0.3403 0.8489 0.4045
vn -0.6644 0.6869 0.2944
vn -0.6331 0.5591 0.5354
vn -0.6320 0.3886 0.6705
vn 0.1046 -0.9916 0.0761
vn 0.1265 -0.9264 0.3548
vn -0.6506 -0.4511 0.6109
vn -0.7286 -0.2589 0.6341
vn 0.4209 -0.7755 0.4706
vn -0.1134 -0.9859 -0.1233
vn -0.0803 -0.9967 -0.0133
vn 0.0000 -1.0000 0.0000
vn -0.0805 -0.9967 0.0050
vn 0.0803 -0.9967 -0.0133
vn 0.0805 -0.9967 0.0050
vn 0.1613 -0.8358 0.5248
vn -0.6391 -0.4708 0.6082
vn -0.4209 -0.7755 0.4706
vn 0.6450 0.6269 -0.4370
vn -0.5383 -0.1411 -0.8309
vn -0.7713 -0.2640 -0.5791
vn -0.8477 -0.0231 -0.5300
vn 0.3421 0.8414 -0.4184
vn 0.0000 0.8969 -0.4422
vn 0.0000 0.7172 -0.6969
vn 0.3500 0.6909 -0.6326
vn 0.3230 0.8592 0.3967
vn 0.2904 0.8694 0.3999
vn -0.3421 0.8414 -0.4184
vn -0.3500 0.6909 -0.6326
vn -0.0000 0.8731 -0.4875
vn -0.3005 0.8420 -0.4480
vn -0.3317 0.9434 0.0059
vn 0.0000 0.9999 -0.0128
vn -0.6167 0.7180 -0.3227
vn -0.6779 0.7348 0.0220
vn 0.6167 0.7180 -0.3227
vn 0.3005 0.8420 -0.4480
vn 0.3317 0.9434 0.0059
vn 0.6779 0.7348 0.0220
vn 0.2482 -0.4091 -0.8781
vn -0.6933 -0.3403 -0.6353
vn -0.3378 -0.0941 -0.9365
vn -0.3315 -0.3108 -0.8908
vn 0.7043 0.1474 -0.6944
vn 0.7530 0.3383 -0.5644
vn 0.0000 -0.6309 -0.7758
vn -0.0000 -0.3175 -0.9483
vn 0.3314 -0.3108 -0.8908
vn 0.3473 -0.6227 -0.7012
vn -0.5007 -0.4376 -0.7469
vn -0.2482 -0.4091 -0.8781
vn -0.7045 0.1473 -0.6943
vn -0.3476 -0.0474 -0.9365
vn 0.0000 -0.0799 -0.9968
vn -0.0000 -0.1193 -0.9929
vn -0.1945 -0.7144 -0.6722
vn 0.0000 -0.4233 -0.9060
vn -0.3473 -0.6227 -0.7012
vn 0.9360 0.1964 -0.2921
vn -0.1548 -0.9103 -0.3838
vn -0.4545 -0.7556 -0.4716
vn -0.4086 -0.6434 -0.6474
vn -0.6870 -0.4746 -0.5503
vn 0.8477 -0.0231 -0.5300
vn 0.9245 0.0463 -0.3784
vn 0.5383 -0.1411 -0.8309
vn -0.3112 -0.0687 -0.9479
vn 0.0000 -0.0786 -0.9969
vn -0.6524 0.0263 -0.7575
vn -0.5942 0.1253 -0.7945
vn -0.3142 0.1646 -0.9350
vn 0.0000 0.1725 -0.9850
vn 0.0000 0.9607 0.2777
vn 0.3396 0.9217 0.1874
vn 0.3698 0.7560 -0.5401
vn 0.0000 0.9998 0.0183
vn 0.3142 0.1646 -0.9350
vn -0.0000 0.3679 -0.9298
vn -0.6954 0.7181 0.0292
vn -0.3396 0.9217 0.1874
vn -0.3698 0.7560 -0.5401
vn -0.7292 0.4610 -0.5057
vn 0.3205 0.8686 -0.3780
vn -0.0000 0.9307 -0.3658
vn 0.3476 -0.0474 -0.9365
vn 0.3112 -0.0687 -0.9479
vn -0.3204 0.8684 -0.3784
vn -0.8293 0.4481 0.3339
vn -0.8567 0.3609 0.3685
vn -0.8614 0.4769 0.1749
vn -0.8718 0.4895 -0.0177
vn -0.7139 0.5692 -0.4079
vn 0.8718 0.4895 -0.0177
vn 0.7139 0.5692 -0.4079
vn 0.8614 0.4769 0.1749
vn 0.3757 0.2229 0.8996
vn 0.7286 -0.2589 0.6341
vn 0.6506 -0.4511 0.6109
vn 0.8399 0.2129 0.4993
vn 0.7778 -0.0699 0.6247
vn 0.9369 0.0182 0.3491
vn -0.5712 0.1167 0.8125
vn -0.8399 0.2129 0.4993
vn -0.7778 -0.0699 0.6247
vn -0.5188 -0.1126 0.8474
vn 0.0000 0.2084 0.9780
vn -0.2983 0.2223 0.9282
vn -0.2832 -0.0080 0.9590
vn 0.0000 -0.0409 0.9992
vn 0.5188 -0.1126 0.8474
vn 0.2983 0.2223 0.9282
vn 0.2832 -0.0080 0.9590
vn -0.6227 0.2707 0.7341
vn -0.9369 0.0182 0.3491
vn -0.9771 0.0851 0.1948
vn -0.3146 0.6473 -0.6943
vn -0.0000 0.6759 -0.7370
vn 0.3146 0.6473 -0.6943
vn 0.8293 0.4481 0.3339
vn 0.8567 0.3609 0.3685
vn -0.8553 0.3043 0.4193
vn 0.9930 0.1151 -0.0250
vn 0.9771 0.0851 0.1948
vn 0.9687 0.0955 -0.2291
vn -0.9930 0.1151 -0.0250
vn -0.9687 0.0955 -0.2291
vn -0.9245 0.0463 -0.3784
vn 0.6227 0.2707 0.7341
vn 0.5712 0.1167 0.8125
vn 0.8553 0.3043 0.4193
vn 0.3378 -0.0941 -0.9365
vn -0.7796 -0.4488 0.4368
vn -0.5028 -0.7668 0.3989
vn -0.3187 -0.6506 0.6893
vn -0.4629 -0.4260 0.7773
vn -0.8368 -0.1584 0.5241
vn -0.4962 -0.3096 0.8112
vn 0.7796 -0.4488 0.4368
vn 0.8368 -0.1584 0.5241
vn 0.4962 -0.3096 0.8112
vn 0.4629 -0.4260 0.7773
vn 0.5028 -0.7668 0.3989
vn 0.3187 -0.6506 0.6893
vn -0.1351 -0.8077 0.5738
vn -0.1544 -0.9078 0.3899
vn 0.0000 -0.8571 0.5151
vn -0.0000 -0.9165 0.4001
vn 0.1351 -0.8077 0.5738
vn 0.1544 -0.9078 0.3899
vn 0.7616 0.1399 0.6328
vn 0.3660 -0.2323 0.9011
vn -0.7616 0.1399 0.6328
vn -0.3660 -0.2323 0.9011
vn 0.0000 0.3980 0.9174
vn -0.3782 0.3868 0.8411
vn -0.1984 -0.1856 0.9624
vn 0.0000 -0.2150 0.9766
vn 0.3782 0.3868 0.8411
vn 0.1984 -0.1856 0.9624
vn 0.5526 -0.6257 0.5506
vn 0.6857 -0.3423 0.6423
vn 0.2194 -0.3609 0.9064
vn 0.1410 -0.7258 0.6733
vn 0.7553 -0.0954 0.6484
vn 0.2881 -0.0291 0.9572
vn -0.2990 0.9460 0.1252
vn 0.4037 0.9075 -0.1159
vn 0.4199 0.8212 -0.3864
vn -0.4824 0.8725 -0.0781
vn 0.0003 0.0028 1.0000
vn -0.5496 -0.3049 0.7778
vn 0.7758 0.1582 0.6108
vn 0.3211 0.3259 0.8892
vn 0.7370 0.4630 0.4925
vn 0.3548 0.7104 0.6079
vn 0.0468 0.3868 0.9210
vn -0.5079 -0.6415 0.5750
vn -0.8701 0.3876 0.3043
vn -0.8375 0.4898 0.2422
vn -0.9219 0.1047 0.3731
vn -0.9203 0.1239 0.3712
vn -0.9142 -0.3060 0.2657
vn -0.5282 -0.7982 0.2897
vn -0.7221 0.6698 0.1730
vn -0.3176 0.9352 0.1569
vn -0.2971 0.9384 0.1766
vn -0.7820 0.5909 0.1983
vn -0.9939 0.1086 -0.0193
vn -0.9832 0.1820 0.0158
vn -0.6686 -0.3674 -0.6465
vn -0.9274 -0.3553 -0.1171
vn -0.8765 -0.4775 0.0613
vn -0.5338 -0.8442 0.0482
vn -0.5721 -0.6613 -0.4851
vn -0.5514 -0.8065 -0.2132
vn 0.0565 -0.7421 -0.6679
vn 0.1170 -0.9392 -0.3228
vn -0.1421 -0.2521 -0.9572
vn 0.2691 0.3746 -0.8873
vn 0.1872 -0.4079 -0.8936
vn -0.0014 0.9196 -0.3929
vn 0.7973 0.5607 -0.2235
vn 0.8359 0.3727 -0.4029
vn 0.7852 0.0210 -0.6189
vn 0.6266 -0.3800 -0.6804
vn 0.5106 -0.6199 -0.5958
vn 0.8668 -0.3143 -0.3872
vn 0.6217 -0.6939 -0.3634
vn 0.9257 -0.0942 -0.3664
vn 0.9847 -0.1206 -0.1257
vn 0.9291 -0.3507 -0.1175
vn 0.6924 -0.7184 -0.0671
vn 0.9507 0.1250 -0.2838
vn 0.8535 0.5006 -0.1449
vn 0.8705 0.4920 -0.0127
vn 0.9899 0.1104 -0.0889
vn 0.9708 0.1072 0.2144
vn 0.9655 -0.1222 0.2300
vn 0.8434 0.4935 0.2123
vn 0.9083 -0.3516 0.2267
vn 0.6581 -0.7115 0.2465
vn -0.3548 0.7879 0.5034
vn -0.3409 0.9081 0.2433
vn 0.4121 0.8764 0.2492
vn 0.1793 -0.9838 -0.0031
vn 0.1503 -0.9422 0.2995
vn 0.4489 0.8903 0.0763
vn 0.4323 0.9016 0.0174
vn -0.5526 -0.6257 0.5506
vn -0.1410 -0.7258 0.6733
vn -0.2194 -0.3609 0.9064
vn -0.6857 -0.3423 0.6423
vn -0.2881 -0.0291 0.9572
vn -0.7553 -0.0954 0.6484
vn 0.2990 0.9460 0.1252
vn 0.4824 0.8725 -0.0781
vn -0.4199 0.8212 -0.3864
vn -0.4037 0.9075 -0.1159
vn 0.5496 -0.3049 0.7778
vn -0.0003 0.0028 1.0000
vn -0.3211 0.3259 0.8892
vn -0.7758 0.1582 0.6108
vn -0.3548 0.7104 0.6079
vn -0.7370 0.4630 0.4925
vn -0.0468 0.3868 0.9210
vn 0.5079 -0.6415 0.5750
vn 0.8701 0.3876 0.3043
vn 0.9203 0.1239 0.3712
vn 0.9219 0.1047 0.3731
vn 0.8375 0.4898 0.2422
vn 0.9142 -0.3060 0.2657
vn 0.5282 -0.7982 0.2897
vn 0.7221 0.6698 0.1730
vn 0.7820 0.5909 0.1983
vn 0.2971 0.9384 0.1766
vn 0.3176 0.9352 0.1569
vn 0.9939 0.1086 -0.0193
vn 0.9274 -0.3553 -0.1171
vn 0.6686 -0.3674 -0.6465
vn 0.9832 0.1820 0.0158
vn 0.8765 -0.4775 0.0613
vn 0.5338 -0.8442 0.0482
vn 0.5721 -0.6613 -0.4851
vn 0.5514 -0.8065 -0.2132
vn -0.0565 -0.7421 -0.6679
vn -0.1170 -0.9392 -0.3228
vn 0.1421 -0.2521 -0.9572
vn -0.1872 -0.4079 -0.8936
vn -0.2691 0.3746 -0.8873
vn 0.0014 0.9196 -0.3929
vn -0.8359 0.3727 -0.4029
vn -0.7973 0.5607 -0.2235
vn -0.7852 0.0210 -0.6189
vn -0.6266 -0.3800 -0.6804
vn -0.5106 -0.6199 -0.5958
vn -0.6217 -0.6939 -0.3634
vn -0.8668 -0.3143 -0.3872
vn -0.9257 -0.0942 -0.3664
vn -0.9291 -0.3507 -0.1175
vn -0.9847 -0.1206 -0.1257
vn -0.6924 -0.7184 -0.0671
vn -0.9507 0.1250 -0.2838
vn -0.8535 0.5006 -0.1449
vn -0.9899 0.1104 -0.0889
vn -0.8705 0.4920 -0.0127
vn -0.9655 -0.1222 0.2300
vn -0.9708 0.1072 0.2144
vn -0.8434 0.4935 0.2123
vn -0.6581 -0.7115 0.2465
vn -0.9083 -0.3516 0.2267
vn 0.3409 0.9081 0.2433
vn 0.3548 0.7879 0.5034
vn -0.4121 0.8764 0.2492
vn -0.1503 -0.9422 0.2995
vn -0.1793 -0.9838 -0.0031
vn -0.4323 0.9016 0.0174
vn -0.4489 0.8903 0.0763
vn -0.4434 -0.4905 0.7502
vn -0.3021 -0.3232 0.8968
vn -0.6024 0.0746 0.7947
vn -0.7654 -0.1104 0.6340
vn 0.8567 0.2045 -0.4735
vn 0.5714 0.5618 -0.5983
vn 0.7142 0.6726 -0.1938
vn 0.8884 0.4586 -0.0216
vn 0.0637 -0.7643 0.6417
vn 0.2042 -0.5875 0.7831
vn -0.0459 0.3913 0.9191
vn -0.1330 0.6391 0.7575
vn -0.7076 0.3740 0.5995
vn -0.2222 0.8437 0.4887
vn -0.6661 0.7121 0.2216
vn 0.9530 -0.0690 -0.2950
vn 0.9611 0.2518 0.1135
vn 0.9627 -0.0354 0.2681
vn 0.9117 -0.4094 0.0352
vn -0.3270 0.9232 -0.2020
vn 0.1221 0.9607 0.2494
vn 0.4865 0.4859 0.7261
vn 0.0516 0.0650 0.9966
vn 0.4650 -0.0144 0.8852
vn 0.4144 0.6908 0.5925
vn 0.7620 0.4325 0.4820
vn 0.6941 0.6258 0.3558
vn 0.8643 -0.2232 -0.4508
vn 0.7582 0.0781 -0.6473
vn -0.0001 0.7400 -0.6726
vn -0.4836 0.7918 -0.3730
vn 0.1043 0.8670 -0.4873
vn -0.8174 0.5733 0.0565
vn 0.4695 0.8829 0.0018
vn 0.6248 -0.6162 0.4795
vn 0.7948 -0.0429 0.6053
vn -0.8811 0.2185 0.4195
vn 0.5330 -0.7828 0.3211
vn 0.8266 -0.5512 -0.1135
vn 0.4804 0.4387 -0.7595
vn 0.4434 -0.4905 0.7502
vn 0.7654 -0.1104 0.6340
vn 0.6024 0.0746 0.7947
vn 0.3021 -0.3232 0.8968
vn -0.8567 0.2045 -0.4735
vn -0.8884 0.4586 -0.0216
vn -0.7142 0.6726 -0.1938
vn -0.5714 0.5618 -0.5983
vn -0.0637 -0.7643 0.6417
vn -0.2042 -0.5875 0.7831
vn 0.0459 0.3913 0.9191
vn 0.7076 0.3740 0.5995
vn 0.1330 0.6391 0.7575
vn 0.6661 0.7121 0.2216
vn 0.2222 0.8437 0.4887
vn -0.9530 -0.0690 -0.2950
vn -0.9117 -0.4094 0.0352
vn -0.9627 -0.0354 0.2681
vn -0.9611 0.2518 0.1135
vn 0.3270 0.9232 -0.2020
vn -0.1221 0.9607 0.2494
vn -0.4865 0.4859 0.7261
vn -0.4650 -0.0144 0.8852
vn -0.0516 0.0650 0.9966
vn -0.4144 0.6908 0.5925
vn -0.7620 0.4325 0.4820
vn -0.6941 0.6258 0.3558
vn -0.8643 -0.2232 -0.4508
vn -0.7582 0.0781 -0.6473
vn 0.0001 0.7400 -0.6726
vn -0.1043 0.8670 -0.4873
vn 0.4836 0.7918 -0.3730
vn 0.8174 0.5733 0.0565
vn -0.4695 0.8829 0.0018
vn -0.6248 -0.6162 0.4795
vn -0.7948 -0.0429 0.6053
vn 0.8811 0.2185 0.4195
vn -0.8266 -0.5512 -0.1135
vn -0.5330 -0.7828 0.3211
vn -0.4804 0.4387 -0.7595
vn -0.8869 -0.0536 -0.4588
vn -0.9442 0.3271 0.0397
vn -0.8417 0.5399 0.0060
vn -0.8290 0.2014 -0.5218
vn 0.9923 -0.0943 0.0805
vn 0.9989 0.0400 -0.0234
vn 0.9049 -0.0133 0.4253
vn 0.8855 -0.1123 0.4509
vn 0.9172 0.1583 0.3657
vn 0.5037 0.1775 0.8455
vn 0.4942 0.0167 0.8692
vn 0.4717 -0.0730 0.8787
vn -0.0000 0.9924 -0.1227
vn 0.5252 0.8432 -0.1152
vn 0.5291 0.5556 -0.6413
vn -0.0000 0.6699 -0.7424
vn -0.0000 0.4670 -0.8843
vn -0.0000 0.8933 -0.4495
vn 0.5877 0.7196 -0.3698
vn 0.4823 0.4281 -0.7643
vn 0.9606 0.1003 -0.2594
vn -0.8855 -0.1123 0.4509
vn -0.9049 -0.0133 0.4253
vn -0.9989 0.0400 -0.0234
vn -0.9923 -0.0943 0.0805
vn -0.9606 0.1003 -0.2594
vn -0.8211 0.5341 -0.2015
vn -0.9771 0.2123 0.0128
vn -0.9977 -0.0657 0.0172
vn -0.5877 0.7196 -0.3698
vn -0.5862 0.7908 0.1760
vn -0.0000 0.9806 0.1961
vn -0.9172 0.1583 0.3657
vn -0.0000 0.7918 0.6108
vn 0.8211 0.5341 -0.2015
vn 0.4759 0.7781 0.4100
vn -0.0000 0.8501 0.5266
vn 0.0000 -0.4574 -0.8893
vn 0.4444 -0.4232 -0.7896
vn 0.4161 -0.4599 -0.7844
vn -0.0000 -0.4717 -0.8818
vn 0.4063 0.1238 -0.9053
vn -0.0000 0.1291 -0.9916
vn 0.9442 0.3271 0.0397
vn 0.9988 -0.0262 -0.0420
vn 0.8763 -0.2450 -0.4148
vn 0.8869 -0.0536 -0.4588
vn 0.8448 -0.3389 -0.4139
vn 0.4483 -0.3086 -0.8389
vn 0.9912 -0.1286 -0.0300
vn -0.9912 -0.1286 -0.0300
vn -0.9988 -0.0262 -0.0420
vn -0.8763 -0.2450 -0.4148
vn -0.8448 -0.3389 -0.4139
vn -0.4483 -0.3086 -0.8389
vn -0.4444 -0.4232 -0.7896
vn -0.4161 -0.4599 -0.7844
vn 0.4067 0.8662 0.2904
vn -0.0000 0.9429 0.3332
vn -0.0000 -0.3706 -0.9288
vn -0.0000 -0.2013 -0.9795
vn 0.4609 -0.1097 -0.8807
vn 0.8417 0.5399 0.0060
vn 0.8290 0.2014 -0.5218
vn -0.4609 -0.1097 -0.8807
vn -0.4063 0.1238 -0.9053
vn 0.0000 0.0752 -0.9972
vn -0.0000 0.1440 -0.9896
vn 0.5430 0.2125 -0.8124
vn -0.5252 0.8432 -0.1152
vn -0.5291 0.5556 -0.6413
vn -0.4759 0.7781 0.4100
vn -0.4067 0.8662 0.2904
vn 0.8830 0.3834 0.2707
vn 0.8994 0.3269 -0.2901
vn 0.5862 0.7908 0.1760
vn -0.5430 0.2125 -0.8124
vn -0.4823 0.4281 -0.7643
vn -0.0000 0.1794 0.9838
vn 0.0000 0.3596 0.9331
vn -0.5265 0.3684 0.7662
vn -0.5037 0.1775 0.8455
vn -0.8994 0.3269 -0.2901
vn -0.8830 0.3834 0.2707
vn -0.4819 0.6152 0.6239
vn 0.5265 0.3684 0.7662
vn 0.4819 0.6152 0.6239
vn -0.0000 0.6941 0.7199
vn -0.4942 0.0167 0.8692
vn -0.0000 0.0373 0.9993
vn -0.4717 -0.0730 0.8787
vn 0.0000 -0.0421 0.9991
vn 0.9977 -0.0657 0.0172
vn 0.9771 0.2123 0.0128
vn 0.9219 0.2399 0.3041
vn 0.9559 0.1608 0.2459
vn 0.9019 0.4259 0.0719
vn 0.8700 0.4771 0.1242
vn 0.5543 0.5103 0.6575
vn 0.5531 0.7546 0.3531
vn -0.0000 0.8893 0.4574
vn -0.0000 0.6035 0.7973
vn 0.8170 0.3829 0.4313
vn 0.7787 0.5824 0.2334
vn -0.7787 0.5824 0.2334
vn -0.7304 0.6676 0.1446
vn -0.7717 0.6352 0.0314
vn -0.8700 0.4771 0.1242
vn -0.7921 0.6097 -0.0287
vn -0.9019 0.4259 0.0719
vn -0.4360 -0.5532 0.7098
vn -0.8293 -0.1398 0.5411
vn -0.8563 -0.2027 0.4751
vn -0.4902 -0.5634 0.6650
vn -0.9219 0.2399 0.3041
vn -0.9559 0.1608 0.2459
vn 0.3032 -0.4195 0.8557
vn 0.4886 0.0993 0.8669
vn 0.0000 0.1377 0.9905
vn 0.0000 -0.3838 0.9234
vn 0.4360 -0.5532 0.7098
vn 0.8293 -0.1398 0.5411
vn 0.7376 -0.0004 0.6753
vn 0.4672 -0.4255 0.7750
vn 0.7304 0.6676 0.1446
vn 0.5082 0.8480 0.1505
vn -0.0000 0.9866 0.1634
vn -0.5531 0.7546 0.3531
vn -0.5543 0.5103 0.6575
vn -0.4886 0.0993 0.8669
vn -0.3032 -0.4195 0.8557
vn -0.5082 0.8480 0.1505
vn -0.7376 -0.0004 0.6753
vn -0.4672 -0.4255 0.7750
vn -0.8170 0.3829 0.4313
vn 0.0000 -0.7661 0.6427
vn 0.0329 -0.7451 0.6661
vn 0.0786 -0.7139 0.6959
vn 0.0000 -0.7331 0.6801
vn 0.4902 -0.5634 0.6650
vn -0.0329 -0.7451 0.6661
vn -0.0786 -0.7139 0.6959
vn -0.0000 0.9873 -0.1586
vn -0.5300 0.8396 -0.1194
vn -0.5100 0.8594 -0.0370
vn -0.0000 0.9985 -0.0539
vn 0.7921 0.6097 -0.0287
vn 0.5300 0.8396 -0.1194
vn 0.5100 0.8594 -0.0370
vn 0.7717 0.6352 0.0314
vn 0.8563 -0.2027 0.4751
vn -0.2706 0.9298 0.2494
vn -0.1514 0.9786 0.1395
vn 0.4101 0.1565 -0.8985
vn 0.4326 0.1612 -0.8871
vn 0.9194 0.1612 -0.3589
vn 0.9289 0.1565 -0.3355
vn -0.2109 -0.9580 0.1944
vn -0.1761 -0.9709 0.1623
vn 0.9417 0.0557 0.3317
vn 0.9059 0.0477 0.4208
vn 0.1555 0.9774 -0.1433
vn 0.2122 0.9574 -0.1956
vn -0.3456 0.0477 -0.9372
vn -0.2539 0.0557 -0.9656
vn 0.5861 0.0336 0.8095
vn 0.5937 0.0335 0.8040
vn 0.6134 0.0332 0.7891
vn 0.1665 -0.9740 -0.1535
vn 0.2483 -0.9412 -0.2289
vn 0.0017 1.0000 -0.0016
vn -0.0080 -0.9999 0.0073
vn 0.6582 0.0265 0.7523
vn 0.6526 0.0270 0.7572
vn -0.6962 0.0265 -0.7174
vn -0.7015 0.0269 -0.7122
vn -0.7591 0.0336 -0.6502
vn -0.7530 0.0335 -0.6572
vn -0.7365 0.0332 -0.6757
vn -0.2916 0.8257 -0.4829
vn -0.5339 0.6244 -0.5702
vn -0.8419 0.4970 0.2102
vn -0.3381 0.8037 0.4896
vn -0.0000 0.8843 -0.4670
vn 0.0000 0.8456 0.5337
vn 0.2918 0.8261 -0.4820
vn 0.3373 0.8030 0.4913
vn 0.5344 0.6247 -0.5694
vn 0.8419 0.4963 0.2116
vn -0.5986 0.3732 -0.7088
vn -0.5441 0.2398 -0.8040
vn -0.9413 -0.1305 -0.3114
vn -0.9872 0.1251 -0.0991
vn -0.2242 -0.1762 -0.9585
vn -0.0000 -0.2130 -0.9771
vn 0.0000 -0.7998 -0.6002
vn -0.3362 -0.7492 -0.5707
vn 0.3945 0.0104 -0.9188
vn 0.5435 0.2401 -0.8043
vn 0.9410 -0.1295 -0.3126
vn 0.7644 -0.4515 -0.4602
vn 0.3362 -0.7492 -0.5707
vn 0.2242 -0.1762 -0.9585
vn 0.9870 0.1258 -0.1005
vn 0.5982 0.3732 -0.7091
vn -0.7645 -0.4515 -0.4602
vn -0.3946 0.0104 -0.9188
vn 0.3760 -0.7853 -0.4918
vn 0.3851 -0.9080 0.1649
vn -0.4071 -0.9041 0.1300
vn -0.2460 -0.7038 -0.6664
vn 0.2811 -0.6562 0.7003
vn -0.3088 -0.5413 0.7821
vn -0.7736 -0.1952 0.6028
vn -0.9440 -0.3271 0.0421
vn -0.7474 -0.2944 -0.5956
vn 0.4079 0.7186 0.5632
vn 0.1058 0.5461 0.8310
vn 0.4759 -0.0846 0.8754
vn 0.8059 0.1038 0.5829
vn -0.6983 0.0418 -0.7146
vn -0.9688 0.2449 -0.0373
vn -0.8307 0.5474 -0.1009
vn -0.6058 0.2443 -0.7572
vn -0.5319 0.6115 0.5858
vn -0.2817 0.8826 0.3764
vn -0.3851 0.8974 -0.2151
vn -0.3754 0.5206 -0.7668
vn 0.4072 0.8799 -0.2448
vn 0.2468 0.3759 -0.8932
vn 0.3082 0.8105 0.4981
vn 0.7731 0.4216 0.4739
vn 0.9441 0.3166 -0.0923
vn 0.7480 0.0297 -0.6630
vn -0.7109 0.2193 0.6682
vn 0.6989 -0.3259 -0.6366
vn 0.9688 -0.2390 0.0654
vn 0.8307 -0.5415 0.1289
vn 0.6065 -0.5284 -0.5941
vn 0.5312 -0.3236 0.7830
vn -0.0324 -0.2772 -0.9603
vn 0.0334 -0.1331 -0.9905
vn 0.7103 0.0686 0.7006
vn 0.0973 0.4140 0.9051
vn -0.0982 -0.0144 0.9951
vn -0.5531 -0.7512 -0.3603
vn -0.2693 -0.9388 0.2148
vn -0.7257 -0.3928 0.5649
vn -0.9418 -0.2452 -0.2300
vn 0.1220 -0.7627 0.6352
vn -0.0888 -0.2908 0.9527
vn -0.2258 0.2996 0.9270
vn -0.7077 0.3998 0.5826
vn -0.9236 0.3802 -0.0495
vn -0.7489 0.6057 -0.2690
vn -0.4038 0.8398 0.3629
vn -0.1708 0.9728 0.1564
vn -0.5929 0.6947 -0.4072
vn 0.6043 0.7735 0.1912
vn 0.2354 0.9383 -0.2534
vn -0.2959 0.7385 -0.6058
vn 0.6483 0.3917 -0.6530
vn -0.1103 0.2295 -0.9670
vn 0.9523 0.3037 0.0299
vn 0.9521 -0.2887 -0.1006
vn 0.6738 -0.4003 -0.6211
vn 0.0746 -0.3928 -0.9166
vn -0.1626 -0.6193 -0.7682
vn 0.4227 -0.8395 -0.3414
vn 0.1897 -0.9725 -0.1349
vn -0.3186 -0.7083 -0.6299
vn 0.5155 -0.7048 0.4873
vn -0.7135 -0.0415 -0.6995
vn -0.6025 0.0219 -0.7978
vn 0.8175 -0.5324 0.2196
vn -0.1062 -0.9695 0.2210
vn 0.5416 -0.8296 0.1358
vn 0.4833 -0.3818 0.7878
vn -0.3183 -0.6131 0.7230
vn 0.9190 -0.3930 -0.0310
vn 0.9266 0.0612 0.3710
vn 0.6045 0.5192 0.6041
vn 0.1453 0.3200 0.9362
vn -0.4411 0.0021 0.8974
vn -0.6882 0.1778 0.7034
vn -0.1669 0.7256 0.6675
vn -0.3467 0.8452 0.4068
vn -0.8086 0.2578 0.5289
vn 0.2593 0.9656 -0.0212
vn -0.0363 0.9451 -0.3249
vn -0.5828 0.8038 -0.1192
vn -0.9257 0.3241 0.1950
vn -0.5774 0.3230 -0.7498
vn -0.9603 -0.1866 -0.2075
vn 0.1229 0.5952 -0.7941
vn 0.2782 0.0328 -0.9600
vn -0.1865 -0.3458 -0.9196
vn -0.5907 -0.6475 -0.4814
vn 0.4925 0.8106 0.3168
vn -0.4196 -0.8706 -0.2568
vn 0.1898 -0.7113 -0.6768
vn 0.3697 -0.8308 -0.4161
vn -0.2992 -0.9507 -0.0823
vn 0.8629 -0.2637 -0.4312
vn -0.7568 -0.5286 0.3845
vn -0.8425 -0.4717 0.2603
vn 0.6297 -0.1088 -0.7692
vn 0.6515 0.5718 -0.4987
vn 0.9062 0.4025 -0.1294
vn -0.3176 -0.9162 0.2444
vn 0.3315 -0.9394 0.0875
vn 0.4567 -0.5001 0.7357
vn -0.3793 -0.5254 0.7616
vn 0.7845 -0.6073 -0.1253
vn 0.9477 -0.1746 0.2672
vn 0.7759 0.3456 0.5277
vn 0.3206 0.2614 0.9104
vn -0.3268 0.0987 0.9399
vn -0.5424 0.3326 0.7715
vn 0.0910 0.7352 0.6717
vn -0.0810 0.8990 0.4305
vn -0.6575 0.4422 0.6100
vn 0.4858 0.8719 -0.0625
vn 0.1631 0.9291 -0.3319
vn -0.3757 0.9244 -0.0662
vn -0.7902 0.5399 0.2900
vn -0.5577 0.4658 -0.6870
vn -0.9933 0.0592 -0.0994
vn 0.1790 0.5573 -0.8108
vn 0.1717 -0.0238 -0.9849
vn -0.3648 -0.2764 -0.8891
vn -0.7810 -0.4750 -0.4055
vn 0.7088 0.6595 0.2503
vn -0.6469 -0.7365 -0.1978
vn -0.0663 -0.7268 -0.6836
vn 0.1057 -0.8906 -0.4424
vn -0.5317 -0.8461 -0.0363
vn 0.7189 -0.4627 -0.5187
vn -0.8175 -0.3306 0.4716
vn -0.8994 -0.2526 0.3567
vn 0.4959 -0.2504 -0.8315
vn 0.7143 0.4000 -0.5742
vn 0.9580 0.1680 -0.2325
vn 0.2040 -0.8164 0.5402
vn 0.6776 -0.3565 0.6432
vn 0.1137 0.0799 0.9903
vn -0.3608 -0.5636 0.7431
vn 0.8683 0.1832 0.4609
vn 0.4803 0.6219 0.6185
vn -0.0702 0.8546 0.5145
vn -0.5051 0.4896 0.7107
vn -0.7956 -0.1013 0.5973
vn -0.9622 -0.2109 0.1724
vn -0.8373 0.5441 0.0536
vn -0.8033 0.5921 -0.0648
vn -0.9916 -0.1253 0.0328
vn -0.1712 0.9616 -0.2146
vn -0.2475 0.7011 -0.6687
vn -0.7066 0.3153 -0.6335
vn -0.9297 -0.2173 -0.2974
vn -0.1799 -0.1741 -0.9682
vn -0.5385 -0.7173 -0.4422
vn 0.2579 0.4295 -0.8655
vn 0.6910 0.0297 -0.7223
vn 0.4761 -0.5309 -0.7011
vn 0.0699 -0.9325 -0.3544
vn -0.1872 0.9771 -0.1014
vn 0.1665 -0.9805 0.1046
vn 0.7882 -0.6143 -0.0368
vn 0.8446 -0.5074 0.1709
vn 0.2270 -0.9207 0.3175
vn 0.9745 0.2236 0.0184
vn -0.5423 -0.8185 0.1896
vn -0.5929 -0.8051 0.0178
vn 0.1604 -0.9789 -0.1265
vn 0.9819 0.1003 -0.1604
vn 0.5872 0.7863 -0.1922
vn 0.5688 0.8215 -0.0410
vn -0.1381 0.9904 0.0053
vn 0.5250 0.7832 -0.3332
vn 0.9186 0.1744 -0.3546
vn -0.9535 -0.0916 0.2871
vn -0.5421 -0.7605 0.3575
vn 0.7779 -0.5656 -0.2736
vn -0.7721 0.6194 0.1422
vn -0.3760 -0.7853 -0.4918
vn 0.2460 -0.7038 -0.6664
vn 0.4071 -0.9041 0.1300
vn -0.3851 -0.9080 0.1649
vn 0.3088 -0.5413 0.7821
vn -0.2811 -0.6562 0.7003
vn 0.9440 -0.3271 0.0421
vn 0.7736 -0.1952 0.6028
vn 0.7474 -0.2944 -0.5956
vn -0.4079 0.7186 0.5632
vn -0.8059 0.1038 0.5829
vn -0.4759 -0.0846 0.8754
vn -0.1058 0.5461 0.8310
vn 0.6983 0.0418 -0.7146
vn 0.6058 0.2443 -0.7572
vn 0.8307 0.5474 -0.1009
vn 0.9688 0.2449 -0.0373
vn 0.3851 0.8974 -0.2151
vn 0.2817 0.8826 0.3764
vn 0.5319 0.6115 0.5858
vn 0.3754 0.5206 -0.7668
vn -0.2468 0.3759 -0.8932
vn -0.4072 0.8799 -0.2448
vn -0.3082 0.8105 0.4981
vn -0.9441 0.3166 -0.0923
vn -0.7731 0.4216 0.4739
vn -0.7480 0.0297 -0.6630
vn 0.7109 0.2193 0.6682
vn -0.6989 -0.3259 -0.6366
vn -0.6065 -0.5284 -0.5941
vn -0.8307 -0.5415 0.1289
vn -0.9688 -0.2390 0.0654
vn -0.5312 -0.3236 0.7830
vn 0.0324 -0.2772 -0.9603
vn -0.0334 -0.1331 -0.9905
vn -0.7103 0.0686 0.7006
vn -0.0973 0.4140 0.9051
vn 0.0982 -0.0144 0.9951
vn 0.5531 -0.7512 -0.3603
vn 0.9418 -0.2452 -0.2300
vn 0.7257 -0.3928 0.5649
vn 0.2693 -0.9388 0.2148
vn 0.0888 -0.2908 0.9527
vn -0.1220 -0.7627 0.6352
vn 0.7077 0.3998 0.5826
vn 0.2258 0.2996 0.9270
vn 0.9236 0.3802 -0.0495
vn 0.7489 0.6057 -0.2690
vn 0.5929 0.6947 -0.4072
vn 0.1708 0.9728 0.1564
vn 0.4038 0.8398 0.3629
vn -0.2354 0.9383 -0.2534
vn -0.6043 0.7735 0.1912
vn 0.2959 0.7385 -0.6058
vn 0.1103 0.2295 -0.9670
vn -0.6483 0.3917 -0.6530
vn -0.9523 0.3037 0.0299
vn -0.6738 -0.4003 -0.6211
vn -0.9521 -0.2887 -0.1006
vn -0.0746 -0.3928 -0.9166
vn 0.1626 -0.6193 -0.7682
vn 0.3186 -0.7083 -0.6299
vn -0.1897 -0.9725 -0.1349
vn -0.4227 -0.8395 -0.3414
vn -0.5155 -0.7048 0.4873
vn 0.7135 -0.0415 -0.6995
vn 0.6025 0.0219 -0.7978
vn -0.8175 -0.5324 0.2196
vn 0.1062 -0.9695 0.2210
vn 0.3183 -0.6131 0.7230
vn -0.4833 -0.3818 0.7878
vn -0.5416 -0.8296 0.1358
vn -0.9266 0.0612 0.3710
vn -0.9190 -0.3930 -0.0310
vn -0.1453 0.3200 0.9362
vn -0.6045 0.5192 0.6041
vn 0.4411 0.0021 0.8974
vn 0.6882 0.1778 0.7034
vn 0.8086 0.2578 0.5289
vn 0.3467 0.8452 0.4068
vn 0.1669 0.7256 0.6675
vn 0.5828 0.8038 -0.1192
vn 0.0363 0.9451 -0.3249
vn -0.2593 0.9656 -0.0212
vn 0.9257 0.3241 0.1950
vn 0.9603 -0.1866 -0.2075
vn 0.5774 0.3230 -0.7498
vn -0.1229 0.5952 -0.7941
vn 0.1865 -0.3458 -0.9196
vn -0.2782 0.0328 -0.9600
vn 0.5907 -0.6475 -0.4814
vn -0.4925 0.8106 0.3168
vn 0.4196 -0.8706 -0.2568
vn 0.2992 -0.9507 -0.0823
vn -0.3697 -0.8308 -0.4161
vn -0.1898 -0.7113 -0.6768
vn -0.8629 -0.2637 -0.4312
vn 0.7568 -0.5286 0.3845
vn 0.8425 -0.4717 0.2603
vn -0.6297 -0.1088 -0.7692
vn -0.6515 0.5718 -0.4987
vn -0.9062 0.4025 -0.1294
vn 0.3176 -0.9162 0.2444
vn 0.3793 -0.5254 0.7616
vn -0.4567 -0.5001 0.7357
vn -0.3315 -0.9394 0.0875
vn -0.9477 -0.1746 0.2672
vn -0.7845 -0.6073 -0.1253
vn -0.3206 0.2614 0.9104
vn -0.7759 0.3456 0.5277
vn 0.3268 0.0987 0.9399
vn 0.5424 0.3326 0.7715
vn 0.6575 0.4422 0.6100
vn 0.0810 0.8990 0.4305
vn -0.0910 0.7352 0.6717
vn 0.3757 0.9244 -0.0662
vn -0.1631 0.9291 -0.3319
vn -0.4858 0.8719 -0.0625
vn 0.7902 0.5399 0.2900
vn 0.9933 0.0592 -0.0994
vn 0.5577 0.4658 -0.6870
vn -0.1790 0.5573 -0.8108
vn 0.3648 -0.2764 -0.8891
vn -0.1717 -0.0238 -0.9849
vn 0.7810 -0.4750 -0.4055
vn -0.7088 0.6595 0.2503
vn 0.6469 -0.7365 -0.1978
vn 0.5317 -0.8461 -0.0363
vn -0.1057 -0.8906 -0.4424
vn 0.0663 -0.7268 -0.6836
vn -0.7189 -0.4627 -0.5187
vn 0.8175 -0.3306 0.4716
vn 0.8994 -0.2526 0.3567
vn -0.4959 -0.2504 -0.8315
vn -0.7143 0.4000 -0.5742
vn -0.9580 0.1680 -0.2325
vn -0.2040 -0.8164 0.5402
vn 0.3608 -0.5636 0.7431
vn -0.1137 0.0799 0.9903
vn -0.6776 -0.3565 0.6432
vn -0.4803 0.6219 0.6185
vn -0.8683 0.1832 0.4609
vn 0.5051 0.4896 0.7107
vn 0.0702 0.8546 0.5145
vn 0.7956 -0.1013 0.5973
vn 0.9622 -0.2109 0.1724
vn 0.9916 -0.1253 0.0328
vn 0.8033 0.5921 -0.0648
vn 0.8373 0.5441 0.0536
vn 0.7066 0.3153 -0.6335
vn 0.2475 0.7011 -0.6687
vn 0.1712 0.9616 -0.2146
vn 0.9297 -0.2173 -0.2974
vn 0.5385 -0.7173 -0.4422
vn 0.1799 -0.1741 -0.9682
vn -0.2579 0.4295 -0.8655
vn -0.4761 -0.5309 -0.7011
vn -0.6910 0.0297 -0.7223
vn -0.0699 -0.9325 -0.3544
vn 0.1872 0.9771 -0.1014
vn -0.1665 -0.9805 0.1046
vn -0.2270 -0.9207 0.3175
vn -0.8446 -0.5074 0.1709
vn -0.7882 -0.6143 -0.0368
vn -0.9745 0.2236 0.0184
vn 0.5423 -0.8185 0.1896
vn -0.1604 -0.9789 -0.1265
vn 0.5929 -0.8051 0.0178
vn -0.9819 0.1003 -0.1604
vn -0.5872 0.7863 -0.1922
vn -0.5688 0.8215 -0.0410
vn 0.1381 0.9904 0.0053
vn -0.5250 0.7832 -0.3332
vn -0.9186 0.1744 -0.3546
vn 0.5421 -0.7605 0.3575
vn 0.9535 -0.0916 0.2871
vn -0.7779 -0.5656 -0.2736
vn 0.7721 0.6194 0.1422
usemtl KayKit_Texture_A
s 1
f 226/1/1 161/2/2 202/3/3
f 186/4/4 234/5/5 210/6/6 79/7/7
f 147/8/8 65/9/9 15/10/10 68/11/11
f 48/12/12 147/8/8 68/11/11 5/13/13
f 39/14/14 49/15/15 148/16/16 142/17/17
f 49/15/15 33/18/18 50/19/19 148/16/16
f 148/16/16 50/19/19 34/20/20 134/21/21
f 142/17/17 148/16/16 134/21/21 43/22/22
f 43/22/22 134/21/21 149/23/23 141/24/24
f 134/21/21 34/20/20 51/25/25 149/23/23
f 131/26/26 624/27/27 653/28/28
f 141/24/24 149/23/23 131/26/26 40/29/29
f 5/13/13 68/11/11 150/30/30 47/31/31
f 68/11/11 15/10/10 67/32/32 150/30/30
f 150/30/30 67/32/32 8/33/33 53/34/34
f 47/31/31 150/30/30 53/34/34 2/35/35
f 639/36/36 630/37/37 111/38/38 180/39/39
f 98/40/40 25/41/41 109/42/42 151/43/43
f 151/43/43 109/42/42 32/44/44 106/45/45
f 110/46/46 151/43/43 106/45/45 29/47/47
f 10/48/48 57/49/49 152/50/50 97/51/51
f 57/49/49 4/52/52 71/53/53 152/50/50
f 152/50/50 71/53/53 22/54/54 94/55/55
f 636/56/56 137/57/57 647/58/58
f 20/59/59 136/60/60 650/61/61
f 70/62/62 623/63/63 112/64/64 179/65/65
f 70/62/62 20/59/59 654/66/66
f 4/52/52 54/67/67 153/68/68 71/53/53
f 54/67/67 9/69/69 72/70/70 153/68/68
f 153/68/68 72/70/70 23/71/71 90/72/72
f 71/53/53 153/68/68 90/72/72 22/54/54
f 4/52/52 57/49/49 154/73/73 59/74/74
f 57/49/49 10/48/48 73/75/75 154/73/73
f 154/73/73 73/75/75 16/76/76 76/77/77
f 59/74/74 154/73/73 76/77/77 11/78/78
f 41/79/79 132/80/80 155/81/81 140/82/82
f 627/83/83 98/40/40 151/43/43 110/46/46
f 155/81/81 60/84/84 35/85/85 135/86/86
f 140/82/82 155/81/81 135/86/86 44/87/87
f 44/87/87 135/86/86 156/88/88 139/89/89
f 135/86/86 35/85/85 61/90/90 156/88/88
f 156/88/88 61/90/90 36/91/91 133/92/92
f 139/89/89 156/88/88 133/92/92 42/93/93
f 11/78/78 76/77/77 157/94/94 58/95/95
f 76/77/77 16/76/76 75/96/96 157/94/94
f 216/97/97 238/98/98 186/4/4 126/99/99
f 204/100/100 222/101/101 158/102/102
f 165/103/103 83/104/104 207/105/105 225/106/106
f 232/107/107 185/108/108 77/109/109 214/110/110
f 158/102/102 77/109/109 37/111/111 80/112/112
f 208/113/113 80/112/112 161/2/2 226/1/1
f 13/114/114 116/115/115 159/116/116 117/117/117
f 116/115/115 3/118/118 63/119/119 159/116/116
f 159/116/116 63/119/119 14/120/120 78/121/121
f 117/117/117 159/116/116 78/121/121 17/122/122
f 17/122/122 78/121/121 160/123/123 118/124/124
f 78/121/121 14/120/120 64/125/125 160/123/123
f 160/123/123 64/125/125 1/126/126 113/127/127
f 118/124/124 160/123/123 113/127/127 6/128/128
f 83/104/104 164/129/129 228/130/130 207/105/105
f 80/112/112 37/111/111 79/7/7 161/2/2
f 220/131/131 211/132/132 65/9/9 147/8/8
f 164/129/129 58/95/95 205/133/133 228/130/130
f 2/35/35 55/134/134 162/135/135 47/31/31
f 55/134/134 9/69/69 81/136/136 162/135/135
f 162/135/135 81/136/136 18/137/136 84/138/137
f 47/31/31 162/135/135 84/138/137 5/13/13
f 9/69/69 54/67/67 163/139/138 81/136/136
f 54/67/67 4/52/52 59/74/74 163/139/138
f 163/139/138 59/74/74 11/78/78 82/140/139
f 81/136/136 163/139/138 82/140/139 18/137/136
f 18/137/136 82/140/139 164/129/129 83/104/104
f 82/140/139 11/78/78 58/95/95 164/129/129
f 229/141/140 204/100/100 158/102/102
f 161/2/2 79/7/7 210/6/6 219/142/141
f 5/13/13 84/138/137 165/103/103 48/12/12
f 84/138/137 18/137/136 83/104/104 165/103/103
f 229/141/140 158/102/102 80/112/112 208/113/113
f 201/143/142 220/131/131 147/8/8 48/12/12
f 132/80/80 626/144/143 60/84/84 155/81/81
f 633/145/144 69/146/145 200/147/146
f 166/148/147 85/149/148 38/150/149 88/151/150
f 60/84/84 166/148/147 88/151/150 35/85/85
f 630/37/37 642/152/151 177/153/152 111/38/38
f 623/154/63 639/36/36 180/39/39 112/64/64
f 167/155/153 51/25/25 34/20/20 86/156/154
f 85/149/148 167/155/153 86/156/154 38/150/149
f 19/157/155 119/158/156 168/159/157 87/160/158
f 119/158/156 7/161/159 114/162/160 168/159/157
f 168/159/157 114/162/160 1/126/126 64/125/125
f 87/160/158 168/159/157 64/125/125 14/120/120
f 12/163/161 120/164/162 169/165/163 115/166/164
f 120/164/162 19/157/155 87/160/158 169/165/163
f 169/165/163 87/160/158 14/120/120 63/119/119
f 115/166/164 169/165/163 63/119/119 3/118/118
f 90/72/72 660/167/165 94/55/55 22/54/54
f 632/168/166 136/60/60 170/169/167 95/170/168
f 41/79/79 648/171/169 663/172/170 132/80/80
f 644/173/171 26/174/172 96/175/173 659/176/174
f 89/177/175 633/178/144 656/179/176
f 632/180/166 650/181/61 136/60/60
f 20/59/59 650/182/61 654/183/66
f 651/184/177 633/185/144 200/147/146
f 136/60/60 20/59/59 92/186/178 170/169/167
f 170/169/167 92/186/178 24/187/179 138/188/180
f 95/170/168 170/169/167 138/188/180 26/174/172
f 91/189/181 656/190/176 645/191/182 23/71/71
f 657/192/183 95/170/168 26/174/172 644/173/171
f 23/71/71 645/191/182 660/193/165 90/72/72
f 25/41/41 98/40/40 662/194/184
f 9/69/69 55/134/134 171/195/185 72/70/70
f 55/134/134 2/35/35 100/196/186 171/195/185
f 171/195/185 100/196/186 21/197/187 91/189/181
f 72/70/70 171/195/185 91/189/181 23/71/71
f 2/35/35 53/34/34 172/198/188 100/196/186
f 53/34/34 8/33/33 69/146/145 172/198/188
f 632/199/166 95/170/168 657/192/183
f 100/196/186 172/198/188 89/177/175 21/197/187
f 647/200/58 25/41/41 662/201/184
f 10/48/48 97/51/51 173/202/189 56/203/190
f 97/51/51 635/204/191 173/202/189
f 24/187/179 92/186/178 174/205/192 108/206/193
f 92/186/178 20/59/59 99/207/194 174/205/192
f 174/205/192 99/207/194 30/208/195 104/209/196
f 108/206/193 174/205/192 104/209/196 31/210/197
f 28/211/198 102/212/199 175/213/200 107/214/201
f 102/212/199 29/47/47 106/45/45 175/213/200
f 175/213/200 106/45/45 32/44/44 105/215/202
f 107/214/203 175/213/200 105/215/202 31/210/197
f 27/216/204 101/217/205 176/218/206 103/219/207
f 101/217/205 28/211/198 107/214/201 176/218/206
f 176/218/206 107/214/203 31/210/197 104/209/196
f 103/219/207 176/218/206 104/209/196 30/208/195
f 641/220/208 629/221/209 85/149/148 166/148/147
f 626/222/143 132/80/80 663/172/170
f 177/153/152 110/46/46 29/47/47 102/212/199
f 111/38/38 177/153/152 102/212/199 28/211/198
f 25/41/41 93/223/210 178/224/211 109/42/42
f 93/223/210 24/187/179 108/206/193 178/224/211
f 178/224/211 108/206/193 31/210/197 105/215/202
f 109/42/42 178/224/211 105/215/202 32/44/44
f 20/59/59 70/62/62 179/65/65 99/207/194
f 149/23/23 51/25/25 624/225/27 131/26/26
f 179/65/65 112/64/64 27/216/204 103/219/207
f 99/207/194 179/65/65 103/219/207 30/208/195
f 623/226/63 70/62/62 654/66/66
f 629/221/209 638/227/212 167/155/153 85/149/148
f 180/39/39 111/38/38 28/211/198 101/217/205
f 112/64/64 180/39/39 101/217/205 27/216/204
f 6/128/128 113/127/127 181/228/213 129/229/214
f 1/126/126 122/230/215 181/228/213 113/127/127
f 33/18/18 129/229/214 181/228/213 122/230/215
f 1/126/126 114/162/160 182/231/216 122/230/215
f 114/162/160 7/161/159 123/232/217 182/231/216
f 182/231/216 123/232/217 34/20/20 50/19/19
f 122/230/215 182/231/216 50/19/19 33/18/18
f 12/163/161 115/166/164 183/233/218 124/234/219
f 115/166/164 3/118/118 125/235/220 183/233/218
f 183/233/218 125/235/220 36/91/91 61/90/90
f 124/234/219 183/233/218 61/90/90 35/85/85
f 240/236/221 185/108/108 232/107/107
f 157/94/94 75/96/96 213/237/222 223/238/223
f 42/93/93 146/239/224 184/240/225 62/241/226
f 45/242/227 145/243/228 197/244/229 235/245/230
f 144/246/231 195/247/232 237/248/233 217/249/234
f 185/108/108 126/99/99 37/111/111 77/109/109
f 231/250/235 213/237/222 184/240/225
f 196/251/236 144/246/231 217/249/234 241/252/237
f 195/247/232 121/253/238 45/242/227 237/248/233
f 211/132/132 130/254/239 194/255/240 65/9/9
f 126/99/99 186/4/4 79/7/7 37/111/111
f 7/161/159 119/158/156 187/256/241 123/232/217
f 119/158/156 19/157/155 127/257/242 187/256/241
f 187/256/241 127/257/242 38/150/149 86/156/154
f 123/232/217 187/256/241 86/156/154 34/20/20
f 19/157/155 120/164/162 188/258/243 127/257/242
f 120/164/162 12/163/161 124/234/219 188/258/243
f 188/258/243 124/234/219 35/85/85 88/151/150
f 127/257/242 188/258/243 88/151/150 38/150/149
f 3/118/118 116/115/115 189/259/244 125/235/220
f 13/114/114 128/260/245 189/259/244 116/115/115
f 36/91/91 125/235/220 189/259/244 128/260/245
f 45/242/227 121/253/238 190/261/246 145/243/228
f 121/253/238 6/128/128 129/229/214 190/261/246
f 190/261/246 129/229/214 33/18/18 49/15/15
f 145/243/228 190/261/246 49/15/15 39/14/14
f 16/76/76 74/262/247 191/263/248 75/96/96
f 74/262/247 44/87/87 139/89/89 191/263/248
f 191/263/248 139/89/89 42/93/93 62/241/226
f 222/101/101 214/110/110 77/109/109 158/102/102
f 10/48/48 56/203/190 192/264/249 73/75/75
f 56/203/190 41/79/79 140/82/82 192/264/249
f 192/264/249 140/82/82 44/87/87 74/262/247
f 73/75/75 192/264/249 74/262/247 16/76/76
f 15/10/10 66/265/250 193/266/251 67/32/32
f 66/265/250 43/22/22 141/24/24 193/266/251
f 193/266/251 141/24/24 40/29/29 52/267/252
f 67/32/32 193/266/251 52/267/252 8/33/33
f 211/132/132 235/245/230 197/244/229
f 130/254/239 39/14/14 142/17/17 194/255/240
f 194/255/240 142/17/17 43/22/22 66/265/250
f 65/9/9 194/255/240 66/265/250 15/10/10
f 17/122/122 118/124/124 195/247/232 144/246/231
f 118/124/124 6/128/128 121/253/238 195/247/232
f 143/268/253 196/251/236 241/252/237 46/269/254
f 46/269/254 241/252/237 231/250/235
f 13/114/114 117/117/117 196/251/236 143/268/253
f 117/117/117 17/122/122 144/246/231 196/251/236
f 240/236/221 216/97/97 126/99/99 185/108/108
f 130/254/239 211/132/132 197/244/229
f 186/4/4 238/98/98 234/5/5
f 39/14/14 130/254/239 197/244/229 145/243/228
f 13/114/114 143/268/253 198/270/255 128/260/245
f 143/268/253 46/269/254 146/239/224 198/270/255
f 198/270/255 146/239/224 42/93/93 133/92/92
f 128/260/245 198/270/255 133/92/92 36/91/91
f 98/40/40 627/271/83 662/194/184
f 41/79/79 56/203/190 173/202/189 648/171/169
f 26/174/172 138/188/180 199/272/256 96/175/173
f 138/188/180 24/187/179 93/223/210 199/272/256
f 199/272/256 93/223/210 25/41/41 137/57/57
f 97/51/51 152/50/50 94/55/55 635/273/191
f 8/33/33 52/267/252 200/147/146 69/146/145
f 40/29/29 131/26/26 653/28/28 651/184/177
f 172/198/188 69/146/145 633/274/144 89/177/175
f 635/275/191 648/276/169 173/202/189
f 40/29/29 651/184/177 200/147/146 52/267/252
f 213/237/222 62/241/226 184/240/225
f 75/96/96 191/263/248 62/241/226 213/237/222
f 237/248/233 45/242/227 235/245/230
f 46/269/254 231/250/235 184/240/225 146/239/224
f 58/95/95 157/94/94 223/238/223 205/133/133
f 161/2/2 219/142/141 202/3/3
f 202/3/3 219/142/141 221/277/257 203/278/258
f 203/279/259 221/280/260 220/131/131 201/143/142
f 219/142/141 210/6/6 212/281/261 221/277/257
f 221/280/260 212/282/262 211/132/132 220/131/131
f 214/110/110 222/101/101 224/283/263 215/284/264
f 215/285/265 224/286/266 223/238/223 213/237/222
f 222/101/101 204/100/100 206/287/267 224/283/263
f 224/286/266 206/288/268 205/133/133 223/238/223
f 201/143/142 225/106/106 227/289/269 203/279/259
f 203/278/258 227/290/270 226/1/1 202/3/3
f 225/106/106 207/105/105 209/291/271 227/289/269
f 227/290/270 209/292/272 208/113/113 226/1/1
f 207/105/105 228/130/130 230/293/273 209/291/271
f 209/292/272 230/294/274 229/141/140 208/113/113
f 228/130/130 205/133/133 206/288/268 230/293/273
f 230/294/274 206/287/267 204/100/100 229/141/140
f 232/107/107 214/110/110 215/284/264 233/295/275
f 233/296/276 215/285/265 213/237/222 231/250/235
f 210/6/6 234/5/5 236/297/277 212/281/261
f 212/282/262 236/298/278 235/245/230 211/132/132
f 238/98/98 216/97/97 218/299/279 239/300/280
f 239/301/281 218/302/282 217/249/234 237/248/233
f 216/97/97 240/236/221 242/303/283 218/299/279
f 218/302/282 242/304/284 241/252/237 217/249/234
f 237/248/233 235/245/230 236/298/278 239/301/281
f 239/300/280 236/297/277 234/5/5 238/98/98
f 240/236/221 232/107/107 233/295/275 242/303/283
f 242/304/284 233/296/276 231/250/235 241/252/237
f 48/12/12 165/103/103 225/106/106 201/143/142
f 243/305/285 254/306/286 284/307/287 253/308/288
f 254/306/286 247/309/289 268/310/290 284/307/287
f 260/311/291 261/312/292 294/313/293 293/314/294
f 268/310/290 269/315/295 287/316/296 284/307/287
f 247/309/289 255/317/297 285/318/298 268/310/290
f 255/317/297 244/319/299 256/320/300 285/318/298
f 285/318/298 286/321/301 269/315/295 268/310/290
f 284/307/287 287/316/296 252/322/302 253/308/288
f 286/321/303 289/323/304 270/324/305 269/315/306
f 269/315/306 270/324/305 288/325/307 287/316/296
f 287/316/296 288/325/307 300/326/308 252/322/302
f 271/327/309 282/328/310 304/329/311 290/330/312
f 290/330/312 304/329/311 260/311/291 293/314/294
f 272/331/313 274/332/314 292/333/315 291/334/316
f 273/335/317 280/336/318 300/326/308 288/325/307
f 259/337/319 301/338/320 291/334/316 292/333/315
f 291/334/316 301/338/320 280/336/318 273/335/317
f 258/339/321 302/340/322 301/338/320 259/337/319
f 274/332/323 275/341/324 295/342/325 292/333/315
f 290/330/312 293/314/294 274/332/314 272/331/313
f 293/314/294 294/313/293 275/341/324 274/332/326
f 292/333/315 295/342/325 258/339/321 259/337/319
f 294/313/293 261/312/292 246/343/327 262/344/328
f 275/341/324 294/313/293 262/344/328 248/345/329
f 295/342/325 275/341/324 248/345/329 263/346/330
f 258/339/321 295/342/325 263/346/330 245/347/331
f 245/347/331 263/346/330 296/348/332 265/349/333
f 263/346/330 248/345/329 276/350/334 296/348/332
f 296/348/332 276/350/334 251/351/335 279/352/336
f 265/349/333 296/348/332 279/352/336 249/353/337
f 248/345/329 262/344/328 297/354/338 276/350/334
f 262/344/328 246/343/327 266/355/339 297/354/338
f 297/354/338 266/355/339 250/356/340 277/357/341
f 276/350/334 297/354/338 277/357/341 251/351/335
f 251/351/335 277/357/341 298/358/342 278/359/343
f 277/357/341 250/356/340 267/360/344 298/358/342
f 298/358/342 267/360/344 244/319/299 255/317/297
f 278/359/343 298/358/342 255/317/297 247/309/289
f 249/353/337 279/352/336 299/361/345 264/362/346
f 279/352/336 251/351/335 278/359/343 299/361/345
f 299/361/345 278/359/343 247/309/289 254/306/286
f 264/362/346 299/361/345 254/306/286 243/305/285
f 289/323/304 286/321/303 257/363/347 305/364/348
f 256/320/300 306/365/349 305/364/348 257/363/347
f 280/336/318 281/366/350 303/367/351 300/326/308
f 301/338/320 302/340/322 281/366/350 280/336/318
f 300/326/308 303/367/351 253/308/288 252/322/302
f 302/340/322 258/339/321 245/347/331 265/349/333
f 281/366/350 302/340/322 265/349/333 249/353/337
f 303/367/351 281/366/350 249/353/337 264/362/346
f 253/308/288 303/367/351 264/362/346 243/305/285
f 282/328/310 283/368/352 307/369/353 304/329/311
f 289/323/304 305/364/348 282/328/310 271/327/309
f 305/364/348 306/365/349 283/368/352 282/328/310
f 304/329/311 307/369/353 261/312/292 260/311/291
f 306/365/349 256/320/300 244/319/299 267/360/344
f 283/368/352 306/365/349 267/360/344 250/356/340
f 307/369/353 283/368/352 250/356/340 266/355/339
f 261/312/292 307/369/353 266/355/339 246/343/327
f 256/320/300 257/363/347 286/321/301 285/318/298
f 308/370/354 318/371/355 349/372/356 319/373/357
f 319/373/357 349/372/356 333/374/358 312/375/359
f 325/376/360 358/377/361 359/378/362 326/379/363
f 333/374/358 349/372/356 352/380/364 334/381/365
f 312/375/359 333/374/358 350/382/366 320/383/367
f 320/383/367 350/382/366 321/384/368 309/385/369
f 350/382/366 333/374/358 334/381/365 351/386/370
f 349/372/356 318/371/355 317/387/371 352/380/364
f 351/386/372 334/381/373 335/388/374 354/389/375
f 334/381/373 352/380/364 353/390/376 335/388/374
f 352/380/364 317/387/371 365/391/377 353/390/376
f 336/392/378 355/393/379 369/394/380 347/395/381
f 355/393/379 358/377/361 325/376/360 369/394/380
f 337/396/382 356/397/383 357/398/384 339/399/385
f 338/400/386 353/390/376 365/391/377 345/401/387
f 324/402/388 357/398/384 356/397/383 366/403/389
f 356/397/383 338/400/386 345/401/387 366/403/389
f 323/404/390 324/402/388 366/403/389 367/405/391
f 339/399/392 357/398/384 360/406/393 340/407/394
f 355/393/379 337/396/382 339/399/385 358/377/361
f 358/377/361 339/399/395 340/407/394 359/378/362
f 357/398/384 324/402/388 323/404/390 360/406/393
f 359/378/362 327/408/396 311/409/397 326/379/363
f 340/407/394 313/410/398 327/408/396 359/378/362
f 360/406/393 328/411/399 313/410/398 340/407/394
f 323/404/390 310/412/400 328/411/399 360/406/393
f 310/412/400 330/413/401 361/414/402 328/411/399
f 328/411/399 361/414/402 341/415/403 313/410/398
f 361/414/402 344/416/404 316/417/405 341/415/403
f 330/413/401 314/418/406 344/416/404 361/414/402
f 313/410/398 341/415/403 362/419/407 327/408/396
f 327/408/396 362/419/407 331/420/408 311/409/397
f 362/419/407 342/421/409 315/422/410 331/420/408
f 341/415/403 316/417/405 342/421/409 362/419/407
f 316/417/405 343/423/411 363/424/412 342/421/409
f 342/421/409 363/424/412 332/425/413 315/422/410
f 363/424/412 320/383/367 309/385/369 332/425/413
f 343/423/411 312/375/359 320/383/367 363/424/412
f 314/418/406 329/426/414 364/427/415 344/416/404
f 344/416/404 364/427/415 343/423/411 316/417/405
f 364/427/415 319/373/357 312/375/359 343/423/411
f 329/426/414 308/370/354 319/373/357 364/427/415
f 354/389/375 370/428/416 322/429/417 351/386/372
f 321/384/368 322/429/417 370/428/416 371/430/418
f 345/401/387 365/391/377 368/431/419 346/432/420
f 366/403/389 345/401/387 346/432/420 367/405/391
f 365/391/377 317/387/371 318/371/355 368/431/419
f 367/405/391 330/413/401 310/412/400 323/404/390
f 346/432/420 314/418/406 330/413/401 367/405/391
f 368/431/419 329/426/414 314/418/406 346/432/420
f 318/371/355 308/370/354 329/426/414 368/431/419
f 347/395/381 369/394/380 372/433/421 348/434/422
f 354/389/375 336/392/378 347/395/381 370/428/416
f 370/428/416 347/395/381 348/434/422 371/430/418
f 369/394/380 325/376/360 326/379/363 372/433/421
f 371/430/418 332/425/413 309/385/369 321/384/368
f 348/434/422 315/422/410 332/425/413 371/430/418
f 372/433/421 331/420/408 315/422/410 348/434/422
f 326/379/363 311/409/397 331/420/408 372/433/421
f 321/384/368 350/382/366 351/386/370 322/429/417
f 389/435/423 382/436/424 386/437/425 373/438/426
f 402/439/427 406/440/428 404/441/429 405/442/430
f 374/443/431 388/444/432 382/436/424 389/435/423
f 383/445/433 375/446/434 379/447/435 386/437/425
f 379/447/435 375/446/434 377/448/436 376/449/437
f 394/450/438 398/451/439 397/452/440 396/453/441
f 380/454/442 376/449/437 377/448/436 378/455/443
f 387/456/444 383/445/433 384/457/445 385/458/446
f 381/459/447 378/455/443 377/448/436 375/446/434
f 388/444/432 385/458/446 384/457/445 382/436/424
f 395/460/448 401/461/449 381/459/447 387/456/444
f 408/462/450 411/463/451 402/439/427 394/450/438
f 410/464/452 390/465/453 380/454/442 400/466/454
f 380/454/442 390/465/453 392/467/455 376/449/437
f 401/461/449 405/442/430 404/441/429 403/468/456
f 400/466/454 403/468/456 404/441/429 406/440/428
f 387/456/444 381/459/447 375/446/434 383/445/433
f 393/469/457 396/453/441 397/452/440 399/470/458
f 395/460/448 399/470/458 397/452/440 398/451/439
f 386/437/425 379/447/435 391/471/459 373/438/426
f 386/437/425 382/436/424 384/457/445 383/445/433
f 376/449/437 392/467/455 391/471/459 379/447/435
f 393/469/457 407/472/460 409/473/461 396/453/441
f 396/453/441 409/473/461 408/462/450 394/450/438
f 410/464/452 400/466/454 406/440/428 412/474/462
f 412/474/462 406/440/428 402/439/427 411/463/451
f 401/461/449 395/460/448 398/451/439 405/442/430
f 405/442/430 398/451/439 394/450/438 402/439/427
f 388/444/432 393/469/457 399/470/458 385/458/446
f 385/458/446 399/470/458 395/460/448 387/456/444
f 400/466/454 380/454/442 378/455/443 403/468/456
f 403/468/456 378/455/443 381/459/447 401/461/449
f 374/443/431 407/472/460 393/469/457 388/444/432
f 429/475/463 413/476/464 426/477/465 422/478/466
f 442/479/467 445/480/468 444/481/469 446/482/470
f 414/483/471 429/475/463 422/478/466 428/484/472
f 423/485/473 426/477/465 419/486/474 415/487/475
f 419/486/474 416/488/476 417/489/477 415/487/475
f 434/490/478 436/491/479 437/492/480 438/493/481
f 420/494/482 418/495/483 417/489/477 416/488/476
f 427/496/484 425/497/485 424/498/486 423/485/473
f 421/499/487 415/487/475 417/489/477 418/495/483
f 428/484/472 422/478/466 424/498/486 425/497/485
f 435/500/488 427/496/484 421/499/487 441/501/489
f 448/502/490 434/490/478 442/479/467 451/503/491
f 450/504/492 440/505/493 420/494/482 430/506/494
f 420/494/482 416/488/476 432/507/495 430/506/494
f 441/501/489 443/508/496 444/481/469 445/480/468
f 440/505/493 446/482/470 444/481/469 443/508/496
f 427/496/484 423/485/473 415/487/475 421/499/487
f 433/509/497 439/510/498 437/492/480 436/491/479
f 435/500/488 438/493/481 437/492/480 439/510/498
f 426/477/465 413/476/464 431/511/499 419/486/474
f 426/477/465 423/485/473 424/498/486 422/478/466
f 416/488/476 419/486/474 431/511/499 432/507/495
f 433/509/497 436/491/479 449/512/500 447/513/501
f 436/491/479 434/490/478 448/502/490 449/512/500
f 450/504/492 452/514/502 446/482/470 440/505/493
f 452/514/502 451/503/491 442/479/467 446/482/470
f 441/501/489 445/480/468 438/493/481 435/500/488
f 445/480/468 442/479/467 434/490/478 438/493/481
f 428/484/472 425/497/485 439/510/498 433/509/497
f 425/497/485 427/496/484 435/500/488 439/510/498
f 440/505/493 443/508/496 418/495/483 420/494/482
f 443/508/496 441/501/489 421/499/487 418/495/483
f 414/483/471 428/484/472 433/509/497 447/513/501
f 506/515/503 484/516/504 516/517/505 523/518/506
f 475/519/507 522/520/508 511/521/509 499/522/510
f 511/521/509 476/523/511 460/524/512 477/525/513
f 499/522/510 511/521/509 477/525/513 459/526/514
f 545/527/515 510/528/516 488/529/517 536/530/518
f 534/531/519 537/532/520 503/533/521 470/534/522
f 522/520/508 500/535/523 476/523/511 511/521/509
f 479/536/524 521/537/525 512/538/526 501/539/527
f 512/538/526 480/540/528 454/541/529
f 501/539/527 512/538/526 473/542/530 453/543/531
f 537/532/520 494/544/532 504/545/533 544/546/534
f 521/537/525 502/547/535 480/540/528 512/538/526
f 527/548/536 456/549/537 490/550/538 539/551/539
f 538/552/540 482/553/541 461/554/542 529/555/543
f 536/530/518 488/529/517 467/556/544 532/557/545
f 505/558/546 526/559/547 513/560/548 483/561/549
f 513/560/548 508/562/550 461/554/542 482/553/541
f 483/561/549 513/560/548 482/553/541 464/563/551
f 526/559/547 486/564/552 508/562/550 513/560/548
f 507/565/553 525/566/554 514/567/555 485/568/556
f 514/567/555 506/515/503 463/569/557 481/570/558
f 485/568/556 514/567/555 481/570/558 462/571/559
f 539/551/539 490/550/538 466/572/560 531/573/561
f 530/574/562 540/575/563 491/576/564 464/563/551
f 524/577/565 515/578/566 488/529/517 510/528/516
f 483/561/549 464/563/551 491/576/564 515/578/566
f 515/578/566 491/576/564 467/556/544 488/529/517
f 525/566/554 484/516/504 506/515/503 514/567/555
f 540/575/563 492/579/567 468/580/568 532/557/545
f 527/548/569 541/581/570 496/582/571 456/549/537
f 523/518/506 516/517/505 487/583/572 509/584/573
f 484/516/504 454/541/529 489/585/574 516/517/505
f 516/517/505 489/585/574 465/586/575 487/583/572
f 505/558/546 483/561/549 515/578/566 524/577/565
f 520/587/576 517/588/577 503/533/521 493/589/578
f 500/535/523 456/549/537 496/582/571 517/588/577
f 517/588/577 496/582/571 470/534/522 503/533/521
f 530/574/562 464/563/551 482/553/541 538/552/540
f 541/581/570 497/590/579 471/591/580 534/531/519
f 528/592/581 542/593/582 498/594/583 458/595/584
f 519/596/585 518/597/586 504/545/533 494/544/532
f 502/547/535 458/595/584 498/594/583 518/597/586
f 518/597/586 498/594/583 472/598/587 504/545/533
f 476/523/511 500/535/523 517/588/577 520/587/576
f 542/593/582 495/599/588 469/600/589 533/601/590
f 528/592/581 458/595/584 478/602/591 543/603/592
f 544/546/534 504/545/533 472/598/587 533/601/590
f 543/603/592 478/602/591 457/604/593 535/605/594
f 454/541/529 480/540/528 519/596/585 497/590/579
f 497/590/579 519/596/585 494/544/532 471/591/580
f 460/524/512 476/523/511 520/587/576 495/599/588
f 495/599/588 520/587/576 493/589/578 469/600/589
f 531/573/561 466/572/560 510/528/516 545/527/515
f 457/604/593 478/602/591 521/537/525 479/536/524
f 478/602/591 458/595/584 502/547/535 521/537/525
f 455/606/595 474/607/596 522/520/508 475/519/507
f 456/549/537 500/535/523 522/520/508
f 463/569/557 506/515/503 523/518/506 492/579/567
f 492/579/567 523/518/506 509/584/573 468/580/568
f 456/549/537 505/558/546 524/577/565 490/550/538
f 490/550/538 524/577/565 510/528/516 466/572/560
f 453/543/531 473/542/530 525/566/554 507/565/553
f 473/542/530 454/541/529 484/516/504
f 474/607/596 526/559/547 505/558/546
f 474/607/596 455/606/595 486/564/552 526/559/547
f 480/540/528 502/547/535 518/597/586 519/596/585
f 465/586/575 531/573/561 545/527/515 487/583/572
f 477/525/513 543/603/592 535/605/594 459/526/514
f 493/589/578 544/546/534 533/601/590 469/600/589
f 460/524/512 528/592/581 543/603/592 477/525/513
f 498/594/583 542/593/582 533/601/590 472/598/587
f 460/524/512 495/599/588 542/593/582 528/592/581
f 496/582/571 541/581/570 534/531/519 470/534/522
f 463/569/557 530/574/562 538/552/540 481/570/558
f 454/541/529 497/590/579 541/581/570 527/548/569
f 491/576/564 540/575/563 532/557/545 467/556/544
f 463/569/557 492/579/567 540/575/563 530/574/562
f 489/585/574 539/551/539 531/573/561 465/586/575
f 509/584/573 536/530/518 532/557/545 468/580/568
f 481/570/558 538/552/540 529/555/543 462/571/559
f 454/541/529 527/548/536 539/551/539 489/585/574
f 503/533/521 537/532/520 544/546/534 493/589/578
f 471/591/580 494/544/532 537/532/520 534/531/519
f 487/583/572 545/527/515 536/530/518 509/584/573
f 473/542/530 512/538/526 454/541/529
f 525/566/554 473/542/530 484/516/504
f 474/607/596 456/549/537 522/520/508
f 456/549/537 474/607/596 505/558/546
f 618/608/597 611/609/598 569/610/599 584/611/600
f 619/612/601 578/613/602 570/614/603 613/615/604
f 607/616/605 618/608/597 584/611/600 563/617/606
f 559/618/607 547/619/608 560/620/609 577/621/610
f 577/621/610 560/620/609 551/622/611 568/623/612
f 558/624/613 616/625/614 609/626/615 550/627/616
f 615/628/617 577/621/610 568/623/612 610/629/618
f 607/616/605 563/617/606 578/613/602 619/612/601
f 565/630/619 620/631/620 614/632/621 554/633/622
f 561/634/623 617/635/624 608/636/625 548/637/626
f 563/617/606 549/638/627 566/639/628 578/613/602
f 578/613/602 566/639/628 555/640/629 570/614/603
f 613/615/604 570/614/603 579/641/630 622/642/631
f 554/633/622 614/632/621 621/643/632 564/644/633
f 570/614/603 555/640/629 567/645/634 579/641/630
f 579/641/630 567/645/634 547/619/608 559/618/607
f 564/644/633 621/643/632 605/646/635 546/647/636
f 606/648/637 559/618/607 577/621/610 615/628/617
f 556/649/638 571/650/639 580/651/640 572/652/641
f 571/650/639 552/653/642 561/634/623 580/651/640
f 580/651/640 561/634/623 548/637/626 565/630/619
f 572/652/641 580/651/640 565/630/619 554/633/622
f 550/627/616 573/654/643 581/655/644 558/624/613
f 573/654/643 556/649/638 572/652/641 581/655/644
f 581/655/644 572/652/641 554/633/622 564/644/633
f 558/624/613 581/655/644 564/644/633 546/647/636
f 557/656/645 574/657/646 582/658/647 575/659/648
f 574/657/646 551/622/611 560/620/609 582/658/647
f 582/658/647 560/620/609 547/619/608 567/645/634
f 575/659/648 582/658/647 567/645/634 555/640/629
f 553/660/649 576/661/650 583/662/651 562/663/652
f 576/661/650 557/656/645 575/659/648 583/662/651
f 583/662/651 575/659/648 555/640/629 566/639/628
f 562/663/652 583/662/651 566/639/628 549/638/627
f 608/636/625 620/631/620 565/630/619 548/637/626
f 552/653/642 612/664/653 617/635/624 561/634/623
f 584/611/600 569/610/599 553/660/649 562/663/652
f 563/617/606 584/611/600 562/663/652 549/638/627
f 622/642/631 579/641/630 559/618/607 606/648/637
f 21/197/187 89/177/175 656/665/176 91/189/181
f 25/41/41 647/666/58 137/57/57
f 659/176/174 96/175/173 636/667/56
f 592/668/654 596/669/655 603/670/655 590/671/654
f 591/672/656 592/668/657 590/671/658 589/673/659
f 587/674/660 593/675/661 600/676/661 585/677/660
f 589/673/659 590/671/658 603/670/662 599/678/663
f 597/679/664 588/680/665 586/681/665 602/682/664
f 594/683/666 596/669/667 592/668/657 591/672/656
f 600/676/668 602/682/669 586/681/670 585/677/670
f 594/683/671 591/672/672 589/673/672 599/678/671
f 597/679/664 602/682/664 604/684/673 598/685/673
f 598/685/673 604/684/673 603/670/655 596/669/655
f 594/683/671 599/678/671 601/686/674 595/687/674
f 595/687/674 601/686/674 600/676/661 593/675/661
f 602/682/669 600/676/668 601/686/675 604/684/676
f 604/684/676 601/686/675 599/678/663 603/670/662
f 596/669/667 594/683/666 595/687/677 598/685/678
f 598/685/678 595/687/677 593/675/679 597/679/680
f 587/674/681 588/680/681 597/679/680 593/675/679
f 606/648/637 615/628/617 616/625/614 605/646/635
f 615/628/617 610/629/618 609/626/615 616/625/614
f 608/636/625 617/635/624 618/608/597 607/616/605
f 617/635/624 612/664/653 611/609/598 618/608/597
f 607/616/605 619/612/601 620/631/620 608/636/625
f 619/612/601 613/615/604 614/632/621 620/631/620
f 605/646/635 621/643/632 622/642/631 606/648/637
f 621/643/632 614/632/621 613/615/604 622/642/631
f 546/647/636 605/646/635 616/625/614 558/624/613
f 626/688/143 641/220/208 166/148/147 60/84/84
f 642/152/151 627/689/83 110/46/46 177/153/152
f 94/55/55 660/690/165 635/691/191
f 96/175/173 199/272/256 137/57/57 636/692/56
f 624/693/27 638/227/212 640/694/682 625/695/683
f 625/695/684 640/694/685 639/36/36 623/154/63
f 638/227/212 629/221/209 631/696/686 640/694/682
f 640/694/685 631/696/687 630/37/37 639/36/36
f 629/221/209 641/220/208 643/697/688 631/696/686
f 631/696/687 643/697/689 642/152/151 630/37/37
f 641/220/208 626/688/143 628/698/690 643/697/688
f 643/697/689 628/698/691 627/689/83 642/152/151
f 651/184/177 653/28/28 655/699/692 652/700/693
f 652/700/694 655/699/695 654/183/66 650/182/61
f 645/191/182 656/190/176 658/701/696 646/702/697
f 646/702/698 658/701/699 657/192/183 644/173/171
f 648/276/169 635/275/191 637/703/700 649/704/701
f 649/704/702 637/703/703 636/56/56 647/58/58
f 644/173/171 659/176/174 661/705/704 646/702/698
f 646/702/697 661/705/705 660/193/165 645/191/182
f 647/200/58 662/201/184 664/706/706 649/704/702
f 649/704/701 664/706/707 663/172/170 648/171/169
f 650/181/61 632/180/166 634/707/708 652/700/694
f 652/700/693 634/707/709 633/185/144 651/184/177
f 626/222/143 663/172/170 664/706/707 628/698/690
f 628/698/691 664/706/706 662/194/184 627/271/83
f 623/226/63 654/66/66 655/699/695 625/695/684
f 625/695/683 655/699/692 653/28/28 624/27/27
f 632/199/166 657/192/183 658/701/699 634/707/708
f 634/707/709 658/701/696 656/179/176 633/178/144
f 659/176/174 636/667/56 637/703/703 661/705/704
f 661/705/705 637/703/700 635/691/191 660/690/165
f 638/227/212 624/693/27 51/25/25 167/155/153
f 665/708/710 674/709/711 689/710/712 673/711/713
f 674/709/711 666/712/714 675/713/715 689/710/712
f 689/710/712 675/713/715 668/714/716 676/715/717
f 673/711/713 689/710/712 676/715/717 667/716/718
f 712/717/719 720/718/720 728/719/721 729/720/722
f 677/721/723 698/722/724 690/723/725 685/724/726
f 690/723/725 678/725/727 672/726/728 679/727/729
f 685/724/726 690/723/725 679/727/729 671/728/730
f 671/728/730 679/727/729 691/729/731 680/730/732
f 679/727/729 672/726/728 681/731/733 691/729/731
f 691/729/731 681/731/733 670/732/734 682/733/735
f 680/730/732 691/729/731 682/733/735 669/734/736
f 698/722/724 686/735/737 678/725/727 690/723/725
f 683/736/738 697/737/739 692/738/740 687/739/741
f 692/738/740 684/740/742 666/712/714 674/709/711
f 687/739/741 692/738/740 674/709/711 665/708/710
f 696/741/743 693/742/744 683/736/738 687/739/741
f 685/724/726 671/728/730 680/730/732 693/742/744
f 693/742/744 680/730/732 669/734/736 683/736/738
f 697/737/739 688/743/745 684/740/742 692/738/740
f 695/744/746 694/745/747 684/740/742 688/743/745
f 686/735/737 668/714/716 675/713/715 694/745/747
f 694/745/747 675/713/715 666/712/714 684/740/742
f 677/721/723 685/724/726 693/742/744 696/741/743
f 672/726/728 678/725/727 695/744/746 681/731/733
f 681/731/733 695/744/746 688/743/745 670/732/734
f 667/716/718 677/721/723 696/741/743 673/711/713
f 673/711/713 696/741/743 687/739/741 665/708/710
f 669/734/736 682/733/735 697/737/739 683/736/738
f 682/733/735 670/732/734 688/743/745 697/737/739
f 667/716/718 676/715/717 698/722/724 677/721/723
f 676/715/717 668/714/716 686/735/737 698/722/724
f 699/746/748 708/747/749 723/748/750 707/749/751
f 708/747/749 700/750/752 709/751/753 723/748/750
f 723/748/750 709/751/753 702/752/754 710/753/755
f 707/749/751 723/748/750 710/753/755 701/754/756
f 711/755/757 732/756/758 724/757/759 719/758/760
f 724/757/759 712/717/719 706/759/761 713/760/762
f 719/758/760 724/757/759 713/760/762 705/761/763
f 705/761/763 713/760/762 725/762/764 714/763/765
f 713/760/762 706/759/761 715/764/766 725/762/764
f 725/762/764 715/764/766 704/765/767 716/766/768
f 714/763/765 725/762/764 716/766/768 703/767/769
f 732/756/758 720/718/720 712/717/719 724/757/759
f 717/768/770 731/769/771 726/770/772 721/771/773
f 726/770/772 718/772/774 700/750/752 708/747/749
f 721/771/773 726/770/772 708/747/749 699/746/748
f 730/773/775 727/774/776 717/768/770 721/771/773
f 719/758/760 705/761/763 714/763/765 727/774/776
f 727/774/776 714/763/765 703/767/769 717/768/770
f 731/769/771 722/775/777 718/772/774 726/770/772
f 729/720/722 728/719/721 718/772/774 722/775/777
f 720/718/720 702/752/754 709/751/753 728/719/721
f 728/719/721 709/751/753 700/750/752 718/772/774
f 711/755/757 719/758/760 727/774/776 730/773/775
f 706/759/761 712/717/719 729/720/722 715/764/766
f 715/764/766 729/720/722 722/775/777 704/765/767
f 701/754/756 711/755/757 730/773/775 707/749/751
f 707/749/751 730/773/775 721/771/773 699/746/748
f 703/767/769 716/766/768 731/769/771 717/768/770
f 716/766/768 704/765/767 722/775/777 731/769/771
f 701/754/756 710/753/755 732/756/758 711/755/757
f 710/753/755 702/752/754 720/718/720 732/756/758
f 678/725/727 686/735/737 694/745/747 695/744/746
f 733/776/778 742/777/779 757/778/780 741/779/781
f 742/777/779 734/780/782 743/781/783 757/778/780
f 757/778/780 743/781/783 736/782/784 744/783/785
f 741/779/781 757/778/780 744/783/785 735/784/786
f 745/785/787 766/786/788 758/787/789 753/788/790
f 758/787/789 746/789/791 740/790/792 747/791/793
f 753/788/790 758/787/789 747/791/793 739/792/794
f 739/792/794 747/791/793 759/793/795 748/794/796
f 747/791/793 740/790/792 749/795/797 759/793/795
f 759/793/795 749/795/797 738/796/798 750/797/799
f 748/794/796 759/793/795 750/797/799 737/798/800
f 766/786/788 754/799/801 746/789/791 758/787/789
f 751/800/802 765/801/803 760/802/804 755/803/805
f 760/802/804 752/804/806 734/780/782 742/777/779
f 755/803/805 760/802/804 742/777/779 733/776/778
f 764/805/807 761/806/808 751/800/802 755/803/805
f 753/788/790 739/792/794 748/794/796 761/806/808
f 761/806/808 748/794/796 737/798/800 751/800/802
f 765/801/803 756/807/809 752/804/806 760/802/804
f 763/808/810 762/809/811 752/804/806 756/807/809
f 754/799/801 736/782/784 743/781/783 762/809/811
f 762/809/811 743/781/783 734/780/782 752/804/806
f 745/785/787 753/788/790 761/806/808 764/805/807
f 740/790/792 746/789/791 763/808/810 749/795/797
f 749/795/797 763/808/810 756/807/809 738/796/798
f 735/784/786 745/785/787 764/805/807 741/779/781
f 741/779/781 764/805/807 755/803/805 733/776/778
f 737/798/800 750/797/799 765/801/803 751/800/802
f 750/797/799 738/796/798 756/807/809 765/801/803
f 735/784/786 744/783/785 766/786/788 745/785/787
f 744/783/785 736/782/784 754/799/801 766/786/788
f 746/789/791 754/799/801 762/809/811 763/808/810
f 767/810/812 776/811/813 791/812/814 775/813/815
f 776/811/813 768/814/816 777/815/817 791/812/814
f 791/812/814 777/815/817 770/816/818 778/817/819
f 775/813/815 791/812/814 778/817/819 769/818/820
f 779/819/821 800/820/822 792/821/823 787/822/824
f 792/821/823 780/823/825 774/824/826 781/825/827
f 787/822/824 792/821/823 781/825/827 773/826/828
f 773/826/828 781/825/827 793/827/829 782/828/830
f 781/825/827 774/824/826 783/829/831 793/827/829
f 793/827/829 783/829/831 772/830/832 784/831/833
f 782/828/830 793/827/829 784/831/833 771/832/834
f 800/820/822 788/833/835 780/823/825 792/821/823
f 785/834/836 799/835/837 794/836/838 789/837/839
f 794/836/838 786/838/840 768/814/816 776/811/813
f 789/837/839 794/836/838 776/811/813 767/810/812
f 798/839/841 795/840/842 785/834/836 789/837/839
f 787/822/824 773/826/828 782/828/830 795/840/842
f 795/840/842 782/828/830 771/832/834 785/834/836
f 799/835/837 790/841/843 786/838/840 794/836/838
f 797/842/844 796/843/845 786/838/840 790/841/843
f 788/833/835 770/816/818 777/815/817 796/843/845
f 796/843/845 777/815/817 768/814/816 786/838/840
f 779/819/821 787/822/824 795/840/842 798/839/841
f 774/824/826 780/823/825 797/842/844 783/829/831
f 783/829/831 797/842/844 790/841/843 772/830/832
f 769/818/820 779/819/821 798/839/841 775/813/815
f 775/813/815 798/839/841 789/837/839 767/810/812
f 771/832/834 784/831/833 799/835/837 785/834/836
f 784/831/833 772/830/832 790/841/843 799/835/837
f 769/818/820 778/817/819 800/820/822 779/819/821
f 778/817/819 770/816/818 788/833/835 800/820/822
f 780/823/825 788/833/835 796/843/845 797/842/844
f 801/844/846 810/845/847 825/846/848 809/847/849
f 810/845/847 802/848/850 811/849/851 825/846/848
f 825/846/848 811/849/851 804/850/852 812/851/853
f 809/847/849 825/846/848 812/851/853 803/852/854
f 835/853/855 842/854/856 826/855/857 821/856/858
f 826/855/857 814/857/859 808/858/860 815/859/861
f 821/856/858 826/855/857 815/859/861 807/860/862
f 807/860/862 815/859/861 827/861/863 816/862/864
f 815/859/861 808/858/860 817/863/865 827/861/863
f 827/861/863 817/863/865 806/864/866 818/865/867
f 816/862/864 827/861/863 818/865/867 805/866/868
f 842/854/856 836/867/869 814/857/859 826/855/857
f 837/868/870 841/869/871 828/870/872 823/871/873
f 828/870/872 820/872/874 802/848/850 810/845/847
f 823/871/873 828/870/872 810/845/847 801/844/846
f 840/873/875 829/874/876 819/875/877 837/868/870
f 821/856/858 807/860/862 816/862/864 829/874/876
f 829/874/876 816/862/864 805/866/868 819/875/877
f 841/869/871 838/876/878 820/872/874 828/870/872
f 839/877/879 830/878/880 820/872/874 838/876/878
f 822/879/881 804/850/852 811/849/851 830/878/880
f 830/878/880 811/849/851 802/848/850 820/872/874
f 835/853/855 821/856/858 829/874/876 840/873/875
f 808/858/860 814/857/859 831/880/882 817/863/865
f 817/863/865 831/880/882 824/881/883 806/864/866
f 803/852/854 813/882/884 832/883/885 809/847/849
f 809/847/849 832/883/885 823/871/873 801/844/846
f 805/866/868 818/865/867 833/884/886 819/875/877
f 818/865/867 806/864/866 824/881/883 833/884/886
f 803/852/854 812/851/853 834/885/887 813/882/884
f 812/851/853 804/850/852 822/879/881 834/885/887
f 836/867/869 822/879/881 830/878/880 839/877/879
f 814/857/859 836/867/869 839/877/879 831/880/882
f 813/882/884 835/853/855 840/873/875 832/883/885
f 831/880/882 839/877/879 838/876/878 824/881/883
f 833/884/886 824/881/883 838/876/878 841/869/871
f 832/883/885 840/873/875 837/868/870 823/871/873
f 819/875/877 833/884/886 841/869/871 837/868/870
f 834/885/887 822/879/881 836/867/869 842/854/856
f 813/882/884 834/885/887 842/854/856 835/853/855
f 843/886/888 851/887/889 867/888/890 852/889/891
f 852/889/891 867/888/890 853/890/892 844/891/893
f 867/888/890 854/892/894 846/893/895 853/890/892
f 851/887/889 845/894/896 854/892/894 867/888/890
f 890/895/897 907/896/898 906/897/899 898/898/900
f 855/899/901 863/900/902 868/901/903 876/902/904
f 868/901/903 857/903/905 850/904/906 856/905/907
f 863/900/902 849/906/908 857/903/905 868/901/903
f 849/906/908 858/907/909 869/908/910 857/903/905
f 857/903/905 869/908/910 859/909/911 850/904/906
f 869/908/910 860/910/912 848/911/913 859/909/911
f 858/907/909 847/912/914 860/910/912 869/908/910
f 876/902/904 868/901/903 856/905/907 864/913/915
f 861/914/916 865/915/917 870/916/918 875/917/919
f 870/916/918 852/889/891 844/891/893 862/918/920
f 865/915/917 843/886/888 852/889/891 870/916/918
f 874/919/921 865/915/917 861/914/916 871/920/922
f 863/900/902 871/920/922 858/907/909 849/906/908
f 871/920/922 861/914/916 847/912/914 858/907/909
f 875/917/919 870/916/918 862/918/920 866/921/923
f 873/922/924 866/921/923 862/918/920 872/923/925
f 864/913/915 872/923/925 853/890/892 846/893/895
f 872/923/925 862/918/920 844/891/893 853/890/892
f 855/899/901 874/919/921 871/920/922 863/900/902
f 850/904/906 859/909/911 873/922/924 856/905/907
f 859/909/911 848/911/913 866/921/923 873/922/924
f 845/894/896 851/887/889 874/919/921 855/899/901
f 851/887/889 843/886/888 865/915/917 874/919/921
f 847/912/914 861/914/916 875/917/919 860/910/912
f 860/910/912 875/917/919 866/921/923 848/911/913
f 845/894/896 855/899/901 876/902/904 854/892/894
f 854/892/894 876/902/904 864/913/915 846/893/895
f 877/924/926 885/925/927 901/926/928 886/927/929
f 886/927/929 901/926/928 887/928/930 878/929/931
f 901/926/928 888/930/932 880/931/933 887/928/930
f 885/925/927 879/932/934 888/930/932 901/926/928
f 889/933/935 897/934/936 902/935/937 910/936/938
f 902/935/937 891/937/939 884/938/940 890/895/897
f 897/934/936 883/939/941 891/937/939 902/935/937
f 883/939/941 892/940/942 903/941/943 891/937/939
f 891/937/939 903/941/943 893/942/944 884/938/940
f 903/941/943 894/943/945 882/944/946 893/942/944
f 892/940/942 881/945/947 894/943/945 903/941/943
f 910/936/938 902/935/937 890/895/897 898/898/900
f 895/946/948 899/947/949 904/948/950 909/949/951
f 904/948/950 886/927/929 878/929/931 896/950/952
f 899/947/949 877/924/926 886/927/929 904/948/950
f 908/951/953 899/947/949 895/946/948 905/952/954
f 897/934/936 905/952/954 892/940/942 883/939/941
f 905/952/954 895/946/948 881/945/947 892/940/942
f 909/949/951 904/948/950 896/950/952 900/953/955
f 907/896/898 900/953/955 896/950/952 906/897/899
f 898/898/900 906/897/899 887/928/930 880/931/933
f 906/897/899 896/950/952 878/929/931 887/928/930
f 889/933/935 908/951/953 905/952/954 897/934/936
f 884/938/940 893/942/944 907/896/898 890/895/897
f 893/942/944 882/944/946 900/953/955 907/896/898
f 879/932/934 885/925/927 908/951/953 889/933/935
f 885/925/927 877/924/926 899/947/949 908/951/953
f 881/945/947 895/946/948 909/949/951 894/943/945
f 894/943/945 909/949/951 900/953/955 882/944/946
f 879/932/934 889/933/935 910/936/938 888/930/932
f 888/930/932 910/936/938 898/898/900 880/931/933
f 856/905/907 873/922/924 872/923/925 864/913/915
f 911/954/956 919/955/957 935/956/958 920/957/959
f 920/957/959 935/956/958 921/958/960 912/959/961
f 935/956/958 922/960/962 914/961/963 921/958/960
f 919/955/957 913/962/964 922/960/962 935/956/958
f 923/963/965 931/964/966 936/965/967 944/966/968
f 936/965/967 925/967/969 918/968/970 924/969/971
f 931/964/966 917/970/972 925/967/969 936/965/967
f 917/970/972 926/971/973 937/972/974 925/967/969
f 925/967/969 937/972/974 927/973/975 918/968/970
f 937/972/974 928/974/976 916/975/977 927/973/975
f 926/971/973 915/976/978 928/974/976 937/972/974
f 944/966/968 936/965/967 924/969/971 932/977/979
f 929/978/980 933/979/981 938/980/982 943/981/983
f 938/980/982 920/957/959 912/959/961 930/982/984
f 933/979/981 911/954/956 920/957/959 938/980/982
f 942/983/985 933/979/981 929/978/980 939/984/986
f 931/964/966 939/984/986 926/971/973 917/970/972
f 939/984/986 929/978/980 915/976/978 926/971/973
f 943/981/983 938/980/982 930/982/984 934/985/987
f 941/986/988 934/985/987 930/982/984 940/987/989
f 932/977/979 940/987/989 921/958/960 914/961/963
f 940/987/989 930/982/984 912/959/961 921/958/960
f 923/963/965 942/983/985 939/984/986 931/964/966
f 918/968/970 927/973/975 941/986/988 924/969/971
f 927/973/975 916/975/977 934/985/987 941/986/988
f 913/962/964 919/955/957 942/983/985 923/963/965
f 919/955/957 911/954/956 933/979/981 942/983/985
f 915/976/978 929/978/980 943/981/983 928/974/976
f 928/974/976 943/981/983 934/985/987 916/975/977
f 913/962/964 923/963/965 944/966/968 922/960/962
f 922/960/962 944/966/968 932/977/979 914/961/963
f 924/969/971 941/986/988 940/987/989 932/977/979
f 945/988/990 953/989/991 969/990/992 954/991/993
f 954/991/993 969/990/992 955/992/994 946/993/995
f 969/990/992 956/994/996 948/995/997 955/992/994
f 953/989/991 947/996/998 956/994/996 969/990/992
f 957/997/999 965/998/1000 970/999/1001 978/1000/1002
f 970/999/1001 959/1001/1003 952/1002/1004 958/1003/1005
f 965/998/1000 951/1004/1006 959/1001/1003 970/999/1001
f 951/1004/1006 960/1005/1007 971/1006/1008 959/1001/1003
f 959/1001/1003 971/1006/1008 961/1007/1009 952/1002/1004
f 971/1006/1008 962/1008/1010 950/1009/1011 961/1007/1009
f 960/1005/1007 949/1010/1012 962/1008/1010 971/1006/1008
f 978/1000/1002 970/999/1001 958/1003/1005 966/1011/1013
f 963/1012/1014 967/1013/1015 972/1014/1016 977/1015/1017
f 972/1014/1016 954/991/993 946/993/995 964/1016/1018
f 967/1013/1015 945/988/990 954/991/993 972/1014/1016
f 976/1017/1019 967/1013/1015 963/1012/1014 973/1018/1020
f 965/998/1000 973/1018/1020 960/1005/1007 951/1004/1006
f 973/1018/1020 963/1012/1014 949/1010/1012 960/1005/1007
f 977/1015/1017 972/1014/1016 964/1016/1018 968/1019/1021
f 975/1020/1022 968/1019/1021 964/1016/1018 974/1021/1023
f 966/1011/1013 974/1021/1023 955/992/994 948/995/997
f 974/1021/1023 964/1016/1018 946/993/995 955/992/994
f 957/997/999 976/1017/1019 973/1018/1020 965/998/1000
f 952/1002/1004 961/1007/1009 975/1020/1022 958/1003/1005
f 961/1007/1009 950/1009/1011 968/1019/1021 975/1020/1022
f 947/996/998 953/989/991 976/1017/1019 957/997/999
f 953/989/991 945/988/990 967/1013/1015 976/1017/1019
f 949/1010/1012 963/1012/1014 977/1015/1017 962/1008/1010
f 962/1008/1010 977/1015/1017 968/1019/1021 950/1009/1011
f 947/996/998 957/997/999 978/1000/1002 956/994/996
f 956/994/996 978/1000/1002 966/1011/1013 948/995/997
f 958/1003/1005 975/1020/1022 974/1021/1023 966/1011/1013
f 979/1022/1024 987/1023/1025 1003/1024/1026 988/1025/1027
f 988/1025/1027 1003/1024/1026 989/1026/1028 980/1027/1029
f 1003/1024/1026 990/1028/1030 982/1029/1031 989/1026/1028
f 987/1023/1025 981/1030/1032 990/1028/1030 1003/1024/1026
f 1013/1031/1033 999/1032/1034 1004/1033/1035 1020/1034/1036
f 1004/1033/1035 993/1035/1037 986/1036/1038 992/1037/1039
f 999/1032/1034 985/1038/1040 993/1035/1037 1004/1033/1035
f 985/1038/1040 994/1039/1041 1005/1040/1042 993/1035/1037
f 993/1035/1037 1005/1040/1042 995/1041/1043 986/1036/1038
f 1005/1040/1042 996/1042/1044 984/1043/1045 995/1041/1043
f 994/1039/1041 983/1044/1046 996/1042/1044 1005/1040/1042
f 1020/1034/1036 1004/1033/1035 992/1037/1039 1014/1045/1047
f 1015/1046/1048 1001/1047/1049 1006/1048/1050 1019/1049/1051
f 1006/1048/1050 988/1025/1027 980/1027/1029 998/1050/1052
f 1001/1047/1049 979/1022/1024 988/1025/1027 1006/1048/1050
f 1018/1051/1053 1015/1046/1048 997/1052/1054 1007/1053/1055
f 999/1032/1034 1007/1053/1055 994/1039/1041 985/1038/1040
f 1007/1053/1055 997/1052/1054 983/1044/1046 994/1039/1041
f 1019/1049/1051 1006/1048/1050 998/1050/1052 1016/1054/1056
f 1017/1055/1057 1016/1054/1056 998/1050/1052 1008/1056/1058
f 1000/1057/1059 1008/1056/1058 989/1026/1028 982/1029/1031
f 1008/1056/1058 998/1050/1052 980/1027/1029 989/1026/1028
f 1013/1031/1033 1018/1051/1053 1007/1053/1055 999/1032/1034
f 986/1036/1038 995/1041/1043 1009/1058/1060 992/1037/1039
f 995/1041/1043 984/1043/1045 1002/1059/1061 1009/1058/1060
f 981/1030/1032 987/1023/1025 1010/1060/1062 991/1061/1063
f 987/1023/1025 979/1022/1024 1001/1047/1049 1010/1060/1062
f 983/1044/1046 997/1052/1054 1011/1062/1064 996/1042/1044
f 996/1042/1044 1011/1062/1064 1002/1059/1061 984/1043/1045
f 981/1030/1032 991/1061/1063 1012/1063/1065 990/1028/1030
f 990/1028/1030 1012/1063/1065 1000/1057/1059 982/1029/1031
f 1014/1045/1047 1017/1055/1057 1008/1056/1058 1000/1057/1059
f 992/1037/1039 1009/1058/1060 1017/1055/1057 1014/1045/1047
f 991/1061/1063 1010/1060/1062 1018/1051/1053 1013/1031/1033
f 1009/1058/1060 1002/1059/1061 1016/1054/1056 1017/1055/1057
f 1011/1062/1064 1019/1049/1051 1016/1054/1056 1002/1059/1061
f 1010/1060/1062 1001/1047/1049 1015/1046/1048 1018/1051/1053
f 997/1052/1054 1015/1046/1048 1019/1049/1051 1011/1062/1064
f 1012/1063/1065 1020/1034/1036 1014/1045/1047 1000/1057/1059
f 991/1061/1063 1013/1031/1033 1020/1034/1036 1012/1063/1065
