# Blender v3.4.1 OBJ File: 'MixedBag1_Export.blend'
# www.blender.org
mtllib chicken_plushie_A.mtl
o chicken_plushie_A
v -0.138298 0.692933 0.216868
v -0.199100 0.017999 -0.176764
v -0.187339 0.439814 -0.261700
v 0.138298 0.692933 0.216868
v 0.199100 0.017999 -0.176764
v 0.187339 0.439814 -0.261700
v -0.236531 0.016418 0.058961
v -0.164991 0.554246 0.331794
v -0.140481 0.705447 0.069696
v -0.276641 0.160828 -0.209042
v 0.000000 0.000000 -0.179253
v 0.000000 0.508372 -0.258670
v 0.276641 0.160828 -0.209042
v 0.236531 0.016418 0.058961
v 0.140481 0.705447 0.069696
v 0.164991 0.554246 0.331794
v 0.000000 0.742622 0.239200
v -0.333739 0.170308 0.046865
v 0.333739 0.170308 0.046865
v 0.000000 0.580162 0.378820
v 0.000000 0.000000 0.060817
v 0.000000 0.741156 0.057671
v -0.144748 0.346387 -0.396316
v -0.171164 0.199831 -0.372151
v -0.136776 0.071404 -0.321004
v 0.136776 0.071404 -0.321004
v 0.000000 0.060712 -0.344234
v 0.000000 0.352280 -0.456446
v 0.144748 0.346387 -0.396316
v 0.171164 0.199831 -0.372151
v 0.000000 0.201160 -0.439166
v -0.099391 0.549641 -0.398081
v 0.000000 0.580391 -0.408373
v 0.099391 0.549641 -0.398081
v -0.080845 0.515465 -0.448445
v 0.000000 0.534866 -0.469577
v 0.080845 0.515465 -0.448445
v -0.229031 0.533629 0.193483
v -0.217491 0.536710 -0.019513
v 0.217491 0.536710 -0.019513
v 0.229031 0.533629 0.193483
v 0.000000 0.177746 0.405964
v 0.000000 0.605216 -0.067898
v -0.282558 0.347345 0.240114
v -0.252894 0.288733 -0.248645
v 0.252894 0.288733 -0.248645
v 0.282558 0.347345 0.240114
v -0.310429 0.342297 0.010338
v 0.310429 0.342297 0.010338
v -0.204601 0.359987 0.369814
v 0.204601 0.359987 0.369814
v -0.225845 0.014199 -0.068205
v -0.225215 0.018733 0.179459
v -0.260454 0.438509 0.211566
v -0.238181 0.537044 0.094310
v -0.210357 0.471005 -0.140135
v -0.277379 0.225336 -0.220295
v -0.253171 0.083069 -0.191716
v 0.110091 0.000000 -0.174684
v -0.110091 0.000000 -0.174684
v -0.104251 0.493040 -0.255772
v 0.104251 0.493040 -0.255772
v 0.277379 0.225336 -0.220295
v 0.253171 0.083069 -0.191716
v 0.225215 0.018733 0.179459
v 0.225845 0.014199 -0.068205
v 0.210357 0.471005 -0.140135
v 0.238181 0.537044 0.094310
v 0.288849 0.262295 0.270637
v 0.073349 0.731313 0.233555
v -0.073349 0.731313 0.233555
v -0.313950 0.169299 0.184037
v -0.331636 0.256134 0.030779
v -0.316269 0.165216 -0.089935
v -0.304559 0.084695 0.055520
v -0.230034 0.170707 -0.298654
v -0.178660 0.395885 -0.338949
v 0.165860 0.041738 -0.263624
v 0.000000 0.011693 -0.269631
v 0.316269 0.165216 -0.089935
v 0.331636 0.256134 0.030779
v 0.313950 0.169299 0.184037
v 0.304559 0.084695 0.055520
v 0.132371 0.174768 0.383542
v 0.000000 0.675065 0.321033
v -0.132371 0.174768 0.383542
v 0.000000 0.085903 0.362218
v 0.000000 0.000000 -0.070260
v 0.129634 0.000000 0.060476
v -0.000000 0.000000 0.185568
v -0.129634 0.000000 0.060476
v 0.000000 0.535854 -0.158247
v -0.116901 0.587649 -0.059677
v 0.000000 0.764454 0.143255
v 0.116901 0.587649 -0.059677
v -0.152778 0.125282 -0.349456
v 0.080105 0.063503 -0.335873
v -0.080105 0.063503 -0.335873
v -0.070567 0.349189 -0.444010
v 0.070567 0.349189 -0.444010
v 0.152778 0.125282 -0.349456
v -0.084510 0.199967 -0.423244
v 0.084510 0.199967 -0.423244
v 0.000000 0.130918 -0.402578
v 0.230034 0.170707 -0.298654
v 0.178660 0.395885 -0.338949
v -0.105005 0.447935 -0.430322
v -0.165860 0.041738 -0.263624
v -0.059642 0.572054 -0.404682
v 0.059642 0.572054 -0.404682
v -0.092632 0.540666 -0.427160
v -0.045414 0.529388 -0.464090
v 0.045414 0.529388 -0.464090
v 0.092632 0.540666 -0.427160
v 0.000000 0.582344 -0.451138
v 0.000000 0.449493 -0.465409
v 0.105005 0.447935 -0.430322
v 0.134331 0.501824 -0.349389
v 0.000000 0.538656 -0.344316
v -0.134331 0.501825 -0.349389
v -0.145044 0.640215 0.288277
v -0.141447 0.710985 0.131928
v 0.141447 0.710985 0.131928
v 0.145044 0.640215 0.288277
v 0.091310 0.572682 0.367043
v -0.091310 0.572682 0.367043
v -0.084874 0.729924 0.060436
v 0.084874 0.729924 0.060436
v -0.186093 0.456987 0.357769
v -0.189299 0.624819 0.195546
v -0.174183 0.643996 0.034877
v 0.174183 0.643996 0.034877
v 0.189299 0.624819 0.195546
v 0.000000 0.276390 0.423499
v 0.000000 0.682342 -0.004193
v 0.209198 0.535287 0.274294
v -0.209198 0.535287 0.274294
v -0.288849 0.262295 0.270637
v -0.239322 0.365055 -0.233522
v 0.239322 0.365055 -0.233522
v 0.260454 0.438509 0.211566
v -0.277916 0.431320 -0.009055
v 0.277916 0.431320 -0.009055
v -0.150405 0.267275 -0.400056
v 0.150405 0.267275 -0.400056
v 0.000000 0.272270 -0.451714
v 0.303614 0.346943 0.134269
v 0.293475 0.320660 -0.117575
v -0.293475 0.320660 -0.117575
v -0.303614 0.346943 0.134269
v 0.186093 0.456987 0.357769
v 0.000000 0.479820 0.411525
v -0.254785 0.355118 0.315568
v 0.254785 0.355118 0.315568
v 0.206642 0.272862 -0.337073
v -0.206642 0.272862 -0.337073
v -0.285180 0.083760 0.184139
v -0.276486 0.438809 0.107329
v -0.265364 0.398028 -0.126008
v -0.289636 0.079591 -0.076838
v 0.134164 0.474546 -0.389665
v 0.207318 0.103311 -0.281964
v -0.213472 0.349363 -0.301902
v 0.092942 0.016503 -0.264135
v 0.289636 0.079591 -0.076838
v 0.265364 0.398028 -0.126008
v 0.276486 0.438809 0.107329
v 0.285180 0.083760 0.184139
v 0.134304 0.079425 0.337898
v 0.079193 0.666216 0.312556
v -0.079193 0.666216 0.312556
v -0.134304 0.079425 0.337898
v -0.124021 0.000000 -0.067513
v 0.124021 0.000000 -0.067513
v 0.125539 0.000000 0.183327
v -0.125539 0.000000 0.183327
v 0.116071 0.519253 -0.153157
v -0.116071 0.519253 -0.153157
v -0.076576 0.751885 0.140845
v 0.076576 0.751885 0.140845
v -0.081043 0.129864 -0.388885
v -0.078656 0.269840 -0.438485
v 0.081043 0.129864 -0.388885
v -0.092942 0.016503 -0.264135
v -0.207318 0.103311 -0.281964
v 0.245349 0.212305 -0.290765
v -0.055178 0.447119 -0.457539
v 0.048863 0.573339 -0.445743
v -0.048863 0.573339 -0.445743
v 0.080537 0.529178 -0.342346
v 0.055178 0.447119 -0.457539
v -0.134164 0.474546 -0.389665
v -0.080537 0.529178 -0.342346
v -0.184560 0.606389 0.257586
v -0.193534 0.635935 0.110002
v 0.193534 0.635935 0.110002
v 0.264517 0.273501 0.325616
v 0.124704 0.270357 0.406105
v -0.124704 0.270357 0.406105
v -0.101550 0.669780 0.002829
v 0.101550 0.669780 0.002829
v 0.184560 0.606389 0.257586
v -0.234861 0.444101 0.295672
v 0.319791 0.257109 0.162252
v 0.313948 0.243740 -0.102778
v -0.313948 0.243740 -0.102778
v -0.319791 0.257109 0.162252
v -0.103679 0.471627 0.397561
v 0.103679 0.471627 0.397561
v -0.264517 0.273501 0.325616
v 0.234861 0.444101 0.295672
v 0.213472 0.349363 -0.301902
v 0.078656 0.269840 -0.438485
v -0.245349 0.212305 -0.290765
v -0.197972 0.030838 0.254234
v -0.181438 0.043981 0.282869
v -0.188338 0.039554 0.266315
v 0.181438 0.043981 0.282869
v 0.197972 0.030838 0.254234
v 0.188338 0.039554 0.266315
v 0.000000 0.004739 0.254411
v 0.000000 0.017912 0.283751
v 0.000000 0.011127 0.266820
v -0.236312 0.188291 0.323616
v -0.259025 0.199702 0.301208
v -0.245327 0.194053 0.308768
v 0.259025 0.199702 0.301208
v 0.236312 0.188291 0.323616
v 0.245328 0.194053 0.308768
v 0.000000 0.363250 0.424200
v 0.000000 0.398510 0.422136
v 0.000000 0.380504 0.417242
v -0.210812 0.085671 0.297471
v -0.236133 0.086571 0.273425
v -0.221198 0.089001 0.282888
v 0.210812 0.085671 0.297471
v 0.236133 0.086571 0.273425
v 0.221198 0.089001 0.282888
v -0.120396 0.007965 0.252335
v -0.121997 0.024445 0.281326
v -0.119783 0.016494 0.264797
v 0.120396 0.007965 0.252335
v 0.121997 0.024445 0.281326
v 0.119783 0.016494 0.264797
v 0.219903 0.290316 0.360183
v 0.194904 0.276974 0.376593
v 0.205790 0.281813 0.363490
v -0.194904 0.276974 0.376593
v -0.219903 0.290316 0.360183
v -0.205790 0.281813 0.363490
v -0.131603 0.376440 0.400079
v -0.126110 0.342526 0.405723
v -0.125773 0.359356 0.397969
v 0.126110 0.342526 0.405723
v 0.131603 0.376440 0.400079
v 0.125773 0.359356 0.397969
v 0.364692 0.113181 0.169569
v 0.384789 0.275373 0.169592
v 0.337055 0.131619 -0.094700
v 0.360188 0.318531 -0.086415
v 0.382645 0.193997 0.187490
v 0.338711 0.271438 -0.162157
v 0.376362 0.092113 0.056113
v 0.400378 0.287482 0.057350
v 0.411165 0.187192 0.045558
v 0.276455 0.116181 0.181351
v 0.332373 0.109420 0.181330
v 0.374362 0.145784 0.181940
v 0.386336 0.242287 0.181950
v 0.355102 0.291915 0.181350
v 0.299183 0.298676 0.181371
v 0.304369 0.132064 -0.105290
v 0.248798 0.139926 -0.099659
v 0.275036 0.345255 -0.087927
v 0.330607 0.339362 -0.093540
v 0.350294 0.303165 -0.128725
v 0.336275 0.199379 -0.143217
v 0.375394 0.098980 0.126813
v 0.359962 0.100859 -0.026929
v 0.384398 0.299243 -0.023455
v 0.397784 0.280984 0.127049
v 0.339116 0.204915 0.219489
v 0.277660 0.212346 0.219489
v 0.241091 0.206044 0.130639
v 0.244882 0.262387 0.053375
v 0.216455 0.240480 -0.052153
v 0.231771 0.154947 0.052668
v 0.225961 0.319362 -0.202633
v 0.286944 0.316370 -0.210946
v 0.383952 0.211852 -0.060035
v 0.412748 0.240789 0.049998
v 0.409135 0.185724 0.129922
v 0.399637 0.133610 0.049207
v 0.275313 0.078594 0.061670
v 0.336681 0.071173 0.060329
v 0.306035 0.327984 0.063126
v 0.367403 0.320495 0.061769
v 0.333808 0.152572 0.209927
v 0.346635 0.254937 0.209927
v 0.287395 0.262100 0.209927
v 0.274568 0.159735 0.209927
v 0.241345 0.155104 0.129257
v 0.253752 0.256111 0.129393
v 0.233752 0.286341 -0.036610
v 0.220102 0.175319 -0.040942
v 0.230507 0.242308 -0.183056
v 0.245785 0.339602 -0.156425
v 0.304584 0.335942 -0.164122
v 0.289306 0.236816 -0.190297
v 0.375844 0.149997 -0.048805
v 0.389494 0.260604 -0.044781
v 0.410005 0.237217 0.128721
v 0.397598 0.136210 0.128585
v 0.277879 0.089172 0.130797
v 0.265160 0.088925 -0.017658
v 0.324177 0.081411 -0.021127
v 0.337101 0.082011 0.130525
v 0.295832 0.336075 -0.013379
v 0.306099 0.317883 0.131074
v 0.365322 0.310721 0.130802
v 0.354849 0.328460 -0.016909
v -0.364692 0.113181 0.169569
v -0.384789 0.275373 0.169592
v -0.337055 0.131619 -0.094700
v -0.360188 0.318531 -0.086415
v -0.382645 0.193997 0.187490
v -0.338711 0.271438 -0.162157
v -0.376362 0.092113 0.056113
v -0.400378 0.287482 0.057350
v -0.411165 0.187192 0.045558
v -0.276455 0.116181 0.181351
v -0.332373 0.109420 0.181330
v -0.374362 0.145784 0.181940
v -0.386336 0.242287 0.181950
v -0.355102 0.291915 0.181350
v -0.299183 0.298676 0.181371
v -0.304369 0.132064 -0.105290
v -0.248798 0.139926 -0.099659
v -0.275036 0.345255 -0.087927
v -0.330607 0.339362 -0.093540
v -0.350294 0.303165 -0.128725
v -0.336275 0.199379 -0.143217
v -0.375394 0.098980 0.126813
v -0.359962 0.100859 -0.026929
v -0.384398 0.299243 -0.023455
v -0.397784 0.280984 0.127049
v -0.339116 0.204915 0.219489
v -0.277660 0.212346 0.219489
v -0.241091 0.206044 0.130639
v -0.244882 0.262387 0.053375
v -0.216455 0.240480 -0.052153
v -0.231771 0.154947 0.052668
v -0.225961 0.319362 -0.202633
v -0.286944 0.316370 -0.210946
v -0.383952 0.211852 -0.060035
v -0.412748 0.240789 0.049998
v -0.409135 0.185724 0.129922
v -0.399637 0.133610 0.049207
v -0.275313 0.078594 0.061670
v -0.336681 0.071173 0.060329
v -0.306035 0.327984 0.063126
v -0.367403 0.320495 0.061769
v -0.333808 0.152572 0.209927
v -0.346635 0.254937 0.209927
v -0.287395 0.262100 0.209927
v -0.274568 0.159735 0.209927
v -0.241345 0.155104 0.129257
v -0.253752 0.256111 0.129393
v -0.233752 0.286341 -0.036610
v -0.220102 0.175319 -0.040942
v -0.230507 0.242308 -0.183056
v -0.245785 0.339602 -0.156425
v -0.304584 0.335942 -0.164122
v -0.289306 0.236816 -0.190297
v -0.375844 0.149997 -0.048805
v -0.389494 0.260604 -0.044781
v -0.410005 0.237217 0.128721
v -0.397598 0.136210 0.128585
v -0.277879 0.089172 0.130797
v -0.265160 0.088925 -0.017658
v -0.324177 0.081411 -0.021127
v -0.337101 0.082011 0.130525
v -0.295832 0.336075 -0.013379
v -0.306099 0.317883 0.131074
v -0.365322 0.310721 0.130802
v -0.354849 0.328460 -0.016909
v 0.101857 0.624626 0.301316
v 0.130326 0.593308 0.301943
v 0.118269 0.672567 0.303290
v 0.104361 0.682358 0.280548
v 0.114828 0.685652 0.288260
v 0.122995 0.688990 0.280671
v 0.103492 0.665046 0.299726
v 0.113012 0.687620 0.265207
v 0.132680 0.673773 0.297370
v 0.127040 0.617856 0.322612
v 0.127549 0.646172 0.320503
v 0.135049 0.628144 0.325764
v 0.145674 0.624488 0.322735
v 0.112773 0.638652 0.316938
v 0.141961 0.647379 0.314583
v 0.141241 0.607334 0.317565
v 0.116125 0.603831 0.306990
v 0.102096 0.673594 0.249586
v 0.092577 0.651021 0.284104
v 0.093445 0.668332 0.264926
v 0.163169 0.602265 0.297970
v 0.172105 0.624727 0.263597
v 0.163939 0.642319 0.294975
v 0.171602 0.607486 0.282683
v 0.173158 0.619364 0.291755
v 0.172327 0.635843 0.280521
v 0.167652 0.619429 0.303127
v 0.134982 0.682559 0.245602
v 0.154658 0.668714 0.277762
v 0.162791 0.651115 0.246392
v 0.144973 0.683931 0.261063
v 0.152928 0.676871 0.254254
v 0.163037 0.662235 0.263310
v 0.148931 0.671989 0.240618
v 0.151902 0.588172 0.282436
v 0.160347 0.610542 0.248184
v 0.160084 0.593346 0.267211
v 0.123824 0.668487 0.230040
v 0.151016 0.636927 0.230983
v 0.137419 0.657850 0.225144
v -0.101857 0.624626 0.301316
v -0.130326 0.593308 0.301943
v -0.118269 0.672567 0.303290
v -0.104361 0.682358 0.280548
v -0.114828 0.685652 0.288260
v -0.122995 0.688990 0.280671
v -0.103492 0.665046 0.299726
v -0.113012 0.687620 0.265207
v -0.132680 0.673773 0.297370
v -0.127040 0.617856 0.322612
v -0.127549 0.646172 0.320503
v -0.135049 0.628144 0.325764
v -0.145674 0.624488 0.322735
v -0.112773 0.638652 0.316938
v -0.141961 0.647379 0.314583
v -0.141241 0.607334 0.317565
v -0.116125 0.603831 0.306990
v -0.102096 0.673594 0.249586
v -0.092577 0.651021 0.284104
v -0.093445 0.668332 0.264926
v -0.163169 0.602265 0.297970
v -0.172105 0.624727 0.263597
v -0.163939 0.642319 0.294975
v -0.171602 0.607486 0.282683
v -0.173158 0.619364 0.291755
v -0.172327 0.635843 0.280521
v -0.167652 0.619429 0.303127
v -0.134982 0.682559 0.245602
v -0.154658 0.668714 0.277762
v -0.162791 0.651115 0.246392
v -0.144973 0.683931 0.261063
v -0.152928 0.676871 0.254254
v -0.163037 0.662235 0.263310
v -0.148931 0.671989 0.240618
v -0.151902 0.588172 0.282436
v -0.160347 0.610542 0.248184
v -0.160084 0.593346 0.267211
v -0.123824 0.668487 0.230040
v -0.151016 0.636927 0.230983
v -0.137419 0.657850 0.225144
v -0.067803 0.710557 0.107881
v -0.037443 0.789051 0.083010
v 0.067803 0.710557 0.107881
v 0.037443 0.789051 0.083010
v -0.027386 0.717848 0.225287
v -0.031447 0.800374 0.220327
v 0.027386 0.717848 0.225287
v 0.031447 0.800374 0.220327
v 0.027189 0.665224 0.015449
v -0.027189 0.665224 0.015449
v -0.031158 0.729200 -0.016790
v 0.031158 0.729200 -0.016790
v -0.018159 0.822114 0.032281
v 0.018159 0.822114 0.032281
v 0.017709 0.788990 -0.032373
v -0.017709 0.788990 -0.032373
v 0.015148 0.890737 0.189918
v 0.015574 0.878027 0.093982
v -0.015574 0.878027 0.093982
v -0.015148 0.890737 0.189918
v -0.068485 0.739219 0.099467
v 0.068485 0.739219 0.099467
v 0.067083 0.715655 0.145569
v 0.062845 0.797942 0.184957
v 0.031429 0.750095 0.226222
v -0.031429 0.750095 0.226222
v -0.058935 0.717212 0.192639
v -0.066240 0.792727 0.129466
v -0.031242 0.692378 0.001425
v 0.031242 0.692378 0.001425
v 0.062674 0.742376 0.008017
v -0.066096 0.763689 0.049515
v -0.058784 0.678669 0.037653
v 0.067076 0.698532 0.074897
v -0.024827 0.827011 0.007725
v 0.024751 0.811483 -0.022890
v -0.029317 0.809805 0.054298
v 0.029317 0.809805 0.054298
v 0.026752 0.765875 -0.028635
v -0.026752 0.765875 -0.028635
v 0.020874 0.906064 0.161744
v -0.020991 0.900249 0.116314
v 0.027196 0.854544 0.207308
v 0.029905 0.841348 0.088082
v -0.029905 0.841348 0.088082
v -0.027196 0.854544 0.207308
v 0.058935 0.717212 0.192639
v 0.066239 0.792727 0.129466
v -0.067083 0.715655 0.145569
v -0.062845 0.797942 0.184957
v 0.020991 0.900249 0.116314
v -0.020874 0.906064 0.161744
v 0.066096 0.763689 0.049515
v -0.062674 0.742376 0.008017
v -0.067076 0.698532 0.074897
v 0.058784 0.678669 0.037653
v -0.024751 0.811483 -0.022890
v 0.024827 0.827011 0.007725
v 0.063630 0.748386 0.191955
v -0.070455 0.744940 0.139185
v 0.063519 0.704933 0.024621
v -0.063519 0.704933 0.024621
v 0.051922 0.778116 -0.007929
v -0.052744 0.795632 0.027407
v 0.053206 0.848396 0.123455
v -0.052294 0.854234 0.173292
v -0.053206 0.848396 0.123455
v 0.052294 0.854234 0.173292
v -0.063630 0.748386 0.191955
v 0.070455 0.744940 0.139185
v -0.051922 0.778116 -0.007929
v 0.052744 0.795632 0.027407
v -0.070453 0.725351 0.065740
v 0.070453 0.725351 0.065740
v -0.000000 0.794845 0.080394
v -0.000000 0.801489 0.226586
v 0.000000 0.662307 0.009800
v 0.000000 0.726807 -0.022680
v 0.000000 0.828078 0.034480
v 0.000000 0.789746 -0.038685
v -0.000000 0.895117 0.194525
v 0.000000 0.880927 0.088325
v -0.000000 0.717664 0.231642
v 0.000000 0.815817 -0.027541
v 0.000000 0.905959 0.113519
v 0.000000 0.689509 -0.004249
v -0.000000 0.815165 0.057717
v 0.000000 0.764386 -0.034815
v -0.000000 0.842160 0.081777
v -0.000000 0.856675 0.213297
v -0.000000 0.750374 0.232573
v 0.000000 0.912312 0.162917
v 0.000000 0.833309 0.006861
v -0.042246 0.617212 0.402635
v -0.042246 0.667857 0.363360
v 0.042249 0.617212 0.402635
v 0.042249 0.667857 0.363360
v -0.058462 0.575404 0.360983
v -0.058462 0.649868 0.309447
v 0.058464 0.575404 0.360983
v 0.058464 0.649868 0.309447
v 0.000001 0.632156 0.424899
v 0.000001 0.690214 0.372749
v 0.000001 0.583207 0.369133
v 0.000001 0.686758 0.295019
v -0.050814 0.598637 0.385105
v -0.047316 0.655306 0.380712
v -0.050814 0.661577 0.339490
v 0.050816 0.598637 0.385105
v 0.050816 0.661577 0.339490
v 0.047319 0.655306 0.380712
v -0.024830 0.626534 0.416298
v 0.024832 0.626534 0.416298
v 0.024832 0.682242 0.369037
v -0.024830 0.682242 0.369037
v -0.075344 0.620429 0.327547
v 0.075347 0.620429 0.327547
v 0.000001 0.680985 0.409478
v 0.031857 0.579485 0.366436
v 0.000001 0.607916 0.399584
v -0.031854 0.579485 0.366436
v -0.031854 0.675612 0.298342
v 0.000001 0.692405 0.332498
v 0.031857 0.675612 0.298342
v -0.064302 0.637828 0.355200
v 0.025219 0.672746 0.400796
v -0.025217 0.672746 0.400796
v 0.028081 0.603672 0.394188
v -0.028079 0.603672 0.394188
v -0.028079 0.682928 0.333215
v 0.028081 0.682928 0.333215
v 0.064304 0.637828 0.355200
v 0.221982 0.084616 -0.175908
v 0.227719 0.111738 -0.181195
v 0.122794 0.084616 -0.283539
v 0.128531 0.111738 -0.288826
v 0.357339 0.084891 -0.341072
v 0.352475 0.114771 -0.336589
v 0.298441 0.084891 -0.404983
v 0.293577 0.114771 -0.400501
v 0.147282 0.073625 -0.311137
v 0.245579 0.071401 -0.406865
v 0.191255 0.059639 -0.365481
v 0.245579 0.102507 -0.406865
v 0.147748 0.103189 -0.309825
v 0.191044 0.093272 -0.363724
v 0.354906 0.071401 -0.288232
v 0.251485 0.073625 -0.198065
v 0.309232 0.059639 -0.237462
v 0.250215 0.103189 -0.198636
v 0.354906 0.102507 -0.288232
v 0.307463 0.093272 -0.237395
v -0.048537 0.631002 0.400648
v -0.050435 0.645683 0.392125
v 0.050437 0.645683 0.392125
v 0.048539 0.631002 0.400648
v -0.074677 0.589562 0.349497
v -0.079285 0.603168 0.339437
v 0.079288 0.603168 0.339437
v 0.074679 0.589562 0.349498
v 0.000001 0.671234 0.420110
v 0.000001 0.653389 0.426546
v -0.069141 0.624048 0.366825
v -0.065074 0.611039 0.376798
v 0.065076 0.611040 0.376798
v 0.069143 0.624048 0.366825
v 0.025746 0.664190 0.413732
v 0.025655 0.647728 0.420048
v -0.025653 0.647728 0.420048
v -0.025743 0.664190 0.413732
v 0.128146 0.560027 -0.294163
v 0.128758 0.548478 -0.306135
v 0.097930 0.471208 -0.243893
v 0.143563 0.555931 -0.289373
v 0.144244 0.544364 -0.301323
v 0.121702 0.554574 -0.286654
v 0.127465 0.556017 -0.301781
v 0.095818 0.476065 -0.254141
v 0.137240 0.546413 -0.306117
v 0.107106 0.473067 -0.250634
v 0.146280 0.551019 -0.295935
v 0.105253 0.478547 -0.239945
v 0.136508 0.560594 -0.291634
v 0.093944 0.481551 -0.243459
v 0.104568 0.522133 -0.261505
v 0.122718 0.539918 -0.302319
v 0.106911 0.509012 -0.279872
v 0.142626 0.534630 -0.296134
v 0.127887 0.503440 -0.273354
v 0.141682 0.549266 -0.280446
v 0.125752 0.516506 -0.254923
v 0.118723 0.548394 -0.295775
v 0.132940 0.534816 -0.302192
v 0.145851 0.541188 -0.287346
v 0.131629 0.554793 -0.280891
v 0.138281 0.556173 -0.301120
v 0.099227 0.480931 -0.239755
v 0.114745 0.521695 -0.254847
v 0.108135 0.475196 -0.244633
v 0.130614 0.508927 -0.262981
v 0.101762 0.473531 -0.254238
v 0.117789 0.503887 -0.279869
v 0.092857 0.479254 -0.249380
v 0.101939 0.516545 -0.271890
v 0.146871 0.569103 -0.225970
v 0.142598 0.563975 -0.241218
v 0.128140 0.465215 -0.212367
v 0.162638 0.564553 -0.228818
v 0.158434 0.559404 -0.244079
v 0.142864 0.560449 -0.219912
v 0.143404 0.568754 -0.233871
v 0.123147 0.473854 -0.218156
v 0.150423 0.562775 -0.244898
v 0.134691 0.470522 -0.220241
v 0.162646 0.563200 -0.237347
v 0.136902 0.470662 -0.208291
v 0.155616 0.569168 -0.226363
v 0.125337 0.474000 -0.206202
v 0.132527 0.519085 -0.207239
v 0.137510 0.554165 -0.239738
v 0.127648 0.515454 -0.229103
v 0.157869 0.548289 -0.243415
v 0.149100 0.509262 -0.232977
v 0.163297 0.554552 -0.223603
v 0.154192 0.512832 -0.211153
v 0.136571 0.558624 -0.229256
v 0.146772 0.550327 -0.245217
v 0.164313 0.550617 -0.234267
v 0.154122 0.558922 -0.218261
v 0.153809 0.569451 -0.236819
v 0.131482 0.472250 -0.205109
v 0.144265 0.516599 -0.205206
v 0.137806 0.469912 -0.214627
v 0.155517 0.509903 -0.222800
v 0.128510 0.472085 -0.221298
v 0.137485 0.511700 -0.234914
v 0.122181 0.474422 -0.211804
v 0.126191 0.518367 -0.217503
v -0.286880 0.559722 0.082236
v -0.283957 0.551525 0.068047
v -0.244879 0.467739 0.115458
v -0.271212 0.565371 0.082244
v -0.268219 0.557199 0.068055
v -0.286389 0.551085 0.089502
v -0.287680 0.556540 0.074248
v -0.252513 0.470949 0.107428
v -0.276293 0.554932 0.065626
v -0.241042 0.475085 0.107434
v -0.268559 0.563434 0.074257
v -0.241999 0.477758 0.119251
v -0.279939 0.565022 0.082839
v -0.253492 0.473614 0.119245
v -0.273526 0.513463 0.109442
v -0.282650 0.540852 0.070995
v -0.270490 0.505404 0.088446
v -0.262418 0.548146 0.071005
v -0.249173 0.513090 0.088457
v -0.266084 0.558406 0.089512
v -0.251996 0.521226 0.109453
v -0.288252 0.544880 0.080107
v -0.271941 0.542861 0.067555
v -0.260683 0.554820 0.080120
v -0.276999 0.556856 0.092716
v -0.279234 0.563081 0.072427
v -0.247882 0.476060 0.121381
v -0.263290 0.518807 0.113286
v -0.239466 0.477063 0.113367
v -0.246715 0.518520 0.098927
v -0.246581 0.472473 0.105369
v -0.259305 0.507793 0.084732
v -0.254993 0.471464 0.113360
v -0.275857 0.508012 0.098913
v -0.269601 0.565817 0.184918
v -0.268443 0.565440 0.168318
v -0.237910 0.466185 0.164971
v -0.253365 0.569371 0.186008
v -0.252135 0.569010 0.169412
v -0.269840 0.554718 0.187013
v -0.271191 0.567055 0.176521
v -0.245470 0.473567 0.160341
v -0.260540 0.568929 0.167053
v -0.233583 0.476169 0.161139
v -0.251378 0.571393 0.177850
v -0.233607 0.472757 0.172804
v -0.262026 0.569521 0.187273
v -0.245516 0.470150 0.172005
v -0.260838 0.511213 0.184829
v -0.268344 0.554630 0.165589
v -0.259890 0.514293 0.162366
v -0.247379 0.559219 0.166995
v -0.237800 0.519129 0.163848
v -0.248800 0.559323 0.188424
v -0.238529 0.516097 0.186326
v -0.272934 0.554119 0.176044
v -0.257652 0.557149 0.162444
v -0.244367 0.560373 0.177961
v -0.259650 0.557337 0.191607
v -0.262090 0.572898 0.177210
v -0.239543 0.470740 0.174453
v -0.249832 0.513080 0.189677
v -0.231478 0.474831 0.167087
v -0.234160 0.518476 0.175314
v -0.239502 0.475394 0.158665
v -0.248692 0.517235 0.159116
v -0.247567 0.471309 0.166007
v -0.264357 0.511865 0.173289
v 0.068254 0.317091 0.446963
v 0.069815 0.321863 0.431093
v 0.038396 0.230663 0.392487
v 0.083538 0.310486 0.446518
v 0.085166 0.315229 0.430647
v 0.061622 0.308055 0.445538
v 0.068074 0.321790 0.439720
v 0.036639 0.242032 0.391618
v 0.078347 0.320603 0.429737
v 0.047829 0.237196 0.391293
v 0.086726 0.313730 0.439178
v 0.045282 0.230609 0.401184
v 0.076459 0.314932 0.449119
v 0.034072 0.235453 0.401510
v 0.044295 0.270738 0.428636
v 0.063866 0.314518 0.425180
v 0.047948 0.280270 0.408368
v 0.083601 0.305989 0.424607
v 0.068742 0.271284 0.407764
v 0.081429 0.299496 0.444962
v 0.065296 0.261663 0.428026
v 0.059291 0.313067 0.435554
v 0.074224 0.311629 0.421320
v 0.086183 0.301446 0.434772
v 0.071242 0.302864 0.449047
v 0.078834 0.320991 0.440733
v 0.039183 0.231775 0.403046
v 0.054142 0.264439 0.432022
v 0.048495 0.232977 0.396126
v 0.070783 0.264848 0.417742
v 0.042657 0.240713 0.389667
v 0.058968 0.277461 0.404460
v 0.033350 0.239523 0.396566
v 0.042356 0.277133 0.418569
v -0.076428 0.298297 0.431736
v -0.064052 0.304787 0.422692
v -0.026523 0.212392 0.393544
v -0.066177 0.296836 0.444782
v -0.053756 0.303320 0.435797
v -0.076528 0.287825 0.427496
v -0.071904 0.303367 0.426406
v -0.029678 0.222681 0.389390
v -0.058061 0.306372 0.428841
v -0.022173 0.221612 0.398942
v -0.059395 0.301585 0.442328
v -0.029806 0.213661 0.404063
v -0.073205 0.298600 0.439870
v -0.037325 0.214732 0.394493
v -0.062683 0.248734 0.411412
v -0.060610 0.296547 0.416016
v -0.046867 0.260789 0.400479
v -0.047375 0.294662 0.432863
v -0.032921 0.258802 0.418230
v -0.063244 0.285932 0.444403
v -0.048598 0.246727 0.429339
v -0.071034 0.292780 0.418806
v -0.051208 0.297394 0.422453
v -0.052999 0.290210 0.441762
v -0.072858 0.285571 0.438138
v -0.066740 0.305857 0.435603
v -0.034875 0.212695 0.400139
v -0.058508 0.245514 0.422380
v -0.024622 0.217374 0.403143
v -0.038201 0.252410 0.426972
v -0.024542 0.223486 0.393229
v -0.037091 0.261921 0.407391
v -0.034780 0.218822 0.390214
v -0.057266 0.255127 0.402706
v -0.315806 0.505439 0.158975
v -0.314592 0.505541 0.142374
v -0.247936 0.425913 0.139027
v -0.302222 0.515015 0.160064
v -0.300948 0.515160 0.143468
v -0.311719 0.495117 0.161070
v -0.317752 0.505963 0.150578
v -0.257768 0.429782 0.134398
v -0.308663 0.511824 0.141110
v -0.247822 0.436793 0.135196
v -0.301174 0.517649 0.151907
v -0.246520 0.433639 0.146860
v -0.310262 0.511792 0.161330
v -0.256484 0.426615 0.146061
v -0.286540 0.458515 0.158886
v -0.310306 0.495617 0.139646
v -0.286862 0.461722 0.136423
v -0.292765 0.507982 0.141052
v -0.268380 0.474750 0.137905
v -0.294115 0.507526 0.162481
v -0.267874 0.471673 0.160383
v -0.314338 0.493365 0.150101
v -0.301430 0.502087 0.136501
v -0.290437 0.510214 0.152017
v -0.303344 0.501485 0.165664
v -0.311632 0.514880 0.151267
v -0.251208 0.429477 0.148510
v -0.277122 0.464506 0.163733
v -0.245363 0.436377 0.141143
v -0.264771 0.475561 0.149371
v -0.252977 0.433782 0.132721
v -0.277683 0.468778 0.133172
v -0.258824 0.426887 0.140064
v -0.290037 0.457750 0.147345
v 0.272910 0.565149 0.174474
v 0.257344 0.568425 0.179375
v 0.239500 0.471896 0.213415
v 0.267179 0.559608 0.159849
v 0.251587 0.562860 0.164686
v 0.274685 0.555579 0.180210
v 0.265976 0.569085 0.177790
v 0.238611 0.482973 0.216510
v 0.252961 0.567632 0.171866
v 0.234415 0.478916 0.205803
v 0.258982 0.562323 0.159943
v 0.244947 0.473179 0.203837
v 0.271955 0.563788 0.165879
v 0.249151 0.477243 0.214563
v 0.268047 0.515662 0.198678
v 0.254604 0.560136 0.186310
v 0.247315 0.523372 0.203753
v 0.247203 0.552981 0.167426
v 0.239517 0.515834 0.183856
v 0.267258 0.548398 0.161259
v 0.260171 0.508048 0.178583
v 0.266007 0.559405 0.186559
v 0.247326 0.557605 0.177874
v 0.255923 0.549656 0.160828
v 0.274647 0.551439 0.169502
v 0.262913 0.569138 0.167395
v 0.248887 0.474098 0.208901
v 0.267882 0.510426 0.187693
v 0.238907 0.475253 0.202976
v 0.248393 0.510573 0.177634
v 0.234629 0.481888 0.211538
v 0.239739 0.520961 0.194731
v 0.244587 0.480744 0.217468
v 0.259053 0.520879 0.204834
v 0.307435 0.490430 0.130643
v 0.298351 0.498978 0.141665
v 0.246421 0.415494 0.175260
v 0.295213 0.491845 0.119416
v 0.286075 0.500400 0.130388
v 0.305887 0.479987 0.134667
v 0.305022 0.496087 0.136705
v 0.252368 0.424650 0.178986
v 0.291973 0.502112 0.136593
v 0.243420 0.425686 0.170766
v 0.290108 0.497814 0.123005
v 0.248225 0.416540 0.164365
v 0.303133 0.491816 0.123146
v 0.257190 0.415502 0.172600
v 0.286458 0.444046 0.152252
v 0.294262 0.491354 0.148698
v 0.275578 0.458669 0.165772
v 0.278481 0.493182 0.134201
v 0.258950 0.460595 0.150498
v 0.290049 0.481821 0.120118
v 0.269664 0.445991 0.136826
v 0.303039 0.485576 0.144201
v 0.284393 0.494515 0.143887
v 0.281535 0.488067 0.124447
v 0.300202 0.479097 0.124733
v 0.299167 0.500075 0.128505
v 0.253505 0.414318 0.167400
v 0.280023 0.442338 0.142065
v 0.244192 0.421232 0.166166
v 0.261270 0.453653 0.140928
v 0.247002 0.426726 0.176043
v 0.265338 0.462211 0.160557
v 0.256304 0.419829 0.177291
v 0.284001 0.451020 0.161809
v -0.010594 0.348888 0.442450
v -0.009102 0.350176 0.425922
v 0.007167 0.248548 0.411706
v 0.005950 0.349940 0.444062
v 0.007515 0.351233 0.427541
v -0.012449 0.337775 0.443284
v -0.011791 0.351256 0.434232
v 0.000839 0.257400 0.407873
v -0.000758 0.352616 0.425121
v 0.012952 0.258170 0.409054
v 0.008399 0.352540 0.436200
v 0.012166 0.253535 0.420261
v -0.002630 0.351188 0.445266
v 0.000031 0.252763 0.419079
v -0.009637 0.293936 0.436306
v -0.010467 0.339829 0.421998
v -0.007724 0.299299 0.414338
v 0.010896 0.341188 0.424080
v 0.014785 0.300730 0.416532
v 0.008990 0.339138 0.445373
v 0.013096 0.295382 0.438521
v -0.015333 0.338835 0.432293
v 0.000546 0.341121 0.419242
v 0.013777 0.340686 0.435129
v -0.002105 0.338388 0.448225
v -0.001975 0.355625 0.435646
v 0.005967 0.252220 0.421627
v 0.001402 0.293665 0.441421
v 0.014703 0.255899 0.414831
v 0.018020 0.298306 0.427881
v 0.007043 0.258527 0.406460
v 0.003852 0.300946 0.411529
v -0.001691 0.254856 0.413233
v -0.012751 0.296350 0.424883
vt 0.674253 0.293498
vt 0.672779 0.299047
vt 0.667135 0.295470
vt 0.673929 0.415901
vt 0.665522 0.417416
vt 0.660563 0.397110
vt 0.673011 0.394014
vt 0.654710 0.265048
vt 0.651264 0.314637
vt 0.648894 0.314868
vt 0.652389 0.265142
vt 0.661892 0.258485
vt 0.660536 0.258251
vt 0.655024 0.355403
vt 0.657671 0.376277
vt 0.655751 0.376346
vt 0.652502 0.355311
vt 0.661435 0.398056
vt 0.660339 0.398838
vt 0.662817 0.398762
vt 0.655580 0.374631
vt 0.651686 0.354248
vt 0.657083 0.367008
vt 0.653716 0.349293
vt 0.663671 0.383718
vt 0.666428 0.376576
vt 0.660202 0.359458
vt 0.658577 0.341983
vt 0.654176 0.264627
vt 0.661816 0.258027
vt 0.650987 0.313702
vt 0.655733 0.312697
vt 0.658543 0.264978
vt 0.665019 0.258411
vt 0.711301 0.376576
vt 0.710262 0.366517
vt 0.704933 0.422324
vt 0.704953 0.428570
vt 0.706200 0.355184
vt 0.701440 0.416231
vt 0.698547 0.431693
vt 0.699959 0.437463
vt 0.700768 0.439518
vt 0.721996 0.312697
vt 0.719185 0.264978
vt 0.713694 0.267021
vt 0.716414 0.314959
vt 0.712710 0.258411
vt 0.708729 0.260807
vt 0.705245 0.263801
vt 0.707162 0.269239
vt 0.709364 0.321627
vt 0.663298 0.355865
vt 0.664116 0.338349
vt 0.667467 0.366517
vt 0.671529 0.355184
vt 0.702049 0.256594
vt 0.699996 0.258260
vt 0.688864 0.256594
vt 0.688864 0.257774
vt 0.688864 0.262722
vt 0.698458 0.263003
vt 0.723553 0.264627
vt 0.715913 0.258027
vt 0.726742 0.313702
vt 0.728835 0.314868
vt 0.725340 0.265142
vt 0.717193 0.258251
vt 0.719152 0.341983
vt 0.717527 0.359458
vt 0.720646 0.367008
vt 0.724012 0.349293
vt 0.714058 0.383718
vt 0.714912 0.398762
vt 0.722149 0.374631
vt 0.726043 0.354248
vt 0.721978 0.376346
vt 0.725227 0.355311
vt 0.717390 0.398838
vt 0.716294 0.398056
vt 0.720058 0.376277
vt 0.722705 0.355403
vt 0.723019 0.265048
vt 0.715837 0.258485
vt 0.726465 0.314637
vt 0.688864 0.437170
vt 0.673761 0.432425
vt 0.688864 0.417282
vt 0.710594 0.295470
vt 0.714112 0.299677
vt 0.704949 0.299047
vt 0.673829 0.256594
vt 0.688864 0.256594
vt 0.688864 0.257073
vt 0.674445 0.257398
vt 0.712207 0.417416
vt 0.703800 0.415901
vt 0.704718 0.394014
vt 0.717166 0.397110
vt 0.688864 0.394696
vt 0.688864 0.299701
vt 0.688864 0.292839
vt 0.708625 0.402777
vt 0.706236 0.462863
vt 0.698349 0.468817
vt 0.699800 0.406998
vt 0.705428 0.474934
vt 0.697649 0.483721
vt 0.688864 0.486311
vt 0.688864 0.470843
vt 0.688864 0.408711
vt 0.679380 0.468817
vt 0.677929 0.406998
vt 0.680080 0.483721
vt 0.672301 0.474934
vt 0.671493 0.462863
vt 0.669104 0.402777
vt 0.703900 0.256594
vt 0.703284 0.257398
vt 0.660584 0.265332
vt 0.657842 0.321598
vt 0.712574 0.259707
vt 0.675679 0.256594
vt 0.674011 0.256594
vt 0.688864 0.256594
vt 0.688864 0.256594
vt 0.673339 0.256594
vt 0.703718 0.256594
vt 0.704390 0.256594
vt 0.703475 0.293498
vt 0.663616 0.299677
vt 0.665154 0.259707
vt 0.701350 0.388763
vt 0.702766 0.394765
vt 0.688864 0.392273
vt 0.688864 0.398566
vt 0.688864 0.414447
vt 0.702865 0.410425
vt 0.676379 0.388763
vt 0.674963 0.394765
vt 0.674864 0.410425
vt 0.688864 0.485975
vt 0.678699 0.483404
vt 0.679693 0.488432
vt 0.688864 0.491310
vt 0.672040 0.477799
vt 0.671924 0.479067
vt 0.705689 0.477799
vt 0.699029 0.483404
vt 0.698036 0.488432
vt 0.705805 0.479067
vt 0.672483 0.263801
vt 0.670567 0.269239
vt 0.679158 0.269701
vt 0.679271 0.263003
vt 0.668365 0.321627
vt 0.678743 0.321659
vt 0.688864 0.321932
vt 0.688864 0.269807
vt 0.670851 0.337070
vt 0.659480 0.324484
vt 0.679444 0.337657
vt 0.680413 0.355826
vt 0.688864 0.356533
vt 0.688864 0.338214
vt 0.698570 0.269701
vt 0.698986 0.321659
vt 0.677733 0.258260
vt 0.669000 0.260807
vt 0.664035 0.267021
vt 0.661314 0.314959
vt 0.722085 0.327467
vt 0.718249 0.324484
vt 0.713613 0.338349
vt 0.682256 0.416044
vt 0.688864 0.416588
vt 0.676289 0.416231
vt 0.679182 0.431693
vt 0.683425 0.434881
vt 0.688864 0.436135
vt 0.688864 0.446559
vt 0.696007 0.444650
vt 0.694717 0.444944
vt 0.688864 0.447006
vt 0.694303 0.434881
vt 0.676961 0.439518
vt 0.681721 0.444650
vt 0.683012 0.444944
vt 0.677770 0.437463
vt 0.698510 0.434833
vt 0.688864 0.437003
vt 0.697316 0.355826
vt 0.695473 0.416044
vt 0.672796 0.422324
vt 0.672776 0.428570
vt 0.679219 0.434833
vt 0.666761 0.455118
vt 0.663810 0.398436
vt 0.666193 0.459338
vt 0.665686 0.461883
vt 0.668003 0.463729
vt 0.712043 0.461883
vt 0.709725 0.463729
vt 0.711536 0.459338
vt 0.703968 0.432425
vt 0.719886 0.321598
vt 0.717145 0.265332
vt 0.719379 0.357183
vt 0.720544 0.338496
vt 0.723458 0.335930
vt 0.664360 0.358298
vt 0.658350 0.357183
vt 0.657185 0.338496
vt 0.662528 0.342346
vt 0.688864 0.385736
vt 0.676447 0.383860
vt 0.673103 0.362065
vt 0.688864 0.367118
vt 0.715201 0.342346
vt 0.701282 0.383860
vt 0.704626 0.362065
vt 0.666577 0.380508
vt 0.654270 0.335930
vt 0.650565 0.334742
vt 0.676702 0.469632
vt 0.688864 0.472509
vt 0.701026 0.469632
vt 0.710968 0.455118
vt 0.713919 0.398436
vt 0.660736 0.377557
vt 0.728583 0.334519
vt 0.727164 0.334742
vt 0.726464 0.331681
vt 0.649146 0.334519
vt 0.651265 0.331681
vt 0.655644 0.327467
vt 0.711152 0.380508
vt 0.713368 0.358298
vt 0.716992 0.377557
vt 0.714431 0.355865
vt 0.698285 0.337657
vt 0.706878 0.337070
vt 0.662373 0.300014
vt 0.666308 0.295023
vt 0.666308 0.256238
vt 0.662373 0.259148
vt 0.659483 0.398430
vt 0.659483 0.295692
vt 0.715356 0.300014
vt 0.718246 0.398430
vt 0.718246 0.295692
vt 0.715356 0.259148
vt 0.711421 0.295023
vt 0.711421 0.256238
vt 0.674519 0.254880
vt 0.674519 0.292696
vt 0.688864 0.254564
vt 0.688864 0.292154
vt 0.703210 0.254880
vt 0.703210 0.292696
vt 0.713511 0.418524
vt 0.713511 0.307410
vt 0.664218 0.418524
vt 0.664218 0.307410
vt 0.688864 0.441121
vt 0.673801 0.436278
vt 0.673801 0.317764
vt 0.688864 0.320587
vt 0.703928 0.436278
vt 0.703928 0.317764
vt 0.732542 0.301787
vt 0.733700 0.309253
vt 0.728843 0.310807
vt 0.728671 0.300926
vt 0.734692 0.320292
vt 0.729479 0.322792
vt 0.721804 0.323675
vt 0.728460 0.353576
vt 0.725343 0.352793
vt 0.718301 0.322381
vt 0.722118 0.293243
vt 0.721748 0.281197
vt 0.735134 0.331349
vt 0.730379 0.334245
vt 0.734949 0.338924
vt 0.731393 0.342712
vt 0.723284 0.304635
vt 0.721974 0.271224
vt 0.719255 0.303264
vt 0.717739 0.291800
vt 0.717769 0.280137
vt 0.722145 0.265040
vt 0.718193 0.304701
vt 0.725517 0.319720
vt 0.724295 0.321573
vt 0.716860 0.310185
vt 0.714788 0.299685
vt 0.715927 0.317746
vt 0.716471 0.300103
vt 0.715225 0.284765
vt 0.716622 0.280101
vt 0.721837 0.262618
vt 0.718662 0.276661
vt 0.720621 0.264984
vt 0.725317 0.306111
vt 0.727690 0.294513
vt 0.723230 0.348311
vt 0.723513 0.330096
vt 0.732002 0.348806
vt 0.730817 0.345288
vt 0.729430 0.338023
vt 0.729138 0.321524
vt 0.729232 0.306009
vt 0.733877 0.310217
vt 0.731975 0.298966
vt 0.734848 0.324380
vt 0.738108 0.318734
vt 0.736727 0.306465
vt 0.733939 0.296964
vt 0.735512 0.335543
vt 0.734902 0.344389
vt 0.736816 0.341697
vt 0.738297 0.331006
vt 0.737969 0.330188
vt 0.737864 0.318397
vt 0.736505 0.340209
vt 0.736483 0.307060
vt 0.733823 0.298536
vt 0.724696 0.313010
vt 0.725524 0.317407
vt 0.732617 0.347018
vt 0.729187 0.292169
vt 0.729237 0.294651
vt 0.732866 0.349256
vt 0.731363 0.351079
vt 0.645187 0.301787
vt 0.649058 0.300926
vt 0.648886 0.310807
vt 0.644029 0.309253
vt 0.648250 0.322792
vt 0.643037 0.320292
vt 0.655925 0.323675
vt 0.659428 0.322381
vt 0.652386 0.352793
vt 0.649269 0.353576
vt 0.655981 0.281197
vt 0.655611 0.293243
vt 0.647350 0.334245
vt 0.642595 0.331349
vt 0.646336 0.342712
vt 0.642780 0.338924
vt 0.654445 0.304635
vt 0.655755 0.271224
vt 0.659990 0.291800
vt 0.658474 0.303264
vt 0.659960 0.280137
vt 0.655584 0.265040
vt 0.659536 0.304701
vt 0.660869 0.310185
vt 0.653434 0.321573
vt 0.652212 0.319720
vt 0.662941 0.299685
vt 0.662504 0.284765
vt 0.661258 0.300103
vt 0.661802 0.317746
vt 0.661106 0.280101
vt 0.655892 0.262618
vt 0.659067 0.276661
vt 0.657107 0.264984
vt 0.652412 0.306111
vt 0.650039 0.294513
vt 0.654216 0.330096
vt 0.654499 0.348311
vt 0.646911 0.345288
vt 0.645727 0.348806
vt 0.648299 0.338023
vt 0.648590 0.321524
vt 0.648497 0.306009
vt 0.645754 0.298966
vt 0.643852 0.310217
vt 0.642880 0.324380
vt 0.641002 0.306465
vt 0.639621 0.318734
vt 0.643789 0.296964
vt 0.642217 0.335543
vt 0.642827 0.344389
vt 0.639432 0.331006
vt 0.640913 0.341697
vt 0.639864 0.318397
vt 0.639760 0.330188
vt 0.641224 0.340209
vt 0.643905 0.298536
vt 0.641246 0.307060
vt 0.652204 0.317407
vt 0.653033 0.313010
vt 0.645112 0.347018
vt 0.648492 0.294651
vt 0.648542 0.292169
vt 0.646366 0.351079
vt 0.644862 0.349256
vt 0.063532 0.825662
vt 0.065580 0.825662
vt 0.063698 0.851134
vt 0.061650 0.851134
vt 0.078452 0.886421
vt 0.076664 0.942044
vt 0.076990 0.937370
vt 0.078063 0.886421
vt 0.066372 0.815111
vt 0.068420 0.815111
vt 0.066932 0.851134
vt 0.066932 0.886421
vt 0.063698 0.886421
vt 0.067518 0.937370
vt 0.065580 0.942044
vt 0.078460 0.851134
vt 0.078066 0.851134
vt 0.076992 0.830336
vt 0.076663 0.825662
vt 0.068420 0.952595
vt 0.069772 0.942044
vt 0.070333 0.851134
vt 0.067518 0.830336
vt 0.069772 0.825662
vt 0.070333 0.886421
vt 0.075797 0.851134
vt 0.075797 0.886421
vt 0.076216 0.851134
vt 0.076204 0.886421
vt 0.071778 0.952595
vt 0.066372 0.952595
vt 0.073882 0.952595
vt 0.063532 0.942044
vt 0.075237 0.942044
vt 0.073872 0.815111
vt 0.075237 0.825662
vt 0.061650 0.886421
vt 0.071743 0.815111
vt 0.074475 0.825662
vt 0.074478 0.942044
vt 0.063532 0.825662
vt 0.061650 0.851134
vt 0.063698 0.851134
vt 0.065580 0.825662
vt 0.078452 0.886421
vt 0.078063 0.886421
vt 0.076990 0.937370
vt 0.076664 0.942044
vt 0.066372 0.815111
vt 0.068420 0.815111
vt 0.066932 0.851134
vt 0.063698 0.886421
vt 0.066932 0.886421
vt 0.065580 0.942044
vt 0.067518 0.937370
vt 0.078460 0.851134
vt 0.076663 0.825662
vt 0.076992 0.830336
vt 0.078066 0.851134
vt 0.068420 0.952595
vt 0.069772 0.942044
vt 0.070333 0.851134
vt 0.069772 0.825662
vt 0.067518 0.830336
vt 0.070333 0.886421
vt 0.075797 0.851134
vt 0.075797 0.886421
vt 0.076216 0.851134
vt 0.076204 0.886421
vt 0.071778 0.952595
vt 0.073882 0.952595
vt 0.066372 0.952595
vt 0.063532 0.942044
vt 0.075237 0.942044
vt 0.073872 0.815111
vt 0.075237 0.825662
vt 0.061650 0.886421
vt 0.074475 0.825662
vt 0.071743 0.815111
vt 0.074478 0.942044
vt 0.164069 0.094659
vt 0.162769 0.109191
vt 0.167840 0.130971
vt 0.168152 0.119028
vt 0.213347 0.076439
vt 0.214628 0.096407
vt 0.212036 0.098756
vt 0.210253 0.077501
vt 0.211738 0.132546
vt 0.199814 0.134204
vt 0.199807 0.099922
vt 0.198271 0.077934
vt 0.187871 0.156661
vt 0.197299 0.152367
vt 0.197270 0.141779
vt 0.187871 0.144734
vt 0.187871 0.189129
vt 0.187871 0.206197
vt 0.195843 0.202303
vt 0.193785 0.187152
vt 0.213027 0.128990
vt 0.165489 0.077501
vt 0.163706 0.098756
vt 0.161114 0.096407
vt 0.162394 0.076439
vt 0.162715 0.128990
vt 0.173651 0.126484
vt 0.161862 0.092506
vt 0.162121 0.072963
vt 0.179899 0.202303
vt 0.179943 0.206269
vt 0.187871 0.210529
vt 0.164004 0.132546
vt 0.187871 0.130434
vt 0.202090 0.126484
vt 0.199005 0.140635
vt 0.187871 0.144290
vt 0.187871 0.058612
vt 0.199736 0.060568
vt 0.198196 0.042053
vt 0.187871 0.040064
vt 0.194596 0.126442
vt 0.187871 0.126958
vt 0.212972 0.109191
vt 0.214627 0.083050
vt 0.211994 0.069128
vt 0.211672 0.094659
vt 0.210195 0.051221
vt 0.199704 0.085675
vt 0.213345 0.064764
vt 0.162397 0.064764
vt 0.161115 0.083050
vt 0.163748 0.069128
vt 0.165546 0.051221
vt 0.176038 0.085675
vt 0.176006 0.060568
vt 0.177545 0.042053
vt 0.194767 0.149028
vt 0.187871 0.153095
vt 0.187871 0.084043
vt 0.187871 0.109667
vt 0.198030 0.110682
vt 0.207901 0.130971
vt 0.207589 0.119028
vt 0.177711 0.110682
vt 0.181145 0.126442
vt 0.187871 0.162696
vt 0.199228 0.162142
vt 0.178442 0.152367
vt 0.178471 0.141779
vt 0.176737 0.140635
vt 0.180974 0.149028
vt 0.207730 0.170928
vt 0.208077 0.166948
vt 0.195798 0.206269
vt 0.176513 0.162142
vt 0.181956 0.187152
vt 0.187871 0.134965
vt 0.187871 0.172593
vt 0.177542 0.171140
vt 0.175928 0.134204
vt 0.167665 0.166948
vt 0.168011 0.170928
vt 0.182118 0.195818
vt 0.198199 0.171140
vt 0.193623 0.195818
vt 0.187871 0.198805
vt 0.175935 0.099922
vt 0.187871 0.100112
vt 0.177470 0.077934
vt 0.187871 0.077809
vt 0.213620 0.072963
vt 0.213880 0.092506
vt 0.352816 0.064639
vt 0.358732 0.051033
vt 0.356434 0.095461
vt 0.349995 0.105606
vt 0.327512 0.090300
vt 0.327205 0.125966
vt 0.312500 0.130771
vt 0.312500 0.095281
vt 0.341909 0.079517
vt 0.340091 0.115797
vt 0.284909 0.115797
vt 0.287866 0.123116
vt 0.282870 0.119454
vt 0.275005 0.105606
vt 0.278410 0.112626
vt 0.268566 0.095460
vt 0.282870 0.032485
vt 0.274555 0.039716
vt 0.268955 0.027193
vt 0.278410 0.018937
vt 0.272183 0.064639
vt 0.266268 0.051033
vt 0.326979 0.048751
vt 0.327459 0.061109
vt 0.312500 0.064410
vt 0.312500 0.052029
vt 0.342130 0.032485
vt 0.350445 0.039716
vt 0.340802 0.051356
vt 0.337134 0.043315
vt 0.337134 0.123116
vt 0.326979 0.131503
vt 0.312500 0.136152
vt 0.297795 0.125966
vt 0.297488 0.090300
vt 0.297541 0.061109
vt 0.298021 0.048751
vt 0.298021 0.131503
vt 0.284198 0.051356
vt 0.287866 0.043315
vt 0.283091 0.079517
vt 0.312500 0.023487
vt 0.331075 0.021317
vt 0.328873 0.035420
vt 0.312500 0.037895
vt 0.346590 0.018937
vt 0.293925 0.021317
vt 0.296127 0.035420
vt 0.312500 0.134137
vt 0.293925 0.127637
vt 0.296127 0.131903
vt 0.312500 0.137429
vt 0.346590 0.112626
vt 0.331075 0.127638
vt 0.328873 0.131903
vt 0.342130 0.119454
vt 0.356044 0.027193
vt 0.169944 0.902942
vt 0.178872 0.880622
vt 0.178872 0.880622
vt 0.169944 0.902942
vt 0.190250 0.902942
vt 0.190250 0.902942
vt 0.190250 0.779872
vt 0.199178 0.802192
vt 0.199178 0.802192
vt 0.190250 0.779872
vt 0.199178 0.880622
vt 0.178872 0.802192
vt 0.169944 0.779872
vt 0.169944 0.779872
vt 0.178872 0.802192
vt 0.199178 0.880622
vt 0.185369 0.841407
vt 0.185369 0.841407
vt 0.205675 0.841407
vt 0.205675 0.841407
vt 0.668547 0.418027
vt 0.669233 0.451484
vt 0.673498 0.447866
vt 0.672991 0.415803
vt 0.673498 0.454737
vt 0.675953 0.463767
vt 0.674006 0.462687
vt 0.675953 0.457906
vt 0.684841 0.414968
vt 0.684841 0.446741
vt 0.696183 0.447866
vt 0.696691 0.415803
vt 0.684841 0.459041
vt 0.693728 0.457906
vt 0.673498 0.384794
vt 0.672991 0.420252
vt 0.669233 0.383808
vt 0.701135 0.418027
vt 0.700449 0.451484
vt 0.696183 0.454737
vt 0.696691 0.420252
vt 0.695676 0.462687
vt 0.693728 0.463767
vt 0.673498 0.383204
vt 0.684841 0.382731
vt 0.684841 0.421086
vt 0.684841 0.456227
vt 0.684841 0.466332
vt 0.696183 0.383204
vt 0.700449 0.383808
vt 0.684841 0.466569
vt 0.693728 0.374398
vt 0.696183 0.384794
vt 0.684841 0.384884
vt 0.684841 0.372461
vt 0.693728 0.373652
vt 0.695676 0.372083
vt 0.675953 0.373652
vt 0.684841 0.371705
vt 0.675953 0.374398
vt 0.674006 0.372083
vt 0.668547 0.418027
vt 0.669233 0.451484
vt 0.673498 0.447866
vt 0.672991 0.415803
vt 0.673498 0.454737
vt 0.675953 0.463767
vt 0.674006 0.462687
vt 0.675953 0.457906
vt 0.684841 0.414968
vt 0.684841 0.446741
vt 0.696183 0.447866
vt 0.696691 0.415803
vt 0.684841 0.459041
vt 0.693728 0.457906
vt 0.673498 0.384794
vt 0.672991 0.420252
vt 0.669233 0.383808
vt 0.701135 0.418027
vt 0.700449 0.451484
vt 0.696183 0.454737
vt 0.696691 0.420252
vt 0.695676 0.462687
vt 0.693728 0.463767
vt 0.673498 0.383204
vt 0.684841 0.382731
vt 0.684841 0.421086
vt 0.684841 0.456227
vt 0.684841 0.466332
vt 0.696183 0.383204
vt 0.700449 0.383808
vt 0.684841 0.466569
vt 0.693728 0.374398
vt 0.696183 0.384794
vt 0.684841 0.384884
vt 0.684841 0.372461
vt 0.693728 0.373652
vt 0.695676 0.372083
vt 0.675953 0.373652
vt 0.684841 0.371705
vt 0.675953 0.374398
vt 0.674006 0.372083
vt 0.668547 0.415776
vt 0.669233 0.449233
vt 0.673498 0.445615
vt 0.672991 0.413552
vt 0.673498 0.452486
vt 0.675953 0.461516
vt 0.674006 0.460436
vt 0.675953 0.455655
vt 0.684841 0.412717
vt 0.684841 0.444490
vt 0.696183 0.445615
vt 0.696691 0.413552
vt 0.684841 0.456790
vt 0.693728 0.455655
vt 0.673498 0.382543
vt 0.672991 0.418001
vt 0.669233 0.381557
vt 0.701135 0.415776
vt 0.700449 0.449233
vt 0.696183 0.452486
vt 0.696691 0.418001
vt 0.695676 0.460436
vt 0.693728 0.461516
vt 0.673498 0.380953
vt 0.684841 0.380480
vt 0.684841 0.418835
vt 0.684841 0.453976
vt 0.684841 0.464081
vt 0.696183 0.380953
vt 0.700449 0.381557
vt 0.684841 0.464318
vt 0.693728 0.372147
vt 0.696183 0.382543
vt 0.684841 0.382633
vt 0.684841 0.370210
vt 0.693728 0.371401
vt 0.695676 0.369832
vt 0.675953 0.371401
vt 0.684841 0.369454
vt 0.675953 0.372147
vt 0.674006 0.369832
vt 0.668547 0.418027
vt 0.669233 0.451484
vt 0.673498 0.447867
vt 0.672991 0.415803
vt 0.673498 0.454737
vt 0.675953 0.463767
vt 0.674006 0.462687
vt 0.675953 0.457906
vt 0.684841 0.414968
vt 0.684841 0.446741
vt 0.696183 0.447867
vt 0.696691 0.415803
vt 0.684841 0.459041
vt 0.693728 0.457906
vt 0.673498 0.384794
vt 0.672991 0.420252
vt 0.669233 0.383808
vt 0.701135 0.418027
vt 0.700449 0.451484
vt 0.696183 0.454737
vt 0.696691 0.420252
vt 0.695676 0.462687
vt 0.693728 0.463767
vt 0.673498 0.383204
vt 0.684841 0.382731
vt 0.684841 0.421086
vt 0.684841 0.456228
vt 0.684841 0.466333
vt 0.696183 0.383204
vt 0.700449 0.383808
vt 0.684841 0.466569
vt 0.693728 0.374398
vt 0.696183 0.384794
vt 0.684841 0.384884
vt 0.684841 0.372461
vt 0.693728 0.373652
vt 0.695676 0.372083
vt 0.675953 0.373652
vt 0.684841 0.371705
vt 0.675953 0.374398
vt 0.674006 0.372083
vt 0.668547 0.415026
vt 0.669233 0.448483
vt 0.673498 0.444865
vt 0.672991 0.412801
vt 0.673498 0.451736
vt 0.675953 0.460766
vt 0.674006 0.459685
vt 0.675953 0.454904
vt 0.684841 0.411967
vt 0.684841 0.443740
vt 0.696183 0.444865
vt 0.696691 0.412801
vt 0.684841 0.456039
vt 0.693728 0.454904
vt 0.673498 0.381792
vt 0.672991 0.417251
vt 0.669233 0.380806
vt 0.701135 0.415026
vt 0.700449 0.448483
vt 0.696183 0.451736
vt 0.696691 0.417251
vt 0.695676 0.459685
vt 0.693728 0.460766
vt 0.673498 0.380203
vt 0.684841 0.379729
vt 0.684841 0.418085
vt 0.684841 0.453226
vt 0.684841 0.463331
vt 0.696183 0.380203
vt 0.700449 0.380806
vt 0.684841 0.463568
vt 0.693728 0.371397
vt 0.696183 0.381792
vt 0.684841 0.381883
vt 0.684841 0.369460
vt 0.693728 0.370651
vt 0.695676 0.369081
vt 0.675953 0.370651
vt 0.684841 0.368703
vt 0.675953 0.371397
vt 0.674006 0.369081
vt 0.668547 0.415026
vt 0.669233 0.448483
vt 0.673498 0.444865
vt 0.672991 0.412801
vt 0.673498 0.451736
vt 0.675953 0.460766
vt 0.674006 0.459685
vt 0.675953 0.454904
vt 0.684841 0.411967
vt 0.684841 0.443740
vt 0.696183 0.444865
vt 0.696691 0.412801
vt 0.684841 0.456039
vt 0.693728 0.454904
vt 0.673498 0.381792
vt 0.672991 0.417251
vt 0.669233 0.380806
vt 0.701135 0.415026
vt 0.700449 0.448483
vt 0.696183 0.451736
vt 0.696691 0.417251
vt 0.695676 0.459685
vt 0.693728 0.460766
vt 0.673498 0.380203
vt 0.684841 0.379729
vt 0.684841 0.418085
vt 0.684841 0.453226
vt 0.684841 0.463331
vt 0.696183 0.380203
vt 0.700449 0.380806
vt 0.684841 0.463568
vt 0.693728 0.371397
vt 0.696183 0.381792
vt 0.684841 0.381883
vt 0.684841 0.369460
vt 0.693728 0.370651
vt 0.695676 0.369081
vt 0.675953 0.370651
vt 0.684841 0.368703
vt 0.675953 0.371397
vt 0.674006 0.369081
vt 0.668547 0.404521
vt 0.669233 0.437978
vt 0.673498 0.434360
vt 0.672991 0.402296
vt 0.673498 0.441231
vt 0.675953 0.450261
vt 0.674006 0.449180
vt 0.675953 0.444399
vt 0.684841 0.401462
vt 0.684841 0.433235
vt 0.696183 0.434360
vt 0.696691 0.402296
vt 0.684841 0.445534
vt 0.693728 0.444399
vt 0.673498 0.371287
vt 0.672991 0.406745
vt 0.669233 0.370301
vt 0.701135 0.404521
vt 0.700449 0.437978
vt 0.696183 0.441231
vt 0.696691 0.406745
vt 0.695676 0.449180
vt 0.693728 0.450261
vt 0.673498 0.369698
vt 0.684841 0.369224
vt 0.684841 0.407580
vt 0.684841 0.442721
vt 0.684841 0.452826
vt 0.696183 0.369698
vt 0.700449 0.370301
vt 0.684841 0.453063
vt 0.693728 0.360892
vt 0.696183 0.371287
vt 0.684841 0.371378
vt 0.684841 0.358955
vt 0.693728 0.360146
vt 0.695676 0.358576
vt 0.675953 0.360146
vt 0.684841 0.358198
vt 0.675953 0.360892
vt 0.674006 0.358576
vt 0.668547 0.412775
vt 0.669233 0.446232
vt 0.673498 0.442614
vt 0.672991 0.410550
vt 0.673498 0.449485
vt 0.675953 0.458515
vt 0.674006 0.457434
vt 0.675953 0.452653
vt 0.684841 0.409716
vt 0.684841 0.441489
vt 0.696183 0.442614
vt 0.696691 0.410550
vt 0.684841 0.453788
vt 0.693728 0.452653
vt 0.673498 0.379541
vt 0.672991 0.414999
vt 0.669233 0.378555
vt 0.701135 0.412775
vt 0.700449 0.446232
vt 0.696183 0.449485
vt 0.696691 0.414999
vt 0.695676 0.457434
vt 0.693728 0.458515
vt 0.673498 0.377952
vt 0.684841 0.377478
vt 0.684841 0.415834
vt 0.684841 0.450975
vt 0.684841 0.461080
vt 0.696183 0.377952
vt 0.700449 0.378555
vt 0.684841 0.461317
vt 0.693728 0.369146
vt 0.696183 0.379541
vt 0.684841 0.379632
vt 0.684841 0.367209
vt 0.693728 0.368400
vt 0.695676 0.366830
vt 0.675953 0.368400
vt 0.684841 0.366452
vt 0.675953 0.369146
vt 0.674006 0.366830
vt 0.668547 0.412775
vt 0.669233 0.446232
vt 0.673498 0.442614
vt 0.672991 0.410550
vt 0.673498 0.449485
vt 0.675953 0.458515
vt 0.674006 0.457434
vt 0.675953 0.452653
vt 0.684841 0.409716
vt 0.684841 0.441489
vt 0.696183 0.442614
vt 0.696691 0.410550
vt 0.684841 0.453788
vt 0.693728 0.452653
vt 0.673498 0.379541
vt 0.672991 0.414999
vt 0.669233 0.378555
vt 0.701135 0.412775
vt 0.700449 0.446232
vt 0.696183 0.449485
vt 0.696691 0.414999
vt 0.695676 0.457434
vt 0.693728 0.458515
vt 0.673498 0.377952
vt 0.684841 0.377478
vt 0.684841 0.415834
vt 0.684841 0.450975
vt 0.684841 0.461080
vt 0.696183 0.377952
vt 0.700449 0.378555
vt 0.684841 0.461317
vt 0.693728 0.369146
vt 0.696183 0.379541
vt 0.684841 0.379632
vt 0.684841 0.367209
vt 0.693728 0.368400
vt 0.695676 0.366830
vt 0.675953 0.368400
vt 0.684841 0.366452
vt 0.675953 0.369146
vt 0.674006 0.366830
vt 0.668547 0.415026
vt 0.669233 0.448483
vt 0.673498 0.444865
vt 0.672991 0.412801
vt 0.673498 0.451736
vt 0.675953 0.460766
vt 0.674006 0.459685
vt 0.675953 0.454904
vt 0.684841 0.411967
vt 0.684841 0.443740
vt 0.696183 0.444865
vt 0.696691 0.412801
vt 0.684841 0.456039
vt 0.693728 0.454904
vt 0.673498 0.381792
vt 0.672991 0.417251
vt 0.669233 0.380806
vt 0.701135 0.415026
vt 0.700449 0.448483
vt 0.696183 0.451736
vt 0.696691 0.417251
vt 0.695676 0.459685
vt 0.693728 0.460766
vt 0.673498 0.380203
vt 0.684841 0.379729
vt 0.684841 0.418085
vt 0.684841 0.453226
vt 0.684841 0.463331
vt 0.696183 0.380203
vt 0.700449 0.380806
vt 0.684841 0.463568
vt 0.693728 0.371397
vt 0.696183 0.381792
vt 0.684841 0.381883
vt 0.684841 0.369460
vt 0.693728 0.370651
vt 0.695676 0.369081
vt 0.675953 0.370651
vt 0.684841 0.368703
vt 0.675953 0.371397
vt 0.674006 0.369081
vn -0.1613 -0.8358 0.5248
vn -0.2675 -0.5547 0.7878
vn -0.4378 -0.7260 0.5304
vn -0.2825 -0.1117 0.9527
vn -0.6087 0.0479 0.7920
vn -0.7119 -0.2129 0.6693
vn -0.3139 -0.3077 0.8982
vn -0.8276 -0.4884 0.2767
vn -0.9403 -0.1842 0.2861
vn -0.9879 -0.1548 0.0091
vn -0.8593 -0.5110 0.0223
vn -0.4854 -0.8564 0.1759
vn -0.4729 -0.8809 0.0171
vn -0.9368 0.2400 0.2548
vn -0.9263 0.3190 0.2002
vn -0.9347 0.3519 0.0504
vn -0.9578 0.2623 0.1179
vn -0.9170 0.3650 0.1610
vn -0.9127 0.4083 -0.0196
vn -0.7609 0.5556 -0.3351
vn -0.9082 0.3948 -0.1391
vn -0.9609 0.2688 -0.0656
vn -0.8779 0.3935 -0.2730
vn -0.9366 0.2458 -0.2498
vn -0.6858 0.6415 -0.3437
vn -0.7540 0.6085 -0.2476
vn -0.8691 0.3436 -0.3558
vn -0.8945 0.1967 -0.4015
vn -0.8383 -0.5190 -0.1670
vn -0.4654 -0.8809 -0.0859
vn -0.9630 -0.1721 -0.2073
vn -0.8970 -0.2256 -0.3801
vn -0.7827 -0.5083 -0.3593
vn -0.4644 -0.8496 -0.2500
vn 0.7540 0.6085 -0.2476
vn 0.8502 0.2448 -0.4661
vn 0.8584 0.2392 -0.4537
vn 0.7675 0.6410 -0.0015
vn 0.6811 0.0689 -0.7289
vn 0.6524 0.0263 -0.7575
vn 0.5942 0.1253 -0.7945
vn 0.7292 0.4610 -0.5057
vn 0.6954 0.7181 0.0292
vn 0.8970 -0.2256 -0.3801
vn 0.7827 -0.5083 -0.3593
vn 0.6870 -0.4746 -0.5503
vn 0.7727 -0.2680 -0.5754
vn 0.4644 -0.8496 -0.2500
vn 0.4545 -0.7556 -0.4716
vn 0.4086 -0.6434 -0.6474
vn 0.5129 -0.4617 -0.7237
vn 0.6206 -0.2273 -0.7505
vn -0.8479 0.2572 -0.4636
vn -0.8028 0.0905 -0.5893
vn -0.8502 0.2448 -0.4661
vn -0.6811 0.0689 -0.7289
vn 0.1134 -0.9859 -0.1233
vn 0.1548 -0.9103 -0.3838
vn 0.0000 -0.9967 -0.0812
vn 0.0000 -0.9297 -0.3684
vn 0.0000 -0.7376 -0.6753
vn 0.1963 -0.7144 -0.6716
vn 0.8383 -0.5190 -0.1670
vn 0.4654 -0.8809 -0.0859
vn 0.9630 -0.1721 -0.2073
vn 0.9879 -0.1548 0.0091
vn 0.8593 -0.5110 0.0223
vn 0.4729 -0.8809 0.0171
vn 0.8945 0.1967 -0.4015
vn 0.8691 0.3436 -0.3558
vn 0.8779 0.3935 -0.2730
vn 0.9366 0.2458 -0.2498
vn 0.6858 0.6415 -0.3437
vn 0.7609 0.5556 -0.3351
vn 0.9082 0.3948 -0.1391
vn 0.9609 0.2688 -0.0656
vn 0.9347 0.3519 0.0504
vn 0.9578 0.2623 0.1179
vn 0.9127 0.4083 -0.0196
vn 0.9170 0.3650 0.1610
vn 0.9263 0.3190 0.2002
vn 0.9368 0.2400 0.2548
vn 0.8276 -0.4884 0.2767
vn 0.4854 -0.8564 0.1759
vn 0.9403 -0.1842 0.2861
vn 0.0000 0.2178 0.9760
vn -0.3757 0.2228 0.8996
vn 0.0000 -0.0967 0.9953
vn 0.4378 -0.7260 0.5304
vn 0.6391 -0.4708 0.6082
vn 0.2675 -0.5547 0.7878
vn -0.1046 -0.9916 0.0761
vn 0.0000 -0.9989 0.0467
vn 0.0000 -0.9499 0.3127
vn -0.1265 -0.9264 0.3548
vn 0.6087 0.0479 0.7920
vn 0.2825 -0.1117 0.9527
vn 0.3139 -0.3077 0.8982
vn 0.7119 -0.2129 0.6693
vn 0.0000 -0.3102 0.9507
vn 0.0000 -0.5834 0.8122
vn -0.0000 -0.8410 0.5410
vn 0.6320 0.3886 0.6705
vn 0.6331 0.5591 0.5354
vn 0.3217 0.6366 0.7009
vn 0.3104 0.4121 0.8566
vn 0.6644 0.6869 0.2944
vn 0.3403 0.8489 0.4045
vn 0.0000 0.8983 0.4393
vn 0.0000 0.6572 0.7537
vn 0.0000 0.4176 0.9086
vn -0.3217 0.6366 0.7009
vn -0.3104 0.4121 0.8566
vn -0.3403 0.8489 0.4045
vn -0.6644 0.6869 0.2944
vn -0.6331 0.5591 0.5354
vn -0.6320 0.3886 0.6705
vn 0.1046 -0.9916 0.0761
vn 0.1265 -0.9264 0.3548
vn -0.6506 -0.4511 0.6109
vn -0.7286 -0.2589 0.6341
vn 0.4209 -0.7755 0.4706
vn -0.1134 -0.9859 -0.1233
vn -0.0803 -0.9967 -0.0133
vn 0.0000 -1.0000 0.0000
vn -0.0805 -0.9967 0.0050
vn 0.0803 -0.9967 -0.0133
vn 0.0805 -0.9967 0.0050
vn 0.1613 -0.8358 0.5248
vn -0.6391 -0.4708 0.6082
vn -0.4209 -0.7755 0.4706
vn 0.3561 0.9344 -0.0035
vn 0.3410 0.8429 -0.4163
vn -0.0000 0.9988 0.0499
vn 0.0000 0.8969 -0.4422
vn 0.0000 0.7172 -0.6969
vn 0.3500 0.6909 -0.6326
vn -0.3561 0.9344 -0.0035
vn -0.3410 0.8429 -0.4163
vn -0.3500 0.6909 -0.6326
vn -0.0000 0.8731 -0.4875
vn -0.3005 0.8420 -0.4480
vn -0.3317 0.9434 0.0059
vn 0.0000 0.9999 -0.0128
vn -0.6167 0.7180 -0.3227
vn -0.6779 0.7348 0.0220
vn 0.6167 0.7180 -0.3227
vn 0.3005 0.8420 -0.4480
vn 0.3317 0.9434 0.0059
vn 0.6779 0.7348 0.0220
vn -0.4086 -0.6434 -0.6474
vn -0.5129 -0.4617 -0.7237
vn -0.2672 -0.5092 -0.8182
vn -0.1963 -0.7144 -0.6716
vn -0.6206 -0.2273 -0.7505
vn -0.3223 -0.3026 -0.8970
vn -0.0000 -0.3175 -0.9483
vn 0.0000 -0.5407 -0.8412
vn -0.6121 -0.0376 -0.7899
vn -0.8506 -0.0228 -0.5254
vn -0.3378 -0.0941 -0.9365
vn -0.3476 -0.0474 -0.9365
vn 0.0000 -0.0799 -0.9968
vn -0.0000 -0.1193 -0.9929
vn 0.2672 -0.5092 -0.8182
vn 0.3223 -0.3026 -0.8970
vn -0.1548 -0.9103 -0.3838
vn -0.4545 -0.7556 -0.4716
vn -0.6870 -0.4746 -0.5503
vn -0.7727 -0.2680 -0.5754
vn 0.9245 0.0463 -0.3785
vn 0.8506 -0.0228 -0.5254
vn 0.8028 0.0905 -0.5893
vn -0.3112 -0.0687 -0.9479
vn 0.0000 -0.0786 -0.9969
vn -0.6524 0.0263 -0.7575
vn -0.5942 0.1253 -0.7945
vn -0.3142 0.1646 -0.9350
vn 0.0000 0.1725 -0.9850
vn 0.0000 0.9607 0.2777
vn 0.3396 0.9217 0.1874
vn 0.3698 0.7560 -0.5401
vn 0.0000 0.9998 0.0183
vn 0.3142 0.1646 -0.9350
vn -0.0000 0.3679 -0.9298
vn -0.6954 0.7181 0.0292
vn -0.3396 0.9217 0.1874
vn -0.3698 0.7560 -0.5401
vn -0.7292 0.4610 -0.5057
vn 0.2918 0.8693 0.3989
vn -0.0000 0.8911 0.4539
vn 0.3476 -0.0474 -0.9365
vn 0.3112 -0.0687 -0.9479
vn -0.8584 0.2392 -0.4537
vn -0.7675 0.6410 -0.0015
vn -0.2918 0.8693 0.3989
vn -0.8293 0.4481 0.3339
vn -0.8567 0.3609 0.3685
vn -0.8614 0.4769 0.1749
vn -0.8718 0.4895 -0.0177
vn -0.7139 0.5692 -0.4079
vn 0.8718 0.4895 -0.0177
vn 0.7139 0.5692 -0.4079
vn 0.8614 0.4769 0.1749
vn 0.3757 0.2229 0.8996
vn 0.7286 -0.2589 0.6341
vn 0.6506 -0.4511 0.6109
vn 0.8399 0.2129 0.4993
vn 0.7778 -0.0699 0.6247
vn 0.9369 0.0182 0.3491
vn -0.5712 0.1167 0.8125
vn -0.8399 0.2129 0.4993
vn -0.7778 -0.0699 0.6247
vn -0.5188 -0.1126 0.8474
vn 0.0000 0.2084 0.9780
vn -0.2983 0.2223 0.9282
vn -0.2832 -0.0080 0.9590
vn 0.0000 -0.0409 0.9992
vn 0.5188 -0.1126 0.8474
vn 0.2983 0.2223 0.9282
vn 0.2832 -0.0080 0.9590
vn -0.6227 0.2707 0.7341
vn -0.9369 0.0182 0.3491
vn -0.9771 0.0851 0.1948
vn -0.3146 0.6473 -0.6943
vn -0.0000 0.6759 -0.7370
vn 0.3146 0.6473 -0.6943
vn 0.8293 0.4481 0.3339
vn 0.8567 0.3609 0.3685
vn -0.8553 0.3043 0.4193
vn 0.9930 0.1151 -0.0250
vn 0.9771 0.0851 0.1948
vn 0.9687 0.0955 -0.2291
vn -0.9930 0.1151 -0.0250
vn -0.9687 0.0955 -0.2291
vn -0.9245 0.0463 -0.3785
vn 0.6227 0.2707 0.7341
vn 0.5712 0.1167 0.8125
vn 0.8553 0.3043 0.4193
vn 0.8479 0.2572 -0.4636
vn 0.3378 -0.0941 -0.9365
vn 0.6121 -0.0376 -0.7899
vn -0.7796 -0.4488 0.4368
vn -0.5028 -0.7668 0.3989
vn -0.3187 -0.6506 0.6893
vn -0.4629 -0.4260 0.7773
vn -0.8368 -0.1584 0.5241
vn -0.4962 -0.3096 0.8112
vn 0.7796 -0.4488 0.4368
vn 0.8368 -0.1584 0.5241
vn 0.4962 -0.3096 0.8112
vn 0.4629 -0.4260 0.7773
vn 0.5028 -0.7668 0.3989
vn 0.3187 -0.6506 0.6893
vn -0.1351 -0.8077 0.5738
vn -0.1544 -0.9078 0.3899
vn 0.0000 -0.8571 0.5151
vn -0.0000 -0.9165 0.4001
vn 0.1351 -0.8077 0.5738
vn 0.1544 -0.9078 0.3899
vn 0.7616 0.1399 0.6328
vn 0.3660 -0.2323 0.9011
vn -0.7616 0.1399 0.6328
vn -0.3660 -0.2323 0.9011
vn 0.0000 0.3980 0.9174
vn -0.3782 0.3868 0.8411
vn -0.1984 -0.1856 0.9624
vn 0.0000 -0.2150 0.9766
vn 0.3782 0.3868 0.8411
vn 0.1984 -0.1856 0.9624
vn 0.5526 -0.6257 0.5506
vn 0.6857 -0.3423 0.6423
vn 0.2194 -0.3609 0.9064
vn 0.1410 -0.7258 0.6733
vn 0.7553 -0.0954 0.6484
vn 0.2881 -0.0291 0.9572
vn -0.2990 0.9460 0.1252
vn 0.4037 0.9075 -0.1159
vn 0.4199 0.8212 -0.3864
vn -0.4824 0.8725 -0.0781
vn 0.0003 0.0028 1.0000
vn -0.5496 -0.3049 0.7778
vn 0.7758 0.1582 0.6108
vn 0.3211 0.3259 0.8892
vn 0.7370 0.4630 0.4925
vn 0.3548 0.7104 0.6079
vn 0.0468 0.3868 0.9210
vn -0.5079 -0.6415 0.5750
vn -0.8701 0.3876 0.3043
vn -0.8375 0.4898 0.2422
vn -0.9219 0.1047 0.3731
vn -0.9203 0.1239 0.3712
vn -0.9142 -0.3060 0.2657
vn -0.5282 -0.7982 0.2897
vn -0.7221 0.6698 0.1730
vn -0.3176 0.9352 0.1569
vn -0.2971 0.9384 0.1766
vn -0.7820 0.5909 0.1983
vn -0.9939 0.1086 -0.0193
vn -0.9832 0.1820 0.0158
vn -0.6686 -0.3674 -0.6465
vn -0.9274 -0.3553 -0.1171
vn -0.8765 -0.4775 0.0613
vn -0.5338 -0.8442 0.0482
vn -0.5721 -0.6613 -0.4851
vn -0.5514 -0.8065 -0.2132
vn 0.0565 -0.7421 -0.6679
vn 0.1170 -0.9392 -0.3228
vn -0.1421 -0.2521 -0.9572
vn 0.2691 0.3746 -0.8873
vn 0.1872 -0.4079 -0.8936
vn -0.0014 0.9196 -0.3929
vn 0.7973 0.5607 -0.2235
vn 0.8359 0.3727 -0.4029
vn 0.7852 0.0210 -0.6189
vn 0.6266 -0.3800 -0.6804
vn 0.5106 -0.6199 -0.5958
vn 0.8668 -0.3143 -0.3872
vn 0.6217 -0.6939 -0.3634
vn 0.9257 -0.0942 -0.3664
vn 0.9847 -0.1206 -0.1257
vn 0.9291 -0.3507 -0.1175
vn 0.6924 -0.7184 -0.0671
vn 0.9507 0.1250 -0.2838
vn 0.8535 0.5006 -0.1449
vn 0.8705 0.4920 -0.0127
vn 0.9899 0.1104 -0.0889
vn 0.9708 0.1072 0.2144
vn 0.9655 -0.1222 0.2300
vn 0.8434 0.4935 0.2123
vn 0.9083 -0.3516 0.2267
vn 0.6581 -0.7115 0.2465
vn -0.3548 0.7879 0.5034
vn -0.3409 0.9081 0.2433
vn 0.4121 0.8764 0.2492
vn 0.1793 -0.9838 -0.0031
vn 0.1503 -0.9422 0.2995
vn 0.4489 0.8903 0.0763
vn 0.4323 0.9016 0.0174
vn -0.5526 -0.6257 0.5506
vn -0.1410 -0.7258 0.6733
vn -0.2194 -0.3609 0.9064
vn -0.6857 -0.3423 0.6423
vn -0.2881 -0.0291 0.9572
vn -0.7553 -0.0954 0.6484
vn 0.2990 0.9460 0.1252
vn 0.4824 0.8725 -0.0781
vn -0.4199 0.8212 -0.3864
vn -0.4037 0.9075 -0.1159
vn 0.5496 -0.3049 0.7778
vn -0.0003 0.0028 1.0000
vn -0.3211 0.3259 0.8892
vn -0.7758 0.1582 0.6108
vn -0.3548 0.7104 0.6079
vn -0.7370 0.4630 0.4925
vn -0.0468 0.3868 0.9210
vn 0.5079 -0.6415 0.5750
vn 0.8701 0.3876 0.3043
vn 0.9203 0.1239 0.3712
vn 0.9219 0.1047 0.3731
vn 0.8375 0.4898 0.2422
vn 0.9142 -0.3060 0.2657
vn 0.5282 -0.7982 0.2897
vn 0.7221 0.6698 0.1730
vn 0.7820 0.5909 0.1983
vn 0.2971 0.9384 0.1766
vn 0.3176 0.9352 0.1569
vn 0.9939 0.1086 -0.0193
vn 0.9274 -0.3553 -0.1171
vn 0.6686 -0.3674 -0.6465
vn 0.9832 0.1820 0.0158
vn 0.8765 -0.4775 0.0613
vn 0.5338 -0.8442 0.0482
vn 0.5721 -0.6613 -0.4851
vn 0.5514 -0.8065 -0.2132
vn -0.0565 -0.7421 -0.6679
vn -0.1170 -0.9392 -0.3228
vn 0.1421 -0.2521 -0.9572
vn -0.1872 -0.4079 -0.8936
vn -0.2691 0.3746 -0.8873
vn 0.0014 0.9196 -0.3929
vn -0.8359 0.3727 -0.4029
vn -0.7973 0.5607 -0.2235
vn -0.7852 0.0210 -0.6189
vn -0.6266 -0.3800 -0.6804
vn -0.5106 -0.6199 -0.5958
vn -0.6217 -0.6939 -0.3634
vn -0.8668 -0.3143 -0.3872
vn -0.9257 -0.0942 -0.3664
vn -0.9291 -0.3507 -0.1175
vn -0.9847 -0.1206 -0.1257
vn -0.6924 -0.7184 -0.0671
vn -0.9507 0.1250 -0.2838
vn -0.8535 0.5006 -0.1449
vn -0.9899 0.1104 -0.0889
vn -0.8705 0.4920 -0.0127
vn -0.9655 -0.1222 0.2300
vn -0.9708 0.1072 0.2144
vn -0.8434 0.4935 0.2123
vn -0.6581 -0.7115 0.2465
vn -0.9083 -0.3516 0.2267
vn 0.3409 0.9081 0.2433
vn 0.3548 0.7879 0.5034
vn -0.4121 0.8764 0.2492
vn -0.1503 -0.9422 0.2995
vn -0.1793 -0.9838 -0.0031
vn -0.4323 0.9016 0.0174
vn -0.4489 0.8903 0.0763
vn -0.4434 -0.4905 0.7502
vn -0.3021 -0.3232 0.8968
vn -0.6024 0.0746 0.7947
vn -0.7654 -0.1104 0.6340
vn 0.8567 0.2045 -0.4735
vn 0.5714 0.5618 -0.5983
vn 0.7142 0.6726 -0.1938
vn 0.8884 0.4586 -0.0216
vn 0.0637 -0.7643 0.6417
vn 0.2042 -0.5875 0.7831
vn -0.0459 0.3913 0.9191
vn -0.1330 0.6391 0.7575
vn -0.7076 0.3740 0.5995
vn -0.2222 0.8437 0.4887
vn -0.6661 0.7121 0.2216
vn 0.9530 -0.0690 -0.2950
vn 0.9611 0.2518 0.1135
vn 0.9627 -0.0354 0.2681
vn 0.9117 -0.4094 0.0352
vn -0.3270 0.9232 -0.2020
vn 0.1221 0.9607 0.2494
vn 0.4865 0.4859 0.7261
vn 0.0516 0.0650 0.9966
vn 0.4650 -0.0144 0.8852
vn 0.4144 0.6908 0.5925
vn 0.7620 0.4325 0.4820
vn 0.6941 0.6258 0.3558
vn 0.8643 -0.2232 -0.4508
vn 0.7582 0.0781 -0.6473
vn -0.0001 0.7400 -0.6726
vn -0.4836 0.7918 -0.3730
vn 0.1043 0.8670 -0.4873
vn -0.8174 0.5733 0.0565
vn 0.4695 0.8829 0.0018
vn 0.6248 -0.6162 0.4795
vn 0.7948 -0.0429 0.6053
vn -0.8811 0.2185 0.4195
vn 0.5330 -0.7828 0.3211
vn 0.8266 -0.5512 -0.1135
vn 0.4804 0.4387 -0.7595
vn 0.4434 -0.4905 0.7502
vn 0.7654 -0.1104 0.6340
vn 0.6024 0.0746 0.7947
vn 0.3021 -0.3232 0.8968
vn -0.8567 0.2045 -0.4735
vn -0.8884 0.4586 -0.0216
vn -0.7142 0.6726 -0.1938
vn -0.5714 0.5618 -0.5983
vn -0.0637 -0.7643 0.6417
vn -0.2042 -0.5875 0.7831
vn 0.0459 0.3913 0.9191
vn 0.7076 0.3740 0.5995
vn 0.1330 0.6391 0.7575
vn 0.6661 0.7121 0.2216
vn 0.2222 0.8437 0.4887
vn -0.9530 -0.0690 -0.2950
vn -0.9117 -0.4094 0.0352
vn -0.9627 -0.0354 0.2681
vn -0.9611 0.2518 0.1135
vn 0.3270 0.9232 -0.2020
vn -0.1221 0.9607 0.2494
vn -0.4865 0.4859 0.7261
vn -0.4650 -0.0144 0.8852
vn -0.0516 0.0650 0.9966
vn -0.4144 0.6908 0.5925
vn -0.7620 0.4325 0.4820
vn -0.6941 0.6258 0.3558
vn -0.8643 -0.2232 -0.4508
vn -0.7582 0.0781 -0.6473
vn 0.0001 0.7400 -0.6726
vn -0.1043 0.8670 -0.4873
vn 0.4836 0.7918 -0.3730
vn 0.8174 0.5733 0.0565
vn -0.4695 0.8829 0.0018
vn -0.6248 -0.6162 0.4795
vn -0.7948 -0.0429 0.6053
vn 0.8811 0.2185 0.4195
vn -0.8266 -0.5512 -0.1135
vn -0.5330 -0.7828 0.3211
vn -0.4804 0.4387 -0.7595
vn -0.8869 -0.0536 -0.4588
vn -0.9442 0.3271 0.0397
vn -0.8417 0.5399 0.0060
vn -0.8290 0.2014 -0.5218
vn 0.9923 -0.0943 0.0805
vn 0.9989 0.0400 -0.0234
vn 0.9049 -0.0133 0.4253
vn 0.8855 -0.1123 0.4509
vn 0.9172 0.1583 0.3657
vn 0.5037 0.1775 0.8455
vn 0.4942 0.0167 0.8692
vn 0.4717 -0.0730 0.8787
vn -0.0000 0.9924 -0.1227
vn 0.5252 0.8432 -0.1152
vn 0.5291 0.5556 -0.6413
vn -0.0000 0.6699 -0.7424
vn -0.0000 0.4670 -0.8843
vn -0.0000 0.8933 -0.4495
vn 0.5877 0.7196 -0.3698
vn 0.4823 0.4281 -0.7643
vn 0.9606 0.1003 -0.2594
vn -0.8855 -0.1123 0.4509
vn -0.9049 -0.0133 0.4253
vn -0.9989 0.0400 -0.0234
vn -0.9923 -0.0943 0.0805
vn -0.9606 0.1003 -0.2594
vn -0.8211 0.5341 -0.2015
vn -0.9771 0.2123 0.0128
vn -0.9977 -0.0657 0.0172
vn -0.5877 0.7196 -0.3698
vn -0.5862 0.7908 0.1760
vn -0.0000 0.9806 0.1961
vn -0.9172 0.1583 0.3657
vn -0.0000 0.7918 0.6108
vn 0.8211 0.5341 -0.2015
vn 0.4759 0.7781 0.4100
vn -0.0000 0.8501 0.5266
vn 0.0000 -0.4574 -0.8893
vn 0.4444 -0.4232 -0.7896
vn 0.4161 -0.4599 -0.7844
vn -0.0000 -0.4717 -0.8818
vn 0.4063 0.1238 -0.9053
vn -0.0000 0.1291 -0.9916
vn 0.9442 0.3271 0.0397
vn 0.9988 -0.0262 -0.0420
vn 0.8763 -0.2450 -0.4148
vn 0.8869 -0.0536 -0.4588
vn 0.8448 -0.3389 -0.4139
vn 0.4483 -0.3086 -0.8389
vn 0.9912 -0.1286 -0.0300
vn -0.9912 -0.1286 -0.0300
vn -0.9988 -0.0262 -0.0420
vn -0.8763 -0.2450 -0.4148
vn -0.8448 -0.3389 -0.4139
vn -0.4483 -0.3086 -0.8389
vn -0.4444 -0.4232 -0.7896
vn -0.4161 -0.4599 -0.7844
vn 0.4067 0.8662 0.2904
vn -0.0000 0.9429 0.3332
vn -0.0000 -0.3706 -0.9288
vn -0.0000 -0.2013 -0.9795
vn 0.4609 -0.1097 -0.8807
vn 0.8417 0.5399 0.0060
vn 0.8290 0.2014 -0.5218
vn -0.4609 -0.1097 -0.8807
vn -0.4063 0.1238 -0.9053
vn 0.0000 0.0752 -0.9972
vn -0.0000 0.1440 -0.9896
vn 0.5430 0.2125 -0.8124
vn -0.5252 0.8432 -0.1152
vn -0.5291 0.5556 -0.6413
vn -0.4759 0.7781 0.4100
vn -0.4067 0.8662 0.2904
vn 0.8830 0.3834 0.2707
vn 0.8994 0.3269 -0.2901
vn 0.5862 0.7908 0.1760
vn -0.5430 0.2125 -0.8124
vn -0.4823 0.4281 -0.7643
vn -0.0000 0.1794 0.9838
vn 0.0000 0.3596 0.9331
vn -0.5265 0.3684 0.7662
vn -0.5037 0.1775 0.8455
vn -0.8994 0.3269 -0.2901
vn -0.8830 0.3834 0.2707
vn -0.4819 0.6152 0.6239
vn 0.5265 0.3684 0.7662
vn 0.4819 0.6152 0.6239
vn -0.0000 0.6941 0.7199
vn -0.4942 0.0167 0.8692
vn -0.0000 0.0373 0.9993
vn -0.4717 -0.0730 0.8787
vn 0.0000 -0.0421 0.9991
vn 0.9977 -0.0657 0.0172
vn 0.9771 0.2123 0.0128
vn 0.9219 0.2399 0.3041
vn 0.9559 0.1608 0.2459
vn 0.9019 0.4259 0.0719
vn 0.8700 0.4771 0.1242
vn 0.5543 0.5103 0.6575
vn 0.5531 0.7546 0.3531
vn -0.0000 0.8893 0.4574
vn -0.0000 0.6035 0.7973
vn 0.8170 0.3829 0.4313
vn 0.7787 0.5824 0.2334
vn -0.7787 0.5824 0.2334
vn -0.7304 0.6676 0.1446
vn -0.7717 0.6352 0.0314
vn -0.8700 0.4771 0.1242
vn -0.7921 0.6097 -0.0287
vn -0.9019 0.4259 0.0719
vn -0.4360 -0.5532 0.7098
vn -0.8293 -0.1398 0.5411
vn -0.8563 -0.2027 0.4751
vn -0.4902 -0.5634 0.6650
vn -0.9219 0.2399 0.3041
vn -0.9559 0.1608 0.2459
vn 0.3032 -0.4195 0.8557
vn 0.4886 0.0993 0.8669
vn 0.0000 0.1377 0.9905
vn 0.0000 -0.3838 0.9234
vn 0.4360 -0.5532 0.7098
vn 0.8293 -0.1398 0.5411
vn 0.7376 -0.0004 0.6753
vn 0.4672 -0.4255 0.7750
vn 0.7304 0.6676 0.1446
vn 0.5082 0.8480 0.1505
vn -0.0000 0.9866 0.1634
vn -0.5531 0.7546 0.3531
vn -0.5543 0.5103 0.6575
vn -0.4886 0.0993 0.8669
vn -0.3032 -0.4195 0.8557
vn -0.5082 0.8480 0.1505
vn -0.7376 -0.0004 0.6753
vn -0.4672 -0.4255 0.7750
vn -0.8170 0.3829 0.4313
vn 0.0000 -0.7661 0.6427
vn 0.0329 -0.7451 0.6661
vn 0.0786 -0.7139 0.6959
vn 0.0000 -0.7331 0.6801
vn 0.4902 -0.5634 0.6650
vn -0.0329 -0.7451 0.6661
vn -0.0786 -0.7139 0.6959
vn -0.0000 0.9873 -0.1586
vn -0.5300 0.8396 -0.1194
vn -0.5100 0.8594 -0.0370
vn -0.0000 0.9985 -0.0539
vn 0.7921 0.6097 -0.0287
vn 0.5300 0.8396 -0.1194
vn 0.5100 0.8594 -0.0370
vn 0.7717 0.6352 0.0314
vn 0.8563 -0.2027 0.4751
vn -0.2706 0.9298 0.2494
vn -0.1514 0.9786 0.1395
vn 0.4101 0.1565 -0.8985
vn 0.4326 0.1612 -0.8871
vn 0.9194 0.1612 -0.3589
vn 0.9289 0.1565 -0.3355
vn -0.2109 -0.9580 0.1944
vn -0.1761 -0.9709 0.1623
vn 0.9417 0.0557 0.3317
vn 0.9059 0.0477 0.4208
vn 0.1555 0.9774 -0.1433
vn 0.2122 0.9574 -0.1956
vn -0.3456 0.0477 -0.9372
vn -0.2539 0.0557 -0.9656
vn 0.5861 0.0336 0.8095
vn 0.5937 0.0335 0.8040
vn 0.6134 0.0332 0.7891
vn 0.1665 -0.9740 -0.1535
vn 0.2483 -0.9412 -0.2289
vn 0.0017 1.0000 -0.0016
vn -0.0080 -0.9999 0.0073
vn 0.6582 0.0265 0.7523
vn 0.6526 0.0270 0.7572
vn -0.6962 0.0265 -0.7174
vn -0.7015 0.0269 -0.7122
vn -0.7591 0.0336 -0.6502
vn -0.7530 0.0335 -0.6572
vn -0.7365 0.0332 -0.6757
vn -0.9494 0.1928 -0.2480
vn -0.8495 0.3609 -0.3849
vn -0.5322 -0.1551 -0.8323
vn -0.6139 -0.2915 -0.7336
vn -0.6291 0.7420 0.2317
vn -0.3519 0.9313 -0.0942
vn -0.3876 0.6570 -0.6466
vn -0.2843 0.1523 -0.9466
vn 0.0704 -0.6350 -0.7693
vn 0.1282 -0.5113 -0.8498
vn 0.7523 -0.4964 -0.4331
vn 0.6960 -0.6394 -0.3267
vn 0.2995 0.0116 -0.9540
vn 0.7762 -0.1295 -0.6171
vn -0.8303 0.0948 0.5491
vn -0.7438 0.5292 0.4083
vn -0.9835 -0.1679 -0.0668
vn 0.8973 -0.2978 0.3258
vn 0.9754 -0.1238 0.1822
vn 0.6633 0.3987 0.6333
vn 0.5543 0.1844 0.8116
vn 0.9199 0.3097 -0.2404
vn 0.7252 0.6451 0.2405
vn -0.6562 -0.5438 -0.5231
vn -0.0463 -0.8279 -0.5589
vn -0.1218 0.5259 0.8417
vn -0.0027 0.7558 0.6548
vn 0.2318 0.9692 0.0827
vn 0.4993 -0.8507 -0.1641
vn 0.6611 -0.6047 0.4442
vn 0.3762 0.6795 -0.6298
vn -0.3497 -0.8463 0.4018
vn 0.3434 -0.2169 0.9138
vn -0.2798 0.0668 0.9577
vn -0.9600 0.2065 0.1890
vn -0.8981 0.4246 0.1142
vn -0.7875 0.1801 -0.5894
vn -0.8423 0.0086 -0.5389
vn -0.4577 0.5165 0.7237
vn -0.2898 0.8494 0.4411
vn -0.5270 0.8400 -0.1293
vn -0.5681 0.5250 -0.6338
vn -0.2371 -0.2310 -0.9436
vn -0.1996 -0.0805 -0.9766
vn 0.5262 -0.1991 -0.8267
vn 0.4973 -0.3781 -0.7809
vn -0.0323 0.4475 -0.8937
vn 0.5164 0.2119 -0.8297
vn -0.5925 -0.2178 0.7756
vn -0.5238 0.2400 0.8173
vn -0.9604 -0.1984 0.1958
vn 0.9286 -0.3386 -0.1521
vn 0.9681 -0.1141 -0.2229
vn 0.8640 0.1350 0.4850
vn 0.8037 -0.1431 0.5775
vn 0.8101 0.4540 -0.3708
vn 0.8118 0.5315 0.2421
vn -0.8323 -0.3125 -0.4579
vn -0.2924 -0.5045 -0.8124
vn 0.2041 0.0976 0.9741
vn 0.2724 0.3944 0.8777
vn 0.3206 0.8523 0.4132
vn 0.3495 -0.6536 -0.6713
vn 0.7215 -0.6839 -0.1080
vn 0.1988 0.9125 -0.3575
vn -0.2620 -0.9613 0.0853
vn 0.6078 -0.5642 0.5588
vn 0.0581 -0.3771 0.9243
vn -0.9168 -0.3981 0.0298
vn -0.9771 -0.1961 -0.0823
vn -0.5951 -0.3944 -0.7002
vn -0.5507 -0.5579 -0.6209
vn -0.8164 0.2053 0.5398
vn -0.8136 0.5408 0.2137
vn -0.8701 0.3314 -0.3648
vn -0.6108 0.0061 -0.7918
vn 0.1528 -0.4225 -0.8934
vn 0.1030 -0.2844 -0.9532
vn 0.7104 0.0763 -0.6996
vn 0.7805 -0.0779 -0.6203
vn -0.0869 0.2423 -0.9663
vn 0.4670 0.3947 -0.7913
vn -0.5117 -0.4508 0.7314
vn -0.7300 -0.0435 0.6821
vn -0.6857 -0.7175 0.1227
vn 0.9599 0.2786 0.0307
vn 0.8775 0.4726 -0.0814
vn 0.4971 0.6789 0.5404
vn 0.5892 0.4322 0.6827
vn 0.4587 0.8105 -0.3642
vn 0.2811 0.9355 0.2142
vn -0.3759 -0.7971 -0.4726
vn 0.2378 -0.6585 -0.7140
vn -0.1088 0.3004 0.9476
vn -0.2045 0.5661 0.7985
vn -0.3280 0.9094 0.2557
vn 0.7985 -0.3736 -0.4721
vn 0.9857 -0.1148 0.1235
vn -0.2897 0.8042 -0.5189
vn 0.3276 -0.9089 0.2579
vn 0.6811 -0.0208 0.7319
vn 0.0601 -0.1680 0.9840
vn -0.9570 -0.2813 -0.0701
vn -0.9969 -0.0461 -0.0636
vn -0.6741 0.0533 -0.7367
vn -0.6467 -0.1311 -0.7513
vn -0.7562 -0.0178 0.6541
vn -0.7274 0.4330 0.5323
vn -0.8385 0.5409 -0.0657
vn -0.6438 0.4467 -0.6213
vn 0.0537 0.0601 -0.9967
vn 0.0188 0.2134 -0.9768
vn 0.6787 0.3494 -0.6460
vn 0.7327 0.1708 -0.6588
vn -0.1037 0.6925 -0.7139
vn 0.4730 0.6912 -0.5464
vn -0.5274 -0.7066 0.4718
vn -0.6948 -0.3107 0.6486
vn -0.7636 -0.6235 -0.1678
vn 0.9877 0.1444 0.0604
vn 0.9249 0.3746 0.0653
vn 0.6048 0.2802 0.7454
vn 0.6722 -0.0114 0.7403
vn 0.5384 0.8423 0.0266
vn 0.4069 0.6813 0.6084
vn -0.4963 -0.4263 -0.7563
vn 0.1172 -0.2399 -0.9637
vn -0.0228 -0.1963 0.9803
vn -0.0916 0.1154 0.9891
vn -0.1978 0.6904 0.6959
vn 0.7206 -0.1599 -0.6747
vn 0.9683 -0.2444 -0.0516
vn -0.2117 0.9768 -0.0323
vn 0.2230 -0.9424 -0.2491
vn 0.7086 -0.4360 0.5548
vn 0.0874 -0.6345 0.7680
vn -0.9416 0.3367 -0.0015
vn -0.8404 0.5355 0.0835
vn -0.4856 0.6644 -0.5681
vn -0.5676 0.5140 -0.6431
vn -0.6626 0.1782 0.7274
vn -0.3758 0.5473 0.7478
vn -0.3756 0.8958 0.2377
vn -0.2421 0.9076 -0.3432
vn 0.1279 0.3582 -0.9248
vn 0.1858 0.4873 -0.8532
vn 0.7879 0.1141 -0.6052
vn 0.7309 -0.0471 -0.6809
vn 0.3455 0.8292 -0.4394
vn 0.8093 0.4532 -0.3737
vn -0.8589 -0.4094 0.3077
vn -0.7791 -0.0766 0.6222
vn -0.9733 0.0033 -0.2294
vn 0.8891 -0.4545 -0.0548
vn 0.9687 -0.2463 0.0309
vn 0.6186 -0.3755 0.6902
vn 0.5077 -0.6327 0.5847
vn 0.9205 0.3356 0.2000
vn 0.6920 0.0858 0.7168
vn -0.6124 0.2083 -0.7626
vn 0.0072 0.0837 -0.9965
vn -0.1795 -0.4733 0.8624
vn -0.0585 -0.2012 0.9778
vn 0.1970 0.3955 0.8971
vn 0.5332 -0.2868 -0.7959
vn 0.6570 -0.7012 -0.2768
vn 0.3853 0.8710 0.3047
vn -0.3424 -0.7545 -0.5599
vn 0.3046 -0.9123 0.2738
vn -0.3285 -0.7946 0.5106
vn -0.5903 0.0263 -0.8068
vn -0.6552 0.2378 -0.7171
vn 0.0261 0.5311 -0.8469
vn 0.0809 0.3704 -0.9253
vn -0.9861 -0.1055 -0.1283
vn -0.9431 0.3307 0.0352
vn -0.6221 0.7083 -0.3336
vn -0.0863 0.8156 -0.5722
vn 0.7205 0.4655 -0.5140
vn 0.6610 0.5988 -0.4523
vn 0.8802 0.4094 0.2402
vn 0.9517 0.2463 0.1831
vn 0.3265 0.9329 -0.1521
vn 0.6187 0.7151 0.3252
vn -0.6035 -0.6829 -0.4117
vn -0.8987 -0.3729 -0.2308
vn -0.3388 -0.2775 -0.8990
vn 0.6375 -0.1487 0.7560
vn 0.5581 0.0649 0.8272
vn -0.1268 -0.2280 0.9654
vn -0.0357 -0.4958 0.8677
vn 0.2472 0.5845 0.7728
vn -0.2269 0.2287 0.9467
vn 0.2312 0.0786 -0.9697
vn 0.7836 0.1750 -0.5961
vn -0.6686 -0.5845 0.4598
vn -0.7661 -0.3003 0.5683
vn -0.7168 0.3510 0.6025
vn 0.9995 -0.0309 0.0082
vn 0.7546 -0.4333 0.4927
vn -0.2613 0.9149 0.3077
vn 0.4596 -0.7674 -0.4470
vn 0.1769 -0.7941 0.5815
vn -0.3834 -0.9016 0.2003
vn -0.7729 -0.6307 -0.0701
vn -0.9009 -0.4293 -0.0636
vn -0.6419 -0.2125 -0.7367
vn -0.5452 -0.3718 -0.7513
vn -0.6900 -0.3098 0.6541
vn -0.8384 0.1168 0.5323
vn -0.9827 0.1731 -0.0657
vn -0.7667 0.1619 -0.6213
vn 0.0262 0.0762 -0.9967
vn -0.0655 0.2040 -0.9768
vn 0.4899 0.5854 -0.6460
vn 0.6089 0.4418 -0.6588
vn -0.3643 0.5980 -0.7139
vn 0.1677 0.8206 -0.5464
vn -0.2119 -0.8558 0.4718
vn -0.5198 -0.5560 0.6486
vn -0.4618 -0.8710 -0.1678
vn 0.8543 0.5163 0.0604
vn 0.7070 0.7042 0.0653
vn 0.4487 0.4929 0.7454
vn 0.6239 0.2503 0.7403
vn 0.1693 0.9852 0.0266
vn 0.1106 0.7859 0.6084
vn -0.2920 -0.5854 -0.7563
vn 0.2011 -0.1756 -0.9637
vn 0.0552 -0.1898 0.9803
vn -0.1292 0.0708 0.9891
vn -0.4502 0.5595 0.6959
vn 0.7262 0.1323 -0.6747
vn 0.9873 0.1505 -0.0516
vn -0.5741 0.8181 -0.0323
vn 0.5713 -0.7820 -0.2491
vn 0.8223 -0.1269 0.5548
vn 0.3267 -0.5509 0.7680
vn 0.3310 0.2688 0.9045
vn 0.3584 0.4816 0.7998
vn -0.3859 0.5697 0.7257
vn -0.4143 0.4073 0.8139
vn 0.9100 0.2029 0.3616
vn 0.7966 0.5912 0.1265
vn 0.3022 0.8867 0.3500
vn -0.2856 0.8502 0.4423
vn -0.9263 0.2730 0.2596
vn -0.8905 0.4122 0.1928
vn -0.8634 0.1080 -0.4928
vn -0.9013 -0.0635 -0.4286
vn -0.5907 0.8036 -0.0729
vn -0.6799 0.4690 -0.5637
vn 0.6347 -0.4356 0.6384
vn 0.8733 -0.0686 0.4823
vn 0.1544 -0.0869 0.9842
vn -0.3555 -0.3949 -0.8472
vn -0.3200 -0.1743 -0.9312
vn 0.4295 -0.2616 -0.8643
vn 0.3908 -0.5351 -0.7490
vn -0.1839 0.4168 -0.8902
vn 0.3961 0.2041 -0.8952
vn -0.4878 0.0889 0.8684
vn -0.9290 -0.0150 0.3698
vn 0.8956 -0.3970 -0.2006
vn 0.9388 -0.1070 -0.3274
vn 0.7288 0.4950 -0.4732
vn -0.9174 -0.3264 -0.2277
vn -0.4570 -0.6779 -0.5758
vn 0.0792 0.9215 -0.3802
vn -0.3388 -0.8281 0.4465
vn 0.1983 -0.8574 -0.4749
vn 0.6478 -0.7610 0.0345
vn 0.6997 -0.1407 0.7004
vn 0.7948 0.0561 0.6043
vn 0.2234 0.4823 0.8471
vn 0.1475 0.3335 0.9311
vn 0.9464 -0.3211 -0.0350
vn 0.9755 0.1216 -0.1834
vn 0.8068 0.5410 0.2378
vn 0.3515 0.7490 0.5616
vn -0.5116 0.5838 0.6305
vn -0.4345 0.7040 0.5618
vn -0.7949 0.6002 -0.0884
vn -0.8908 0.4537 -0.0227
vn -0.0856 0.9727 0.2158
vn -0.4892 0.8464 -0.2106
vn 0.4950 -0.8159 0.2988
vn 0.8194 -0.5681 0.0766
vn 0.4050 -0.3874 0.8282
vn -0.7642 0.0289 -0.6443
vn -0.6518 0.2236 -0.7246
vn -0.0781 -0.2024 -0.9762
vn -0.2096 -0.4489 -0.8686
vn -0.2297 0.6610 -0.7144
vn 0.1216 0.2205 -0.9678
vn -0.0546 0.0789 0.9954
vn -0.6234 0.3100 0.7178
vn 0.4438 -0.6913 -0.5703
vn 0.5833 -0.4298 -0.6892
vn 0.6738 0.2177 -0.7061
vn -0.9706 0.1850 0.1539
vn -0.8987 -0.2364 -0.3694
vn 0.4050 0.8513 -0.3335
vn -0.5419 -0.6716 0.5052
vn -0.4354 -0.7081 -0.5558
vn 0.1398 -0.9520 -0.2722
vn -0.9852 -0.1320 -0.1090
vn -0.9916 0.1044 -0.0765
vn -0.6419 0.2299 -0.7315
vn -0.6406 0.0462 -0.7665
vn -0.7666 0.0189 0.6419
vn -0.6715 0.4715 0.5717
vn -0.7518 0.6593 -0.0114
vn -0.5591 0.5998 -0.5724
vn 0.0856 0.1610 -0.9832
vn 0.0722 0.3146 -0.9465
vn 0.7366 0.3175 -0.5972
vn 0.7650 0.1356 -0.6295
vn 0.0124 0.7744 -0.6325
vn 0.5789 0.6722 -0.4615
vn -0.6331 -0.6713 0.3853
vn -0.7471 -0.2774 0.6040
vn -0.8398 -0.4855 -0.2429
vn 0.9964 -0.0060 0.0841
vn 0.9667 0.2289 0.1144
vn 0.6203 0.1071 0.7770
vn 0.6458 -0.1888 0.7398
vn 0.6512 0.7485 0.1253
vn 0.4844 0.5450 0.6843
vn -0.5333 -0.2651 -0.8033
vn 0.1052 -0.1468 -0.9836
vn -0.0738 -0.2976 0.9518
vn -0.0981 0.0180 0.9950
vn -0.1149 0.6309 0.7673
vn 0.7068 -0.1862 -0.6825
vn 0.9250 -0.3733 -0.0709
vn -0.0706 0.9946 0.0758
vn 0.0935 -0.9315 -0.3515
vn 0.6264 -0.5912 0.5080
vn -0.0216 -0.7210 0.6926
usemtl KayKit_Texture_A
s 1
f 240/1/1 172/2/2 216/3/3
f 199/4/4 248/5/5 224/6/6 86/7/7
f 157/8/8 72/9/9 18/10/10 75/11/11
f 53/12/12 157/8/8 75/11/11 7/13/13
f 44/14/14 54/15/15 158/16/16 150/17/17
f 54/15/15 38/18/18 55/19/19 158/16/16
f 158/16/16 55/19/19 39/20/20 142/21/21
f 150/17/17 158/16/16 142/21/21 48/22/22
f 48/22/22 142/21/21 159/23/23 149/24/24
f 142/21/21 39/20/20 56/25/25 159/23/23
f 159/23/23 56/25/25 3/26/26 139/27/27
f 149/24/24 159/23/23 139/27/27 45/28/28
f 7/13/13 75/11/11 160/29/29 52/30/30
f 75/11/11 18/10/10 74/31/31 160/29/29
f 160/29/29 74/31/31 10/32/32 58/33/33
f 52/30/30 160/29/29 58/33/33 2/34/34
f 6/35/35 106/36/36 161/37/37 118/38/38
f 106/36/36 29/39/39 117/40/40 161/37/37
f 161/37/37 117/40/40 37/41/41 114/42/42
f 118/38/38 161/37/37 114/42/42 34/43/43
f 13/44/44 64/45/45 162/46/46 105/47/47
f 64/45/45 5/48/48 78/49/49 162/46/46
f 162/46/46 78/49/49 26/50/50 101/51/51
f 105/47/47 162/46/46 101/51/51 30/52/52
f 45/28/28 139/27/27 163/53/53 156/54/54
f 3/26/26 77/55/55 163/53/53 139/27/27
f 23/56/56 156/54/54 163/53/53
f 5/48/48 59/57/57 164/58/58 78/49/49
f 59/57/57 11/59/59 79/60/60 164/58/58
f 164/58/58 79/60/60 27/61/61 97/62/62
f 78/49/49 164/58/58 97/62/62 26/50/50
f 5/48/48 64/45/45 165/63/63 66/64/64
f 64/45/45 13/44/44 80/65/65 165/63/63
f 165/63/63 80/65/65 19/66/66 83/67/67
f 66/64/64 165/63/63 83/67/67 14/68/68
f 46/69/69 140/70/70 166/71/71 148/72/72
f 140/70/70 6/35/35 67/73/73 166/71/71
f 166/71/71 67/73/73 40/74/74 143/75/75
f 148/72/72 166/71/71 143/75/75 49/76/76
f 49/76/76 143/75/75 167/77/77 147/78/78
f 143/75/75 40/74/74 68/79/79 167/77/77
f 167/77/77 68/79/79 41/80/80 141/81/81
f 147/78/78 167/77/77 141/81/81 47/82/82
f 14/68/68 83/67/67 168/83/83 65/84/84
f 83/67/67 19/66/66 82/85/85 168/83/83
f 230/86/86 252/87/87 199/4/4 134/88/88
f 218/89/89 236/90/90 169/91/91
f 176/92/92 90/93/93 221/94/94 239/95/95
f 246/96/96 198/97/97 84/98/98 228/99/99
f 169/91/91 84/98/98 42/100/100 87/101/101
f 222/102/102 87/101/101 172/2/2 240/1/1
f 16/103/103 124/104/104 170/105/105 125/106/106
f 124/104/104 4/107/107 70/108/108 170/105/105
f 170/105/105 70/108/108 17/109/109 85/110/110
f 125/106/106 170/105/105 85/110/110 20/111/111
f 20/111/111 85/110/110 171/112/112 126/113/113
f 85/110/110 17/109/109 71/114/114 171/112/112
f 171/112/112 71/114/114 1/115/115 121/116/116
f 126/113/113 171/112/112 121/116/116 8/117/117
f 90/93/93 175/118/118 242/119/119 221/94/94
f 87/101/101 42/100/100 86/7/7 172/2/2
f 234/120/120 225/121/121 72/9/9 157/8/8
f 175/118/118 65/84/84 219/122/122 242/119/119
f 2/34/34 60/123/123 173/124/124 52/30/30
f 60/123/123 11/59/59 88/125/125 173/124/124
f 173/124/124 88/125/125 21/126/125 91/127/126
f 52/30/30 173/124/124 91/127/126 7/13/13
f 11/59/59 59/57/57 174/128/127 88/125/125
f 59/57/57 5/48/48 66/64/64 174/128/127
f 174/128/127 66/64/64 14/68/68 89/129/128
f 88/125/125 174/128/127 89/129/128 21/126/125
f 21/126/125 89/129/128 175/118/118 90/93/93
f 89/129/128 14/68/68 65/84/84 175/118/118
f 243/130/129 218/89/89 169/91/91
f 172/2/2 86/7/7 224/6/6 233/131/130
f 7/13/13 91/127/126 176/92/92 53/12/12
f 91/127/126 21/126/125 90/93/93 176/92/92
f 243/130/129 169/91/91 87/101/101 222/102/102
f 215/132/131 234/120/120 157/8/8 53/12/12
f 6/35/35 62/133/132 177/134/133 67/73/73
f 62/133/132 12/135/134 92/136/135 177/134/133
f 177/134/133 92/136/135 43/137/136 95/138/137
f 67/73/73 177/134/133 95/138/137 40/74/74
f 12/135/134 61/139/138 178/140/139 92/136/135
f 61/139/138 3/26/26 56/25/25 178/140/139
f 178/140/139 56/25/25 39/20/20 93/141/140
f 92/136/135 178/140/139 93/141/140 43/137/136
f 22/142/141 127/143/142 179/144/143 94/145/144
f 127/143/142 9/146/145 122/147/146 179/144/143
f 179/144/143 122/147/146 1/115/115 71/114/114
f 94/145/144 179/144/143 71/114/114 17/109/109
f 15/148/147 128/149/148 180/150/149 123/151/150
f 128/149/148 22/142/141 94/145/144 180/150/149
f 180/150/149 94/145/144 17/109/109 70/108/108
f 123/151/150 180/150/149 70/108/108 4/107/107
f 25/152/151 96/153/152 181/154/153 98/155/154
f 96/153/152 24/156/155 102/157/156 181/154/153
f 181/154/153 102/157/156 31/158/157 104/159/158
f 98/155/154 181/154/153 104/159/158 27/61/61
f 24/156/155 156/54/54 144/160/159
f 156/54/54 24/156/155 214/161/160
f 23/56/56 144/160/159 156/54/54
f 24/156/155 144/160/159 182/162/161 102/157/156
f 144/160/159 23/56/56 99/163/162 182/162/161
f 182/162/161 99/163/162 28/164/163 146/165/164
f 102/157/156 182/162/161 146/165/164 31/158/157
f 27/61/61 104/159/158 183/166/165 97/62/62
f 104/159/158 31/158/157 103/167/166 183/166/165
f 183/166/165 103/167/166 30/52/52 101/51/51
f 97/62/62 183/166/165 101/51/51 26/50/50
f 11/59/59 60/123/123 184/168/167 79/60/60
f 60/123/123 2/34/34 108/169/168 184/168/167
f 184/168/167 108/169/168 25/152/151 98/155/154
f 79/60/60 184/168/167 98/155/154 27/61/61
f 2/34/34 58/33/33 185/170/169 108/169/168
f 58/33/33 10/32/32 76/171/170 185/170/169
f 185/170/169 76/171/170 24/156/155 96/153/152
f 108/169/168 185/170/169 96/153/152 25/152/151
f 46/69/69 63/172/171 186/173/172 155/174/173
f 13/44/44 105/47/47 186/173/172 63/172/171
f 30/52/52 155/174/173 186/173/172
f 28/164/163 99/163/162 187/175/174 116/176/175
f 99/163/162 23/56/56 107/177/176 187/175/174
f 187/175/174 107/177/176 35/178/177 112/179/178
f 116/176/175 187/175/174 112/179/178 36/180/179
f 33/181/180 110/182/181 188/183/182 115/184/183
f 110/182/181 34/43/43 114/42/42 188/183/182
f 188/183/182 114/42/42 37/41/41 113/185/184
f 115/184/185 188/183/182 113/185/184 36/180/179
f 32/186/186 109/187/187 189/188/188 111/189/189
f 109/187/187 33/181/180 115/184/183 189/188/188
f 189/188/188 115/184/185 36/180/179 112/179/178
f 111/189/189 189/188/188 112/179/178 35/178/177
f 12/135/134 62/133/132 190/190/190 119/191/191
f 62/133/132 6/35/35 118/38/38 190/190/190
f 190/190/190 118/38/38 34/43/43 110/182/181
f 119/191/191 190/190/190 110/182/181 33/181/180
f 29/39/39 100/192/192 191/193/193 117/40/40
f 100/192/192 28/164/163 116/176/175 191/193/193
f 191/193/193 116/176/175 36/180/179 113/185/184
f 117/40/40 191/193/193 113/185/184 37/41/41
f 23/56/56 77/55/55 192/194/194 107/177/176
f 77/55/55 3/26/26 120/195/195 192/194/194
f 192/194/194 120/195/195 32/186/186 111/189/189
f 107/177/176 192/194/194 111/189/189 35/178/177
f 3/26/26 61/139/138 193/196/196 120/195/195
f 61/139/138 12/135/134 119/191/191 193/196/196
f 193/196/196 119/191/191 33/181/180 109/187/187
f 120/195/195 193/196/196 109/187/187 32/186/186
f 8/117/117 121/116/116 194/197/197 137/198/198
f 1/115/115 130/199/199 194/197/197 121/116/116
f 38/18/18 137/198/198 194/197/197 130/199/199
f 1/115/115 122/147/146 195/200/200 130/199/199
f 122/147/146 9/146/145 131/201/201 195/200/200
f 195/200/200 131/201/201 39/20/20 55/19/19
f 130/199/199 195/200/200 55/19/19 38/18/18
f 15/148/147 123/151/150 196/202/202 132/203/203
f 123/151/150 4/107/107 133/204/204 196/202/202
f 196/202/202 133/204/204 41/80/80 68/79/79
f 132/203/203 196/202/202 68/79/79 40/74/74
f 254/205/205 198/97/97 246/96/96
f 168/83/83 82/85/85 227/206/206 237/207/207
f 47/82/82 154/208/208 197/209/209 69/210/210
f 50/211/211 153/212/212 210/213/213 249/214/214
f 152/215/215 208/216/216 251/217/217 231/218/218
f 198/97/97 134/88/88 42/100/100 84/98/98
f 245/219/219 227/206/206 197/209/209
f 209/220/220 152/215/215 231/218/218 255/221/221
f 208/216/216 129/222/222 50/211/211 251/217/217
f 225/121/121 138/223/223 207/224/224 72/9/9
f 134/88/88 199/4/4 86/7/7 42/100/100
f 9/146/145 127/143/142 200/225/225 131/201/201
f 127/143/142 22/142/141 135/226/226 200/225/225
f 200/225/225 135/226/226 43/137/136 93/141/140
f 131/201/201 200/225/225 93/141/140 39/20/20
f 22/142/141 128/149/148 201/227/227 135/226/226
f 128/149/148 15/148/147 132/203/203 201/227/227
f 201/227/227 132/203/203 40/74/74 95/138/137
f 135/226/226 201/227/227 95/138/137 43/137/136
f 4/107/107 124/104/104 202/228/228 133/204/204
f 16/103/103 136/229/229 202/228/228 124/104/104
f 41/80/80 133/204/204 202/228/228 136/229/229
f 50/211/211 129/222/222 203/230/230 153/212/212
f 129/222/222 8/117/117 137/198/198 203/230/230
f 203/230/230 137/198/198 38/18/18 54/15/15
f 153/212/212 203/230/230 54/15/15 44/14/14
f 19/66/66 81/231/231 204/232/232 82/85/85
f 81/231/231 49/76/76 147/78/78 204/232/232
f 204/232/232 147/78/78 47/82/82 69/210/210
f 236/90/90 228/99/99 84/98/98 169/91/91
f 13/44/44 63/172/171 205/233/233 80/65/65
f 63/172/171 46/69/69 148/72/72 205/233/233
f 205/233/233 148/72/72 49/76/76 81/231/231
f 80/65/65 205/233/233 81/231/231 19/66/66
f 18/10/10 73/234/234 206/235/235 74/31/31
f 73/234/234 48/22/22 149/24/24 206/235/235
f 206/235/235 149/24/24 45/28/28 57/236/236
f 74/31/31 206/235/235 57/236/236 10/32/32
f 225/121/121 249/214/214 210/213/213
f 138/223/223 44/14/14 150/17/17 207/224/224
f 207/224/224 150/17/17 48/22/22 73/234/234
f 72/9/9 207/224/224 73/234/234 18/10/10
f 20/111/111 126/113/113 208/216/216 152/215/215
f 126/113/113 8/117/117 129/222/222 208/216/216
f 151/237/237 209/220/220 255/221/221 51/238/238
f 51/238/238 255/221/221 245/219/219
f 16/103/103 125/106/106 209/220/220 151/237/237
f 125/106/106 20/111/111 152/215/215 209/220/220
f 254/205/205 230/86/86 134/88/88 198/97/97
f 138/223/223 225/121/121 210/213/213
f 199/4/4 252/87/87 248/5/5
f 44/14/14 138/223/223 210/213/213 153/212/212
f 16/103/103 151/237/237 211/239/239 136/229/229
f 151/237/237 51/238/238 154/208/208 211/239/239
f 211/239/239 154/208/208 47/82/82 141/81/81
f 136/229/229 211/239/239 141/81/81 41/80/80
f 6/35/35 140/70/70 212/240/240 106/36/36
f 46/69/69 155/174/173 212/240/240 140/70/70
f 29/39/39 106/36/36 212/240/240
f 31/158/157 146/165/164 213/241/241 103/167/166
f 146/165/164 28/164/163 100/192/192 213/241/241
f 213/241/241 100/192/192 29/39/39 145/242/242
f 103/167/166 213/241/241 145/242/242 30/52/52
f 10/32/32 57/236/236 214/161/160 76/171/170
f 45/28/28 156/54/54 214/161/160 57/236/236
f 24/156/155 76/171/170 214/161/160
f 30/52/52 145/242/242 155/174/173
f 29/39/39 155/174/173 145/242/242
f 227/206/206 69/210/210 197/209/209
f 82/85/85 204/232/232 69/210/210 227/206/206
f 251/217/217 50/211/211 249/214/214
f 51/238/238 245/219/219 197/209/209 154/208/208
f 65/84/84 168/83/83 237/207/207 219/122/122
f 172/2/2 233/131/130 216/3/3
f 216/3/3 233/131/130 235/243/243 217/244/244
f 217/245/245 235/246/246 234/120/120 215/132/131
f 233/131/130 224/6/6 226/247/247 235/243/243
f 235/246/246 226/248/248 225/121/121 234/120/120
f 228/99/99 236/90/90 238/249/249 229/250/250
f 229/251/251 238/252/252 237/207/207 227/206/206
f 236/90/90 218/89/89 220/253/253 238/249/249
f 238/252/252 220/254/254 219/122/122 237/207/207
f 215/132/131 239/95/95 241/255/255 217/245/245
f 217/244/244 241/256/256 240/1/1 216/3/3
f 239/95/95 221/94/94 223/257/257 241/255/255
f 241/256/256 223/258/258 222/102/102 240/1/1
f 221/94/94 242/119/119 244/259/259 223/257/257
f 223/258/258 244/260/260 243/130/129 222/102/102
f 242/119/119 219/122/122 220/254/254 244/259/259
f 244/260/260 220/253/253 218/89/89 243/130/129
f 246/96/96 228/99/99 229/250/250 247/261/261
f 247/262/262 229/251/251 227/206/206 245/219/219
f 224/6/6 248/5/5 250/263/263 226/247/247
f 226/248/248 250/264/264 249/214/214 225/121/121
f 252/87/87 230/86/86 232/265/265 253/266/266
f 253/267/267 232/268/268 231/218/218 251/217/217
f 230/86/86 254/205/205 256/269/269 232/265/265
f 232/268/268 256/270/270 255/221/221 231/218/218
f 251/217/217 249/214/214 250/264/264 253/267/267
f 253/266/266 250/263/263 248/5/5 252/87/87
f 254/205/205 246/96/96 247/261/261 256/269/269
f 256/270/270 247/262/262 245/219/219 255/221/221
f 53/12/12 176/92/92 239/95/95 215/132/131
f 257/271/271 268/272/272 298/273/273 267/274/274
f 268/272/272 261/275/275 282/276/276 298/273/273
f 274/277/277 275/278/278 308/279/279 307/280/280
f 282/276/276 283/281/281 301/282/282 298/273/273
f 261/275/275 269/283/283 299/284/284 282/276/276
f 269/283/283 258/285/285 270/286/286 299/284/284
f 299/284/284 300/287/287 283/281/281 282/276/276
f 298/273/273 301/282/282 266/288/288 267/274/274
f 300/287/289 303/289/290 284/290/291 283/281/292
f 283/281/292 284/290/291 302/291/293 301/282/282
f 301/282/282 302/291/293 314/292/294 266/288/288
f 285/293/295 296/294/296 318/295/297 304/296/298
f 304/296/298 318/295/297 274/277/277 307/280/280
f 286/297/299 288/298/300 306/299/301 305/300/302
f 287/301/303 294/302/304 314/292/294 302/291/293
f 273/303/305 315/304/306 305/300/302 306/299/301
f 305/300/302 315/304/306 294/302/304 287/301/303
f 272/305/307 316/306/308 315/304/306 273/303/305
f 288/298/309 289/307/310 309/308/311 306/299/301
f 304/296/298 307/280/280 288/298/300 286/297/299
f 307/280/280 308/279/279 289/307/310 288/298/312
f 306/299/301 309/308/311 272/305/307 273/303/305
f 308/279/279 275/278/278 260/309/313 276/310/314
f 289/307/310 308/279/279 276/310/314 262/311/315
f 309/308/311 289/307/310 262/311/315 277/312/316
f 272/305/307 309/308/311 277/312/316 259/313/317
f 259/313/317 277/312/316 310/314/318 279/315/319
f 277/312/316 262/311/315 290/316/320 310/314/318
f 310/314/318 290/316/320 265/317/321 293/318/322
f 279/315/319 310/314/318 293/318/322 263/319/323
f 262/311/315 276/310/314 311/320/324 290/316/320
f 276/310/314 260/309/313 280/321/325 311/320/324
f 311/320/324 280/321/325 264/322/326 291/323/327
f 290/316/320 311/320/324 291/323/327 265/317/321
f 265/317/321 291/323/327 312/324/328 292/325/329
f 291/323/327 264/322/326 281/326/330 312/324/328
f 312/324/328 281/326/330 258/285/285 269/283/283
f 292/325/329 312/324/328 269/283/283 261/275/275
f 263/319/323 293/318/322 313/327/331 278/328/332
f 293/318/322 265/317/321 292/325/329 313/327/331
f 313/327/331 292/325/329 261/275/275 268/272/272
f 278/328/332 313/327/331 268/272/272 257/271/271
f 303/289/290 300/287/289 271/329/333 319/330/334
f 270/286/286 320/331/335 319/330/334 271/329/333
f 294/302/304 295/332/336 317/333/337 314/292/294
f 315/304/306 316/306/308 295/332/336 294/302/304
f 314/292/294 317/333/337 267/274/274 266/288/288
f 316/306/308 272/305/307 259/313/317 279/315/319
f 295/332/336 316/306/308 279/315/319 263/319/323
f 317/333/337 295/332/336 263/319/323 278/328/332
f 267/274/274 317/333/337 278/328/332 257/271/271
f 296/294/296 297/334/338 321/335/339 318/295/297
f 303/289/290 319/330/334 296/294/296 285/293/295
f 319/330/334 320/331/335 297/334/338 296/294/296
f 318/295/297 321/335/339 275/278/278 274/277/277
f 320/331/335 270/286/286 258/285/285 281/326/330
f 297/334/338 320/331/335 281/326/330 264/322/326
f 321/335/339 297/334/338 264/322/326 280/321/325
f 275/278/278 321/335/339 280/321/325 260/309/313
f 270/286/286 271/329/333 300/287/287 299/284/284
f 322/336/340 332/337/341 363/338/342 333/339/343
f 333/339/343 363/338/342 347/340/344 326/341/345
f 339/342/346 372/343/347 373/344/348 340/345/349
f 347/340/344 363/338/342 366/346/350 348/347/351
f 326/341/345 347/340/344 364/348/352 334/349/353
f 334/349/353 364/348/352 335/350/354 323/351/355
f 364/348/352 347/340/344 348/347/351 365/352/356
f 363/338/342 332/337/341 331/353/357 366/346/350
f 365/352/358 348/347/359 349/354/360 368/355/361
f 348/347/359 366/346/350 367/356/362 349/354/360
f 366/346/350 331/353/357 379/357/363 367/356/362
f 350/358/364 369/359/365 383/360/366 361/361/367
f 369/359/365 372/343/347 339/342/346 383/360/366
f 351/362/368 370/363/369 371/364/370 353/365/371
f 352/366/372 367/356/362 379/357/363 359/367/373
f 338/368/374 371/364/370 370/363/369 380/369/375
f 370/363/369 352/366/372 359/367/373 380/369/375
f 337/370/376 338/368/374 380/369/375 381/371/377
f 353/365/378 371/364/370 374/372/379 354/373/380
f 369/359/365 351/362/368 353/365/371 372/343/347
f 372/343/347 353/365/381 354/373/380 373/344/348
f 371/364/370 338/368/374 337/370/376 374/372/379
f 373/344/348 341/374/382 325/375/383 340/345/349
f 354/373/380 327/376/384 341/374/382 373/344/348
f 374/372/379 342/377/385 327/376/384 354/373/380
f 337/370/376 324/378/386 342/377/385 374/372/379
f 324/378/386 344/379/387 375/380/388 342/377/385
f 342/377/385 375/380/388 355/381/389 327/376/384
f 375/380/388 358/382/390 330/383/391 355/381/389
f 344/379/387 328/384/392 358/382/390 375/380/388
f 327/376/384 355/381/389 376/385/393 341/374/382
f 341/374/382 376/385/393 345/386/394 325/375/383
f 376/385/393 356/387/395 329/388/396 345/386/394
f 355/381/389 330/383/391 356/387/395 376/385/393
f 330/383/391 357/389/397 377/390/398 356/387/395
f 356/387/395 377/390/398 346/391/399 329/388/396
f 377/390/398 334/349/353 323/351/355 346/391/399
f 357/389/397 326/341/345 334/349/353 377/390/398
f 328/384/392 343/392/400 378/393/401 358/382/390
f 358/382/390 378/393/401 357/389/397 330/383/391
f 378/393/401 333/339/343 326/341/345 357/389/397
f 343/392/400 322/336/340 333/339/343 378/393/401
f 368/355/361 384/394/402 336/395/403 365/352/358
f 335/350/354 336/395/403 384/394/402 385/396/404
f 359/367/373 379/357/363 382/397/405 360/398/406
f 380/369/375 359/367/373 360/398/406 381/371/377
f 379/357/363 331/353/357 332/337/341 382/397/405
f 381/371/377 344/379/387 324/378/386 337/370/376
f 360/398/406 328/384/392 344/379/387 381/371/377
f 382/397/405 343/392/400 328/384/392 360/398/406
f 332/337/341 322/336/340 343/392/400 382/397/405
f 361/361/367 383/360/366 386/399/407 362/400/408
f 368/355/361 350/358/364 361/361/367 384/394/402
f 384/394/402 361/361/367 362/400/408 385/396/404
f 383/360/366 339/342/346 340/345/349 386/399/407
f 385/396/404 346/391/399 323/351/355 335/350/354
f 362/400/408 329/388/396 346/391/399 385/396/404
f 386/399/407 345/386/394 329/388/396 362/400/408
f 340/345/349 325/375/383 345/386/394 386/399/407
f 335/350/354 364/348/352 365/352/356 336/395/403
f 403/401/409 396/402/410 400/403/411 387/404/412
f 416/405/413 420/406/414 418/407/415 419/408/416
f 388/409/417 402/410/418 396/402/410 403/401/409
f 397/411/419 389/412/420 393/413/421 400/403/411
f 393/413/421 389/412/420 391/414/422 390/415/423
f 408/416/424 412/417/425 411/418/426 410/419/427
f 394/420/428 390/415/423 391/414/422 392/421/429
f 401/422/430 397/411/419 398/423/431 399/424/432
f 395/425/433 392/421/429 391/414/422 389/412/420
f 402/410/418 399/424/432 398/423/431 396/402/410
f 409/426/434 415/427/435 395/425/433 401/422/430
f 422/428/436 425/429/437 416/405/413 408/416/424
f 424/430/438 404/431/439 394/420/428 414/432/440
f 394/420/428 404/431/439 406/433/441 390/415/423
f 415/427/435 419/408/416 418/407/415 417/434/442
f 414/432/440 417/434/442 418/407/415 420/406/414
f 401/422/430 395/425/433 389/412/420 397/411/419
f 407/435/443 410/419/427 411/418/426 413/436/444
f 409/426/434 413/436/444 411/418/426 412/417/425
f 400/403/411 393/413/421 405/437/445 387/404/412
f 400/403/411 396/402/410 398/423/431 397/411/419
f 390/415/423 406/433/441 405/437/445 393/413/421
f 407/435/443 421/438/446 423/439/447 410/419/427
f 410/419/427 423/439/447 422/428/436 408/416/424
f 424/430/438 414/432/440 420/406/414 426/440/448
f 426/440/448 420/406/414 416/405/413 425/429/437
f 415/427/435 409/426/434 412/417/425 419/408/416
f 419/408/416 412/417/425 408/416/424 416/405/413
f 402/410/418 407/435/443 413/436/444 399/424/432
f 399/424/432 413/436/444 409/426/434 401/422/430
f 414/432/440 394/420/428 392/421/429 417/434/442
f 417/434/442 392/421/429 395/425/433 415/427/435
f 388/409/417 421/438/446 407/435/443 402/410/418
f 443/441/449 427/442/450 440/443/451 436/444/452
f 456/445/453 459/446/454 458/447/455 460/448/456
f 428/449/457 443/441/449 436/444/452 442/450/458
f 437/451/459 440/443/451 433/452/460 429/453/461
f 433/452/460 430/454/462 431/455/463 429/453/461
f 448/456/464 450/457/465 451/458/466 452/459/467
f 434/460/468 432/461/469 431/455/463 430/454/462
f 441/462/470 439/463/471 438/464/472 437/451/459
f 435/465/473 429/453/461 431/455/463 432/461/469
f 442/450/458 436/444/452 438/464/472 439/463/471
f 449/466/474 441/462/470 435/465/473 455/467/475
f 462/468/476 448/456/464 456/445/453 465/469/477
f 464/470/478 454/471/479 434/460/468 444/472/480
f 434/460/468 430/454/462 446/473/481 444/472/480
f 455/467/475 457/474/482 458/447/455 459/446/454
f 454/471/479 460/448/456 458/447/455 457/474/482
f 441/462/470 437/451/459 429/453/461 435/465/473
f 447/475/483 453/476/484 451/458/466 450/457/465
f 449/466/474 452/459/467 451/458/466 453/476/484
f 440/443/451 427/442/450 445/477/485 433/452/460
f 440/443/451 437/451/459 438/464/472 436/444/452
f 430/454/462 433/452/460 445/477/485 446/473/481
f 447/475/483 450/457/465 463/478/486 461/479/487
f 450/457/465 448/456/464 462/468/476 463/478/486
f 464/470/478 466/480/488 460/448/456 454/471/479
f 466/480/488 465/469/477 456/445/453 460/448/456
f 455/467/475 459/446/454 452/459/467 449/466/474
f 459/446/454 456/445/453 448/456/464 452/459/467
f 442/450/458 439/463/471 453/476/484 447/475/483
f 439/463/471 441/462/470 449/466/474 453/476/484
f 454/471/479 457/474/482 432/461/469 434/460/468
f 457/474/482 455/467/475 435/465/473 432/461/469
f 428/449/457 442/450/458 447/475/483 461/479/487
f 520/481/489 498/482/490 530/483/491 537/484/492
f 489/485/493 536/486/494 525/487/495 513/488/496
f 525/487/495 490/489/497 474/490/498 491/491/499
f 513/488/496 525/487/495 491/491/499 473/492/500
f 559/493/501 524/494/502 502/495/503 550/496/504
f 548/497/505 551/498/506 517/499/507 484/500/508
f 536/486/494 514/501/509 490/489/497 525/487/495
f 493/502/510 535/503/511 526/504/512 515/505/513
f 526/504/512 494/506/514 468/507/515
f 515/505/513 526/504/512 487/508/516 467/509/517
f 551/498/506 508/510/518 518/511/519 558/512/520
f 535/503/511 516/513/521 494/506/514 526/504/512
f 541/514/522 470/515/523 504/516/524 553/517/525
f 552/518/526 496/519/527 475/520/528 543/521/529
f 550/496/504 502/495/503 481/522/530 546/523/531
f 519/524/532 540/525/533 527/526/534 497/527/535
f 527/526/534 522/528/536 475/520/528 496/519/527
f 497/527/535 527/526/534 496/519/527 478/529/537
f 540/525/533 500/530/538 522/528/536 527/526/534
f 521/531/539 539/532/540 528/533/541 499/534/542
f 528/533/541 520/481/489 477/535/543 495/536/544
f 499/534/542 528/533/541 495/536/544 476/537/545
f 553/517/525 504/516/524 480/538/546 545/539/547
f 544/540/548 554/541/549 505/542/550 478/529/537
f 538/543/551 529/544/552 502/495/503 524/494/502
f 497/527/535 478/529/537 505/542/550 529/544/552
f 529/544/552 505/542/550 481/522/530 502/495/503
f 539/532/540 498/482/490 520/481/489 528/533/541
f 554/541/549 506/545/553 482/546/554 546/523/531
f 541/514/555 555/547/556 510/548/557 470/515/523
f 537/484/492 530/483/491 501/549/558 523/550/559
f 498/482/490 468/507/515 503/551/560 530/483/491
f 530/483/491 503/551/560 479/552/561 501/549/558
f 519/524/532 497/527/535 529/544/552 538/543/551
f 534/553/562 531/554/563 517/499/507 507/555/564
f 514/501/509 470/515/523 510/548/557 531/554/563
f 531/554/563 510/548/557 484/500/508 517/499/507
f 544/540/548 478/529/537 496/519/527 552/518/526
f 555/547/556 511/556/565 485/557/566 548/497/505
f 542/558/567 556/559/568 512/560/569 472/561/570
f 533/562/571 532/563/572 518/511/519 508/510/518
f 516/513/521 472/561/570 512/560/569 532/563/572
f 532/563/572 512/560/569 486/564/573 518/511/519
f 490/489/497 514/501/509 531/554/563 534/553/562
f 556/559/568 509/565/574 483/566/575 547/567/576
f 542/558/567 472/561/570 492/568/577 557/569/578
f 558/512/520 518/511/519 486/564/573 547/567/576
f 557/569/578 492/568/577 471/570/579 549/571/580
f 468/507/515 494/506/514 533/562/571 511/556/565
f 511/556/565 533/562/571 508/510/518 485/557/566
f 474/490/498 490/489/497 534/553/562 509/565/574
f 509/565/574 534/553/562 507/555/564 483/566/575
f 545/539/547 480/538/546 524/494/502 559/493/501
f 471/570/579 492/568/577 535/503/511 493/502/510
f 492/568/577 472/561/570 516/513/521 535/503/511
f 469/572/581 488/573/582 536/486/494 489/485/493
f 470/515/523 514/501/509 536/486/494
f 477/535/543 520/481/489 537/484/492 506/545/553
f 506/545/553 537/484/492 523/550/559 482/546/554
f 470/515/523 519/524/532 538/543/551 504/516/524
f 504/516/524 538/543/551 524/494/502 480/538/546
f 467/509/517 487/508/516 539/532/540 521/531/539
f 487/508/516 468/507/515 498/482/490
f 488/573/582 540/525/533 519/524/532
f 488/573/582 469/572/581 500/530/538 540/525/533
f 494/506/514 516/513/521 532/563/572 533/562/571
f 479/552/561 545/539/547 559/493/501 501/549/558
f 491/491/499 557/569/578 549/571/580 473/492/500
f 507/555/564 558/512/520 547/567/576 483/566/575
f 474/490/498 542/558/567 557/569/578 491/491/499
f 512/560/569 556/559/568 547/567/576 486/564/573
f 474/490/498 509/565/574 556/559/568 542/558/567
f 510/548/557 555/547/556 548/497/505 484/500/508
f 477/535/543 544/540/548 552/518/526 495/536/544
f 468/507/515 511/556/565 555/547/556 541/514/555
f 505/542/550 554/541/549 546/523/531 481/522/530
f 477/535/543 506/545/553 554/541/549 544/540/548
f 503/551/560 553/517/525 545/539/547 479/552/561
f 523/550/559 550/496/504 546/523/531 482/546/554
f 495/536/544 552/518/526 543/521/529 476/537/545
f 468/507/515 541/514/522 553/517/525 503/551/560
f 517/499/507 551/498/506 558/512/520 507/555/564
f 485/557/566 508/510/518 551/498/506 548/497/505
f 501/549/558 559/493/501 550/496/504 523/550/559
f 487/508/516 526/504/512 468/507/515
f 539/532/540 487/508/516 498/482/490
f 488/573/582 470/515/523 536/486/494
f 470/515/523 488/573/582 519/524/532
f 632/574/583 625/575/584 583/576/585 598/577/586
f 633/578/587 592/579/588 584/580/589 627/581/590
f 621/582/591 632/574/583 598/577/586 577/583/592
f 573/584/593 561/585/594 574/586/595 591/587/596
f 591/587/596 574/586/595 565/588/597 582/589/598
f 572/590/599 630/591/600 623/592/601 564/593/602
f 629/594/603 591/587/596 582/589/598 624/595/604
f 621/582/591 577/583/592 592/579/588 633/578/587
f 579/596/605 634/597/606 628/598/607 568/599/608
f 575/600/609 631/601/610 622/602/611 562/603/612
f 577/583/592 563/604/613 580/605/614 592/579/588
f 592/579/588 580/605/614 569/606/615 584/580/589
f 627/581/590 584/580/589 593/607/616 636/608/617
f 568/599/608 628/598/607 635/609/618 578/610/619
f 584/580/589 569/606/615 581/611/620 593/607/616
f 593/607/616 581/611/620 561/585/594 573/584/593
f 578/610/619 635/609/618 619/612/621 560/613/622
f 620/614/623 573/584/593 591/587/596 629/594/603
f 570/615/624 585/616/625 594/617/626 586/618/627
f 585/616/625 566/619/628 575/600/609 594/617/626
f 594/617/626 575/600/609 562/603/612 579/596/605
f 586/618/627 594/617/626 579/596/605 568/599/608
f 564/593/602 587/620/629 595/621/630 572/590/599
f 587/620/629 570/615/624 586/618/627 595/621/630
f 595/621/630 586/618/627 568/599/608 578/610/619
f 572/590/599 595/621/630 578/610/619 560/613/622
f 571/622/631 588/623/632 596/624/633 589/625/634
f 588/623/632 565/588/597 574/586/595 596/624/633
f 596/624/633 574/586/595 561/585/594 581/611/620
f 589/625/634 596/624/633 581/611/620 569/606/615
f 567/626/635 590/627/636 597/628/637 576/629/638
f 590/627/636 571/622/631 589/625/634 597/628/637
f 597/628/637 589/625/634 569/606/615 580/605/614
f 576/629/638 597/628/637 580/605/614 563/604/613
f 622/602/611 634/597/606 579/596/605 562/603/612
f 566/619/628 626/630/639 631/601/610 575/600/609
f 598/577/586 583/576/585 567/626/635 576/629/638
f 577/583/592 598/577/586 576/629/638 563/604/613
f 636/608/617 593/607/616 573/584/593 620/614/623
f 77/55/55 23/56/56 163/53/53
f 155/174/173 29/39/39 212/240/240
f 105/47/47 30/52/52 186/173/172
f 606/631/640 610/632/641 617/633/641 604/634/640
f 605/635/642 606/631/643 604/634/644 603/636/645
f 601/637/646 607/638/647 614/639/647 599/640/646
f 603/636/645 604/634/644 617/633/648 613/641/649
f 611/642/650 602/643/651 600/644/651 616/645/650
f 608/646/652 610/632/653 606/631/643 605/635/642
f 614/639/654 616/645/655 600/644/656 599/640/656
f 608/646/657 605/635/658 603/636/658 613/641/657
f 611/642/650 616/645/650 618/647/659 612/648/659
f 612/648/659 618/647/659 617/633/641 610/632/641
f 608/646/657 613/641/657 615/649/660 609/650/660
f 609/650/660 615/649/660 614/639/647 607/638/647
f 616/645/655 614/639/654 615/649/661 618/647/662
f 618/647/662 615/649/661 613/641/649 617/633/648
f 610/632/653 608/646/652 609/650/663 612/648/664
f 612/648/664 609/650/663 607/638/665 611/642/666
f 601/637/667 602/643/667 611/642/666 607/638/665
f 620/614/623 629/594/603 630/591/600 619/612/621
f 629/594/603 624/595/604 623/592/601 630/591/600
f 622/602/611 631/601/610 632/574/583 621/582/591
f 631/601/610 626/630/639 625/575/584 632/574/583
f 621/582/591 633/578/587 634/597/606 622/602/611
f 633/578/587 627/581/590 628/598/607 634/597/606
f 619/612/621 635/609/618 636/608/617 620/614/623
f 635/609/618 628/598/607 627/581/590 636/608/617
f 560/613/622 619/612/621 630/591/600 572/590/599
f 670/651/668 658/652/669 652/653/670 653/654/671
f 642/655/672 637/656/673 643/657/674 658/652/669
f 658/652/669 643/657/674 638/658/675 652/653/670
f 668/659/676 659/660/677 654/661/678 655/662/679
f 652/653/670 638/658/675 645/663/680 659/660/677
f 659/660/677 645/663/680 641/664/681 654/661/678
f 650/665/682 651/666/683 670/651/668 669/667/684
f 666/668/685 660/669/686 656/670/687 657/671/688
f 654/661/678 641/664/681 647/672/689 660/669/686
f 660/669/686 647/672/689 640/673/690 656/670/687
f 644/674/691 653/654/671 668/659/676 667/675/692
f 664/676/693 661/677/694 642/655/672 651/666/683
f 656/670/687 640/673/690 649/678/695 661/677/694
f 661/677/694 649/678/695 637/656/673 642/655/672
f 646/679/696 655/662/679 666/668/685 665/680/697
f 641/664/681 645/663/680 662/681/698 647/672/689
f 645/663/680 638/658/675 643/657/674 662/681/698
f 662/681/698 643/657/674 637/656/673 649/678/695
f 647/672/689 662/681/698 649/678/695 640/673/690
f 639/682/699 648/683/700 663/684/701
f 663/684/701 664/676/693 651/666/683 650/665/682
f 657/671/688 656/670/687 661/677/694 664/676/693
f 639/685/699 663/684/701 650/665/682
f 639/686/699 646/679/696 665/680/697
f 665/680/697 666/668/685 657/671/688 648/683/700
f 655/662/679 654/661/678 660/669/686 666/668/685
f 639/687/699 665/680/697 648/683/700
f 639/688/699 644/674/691 667/675/692
f 667/675/692 668/659/676 655/662/679 646/679/696
f 653/654/671 652/653/670 659/660/677 668/659/676
f 639/689/699 667/675/692 646/679/696
f 639/690/699 650/665/682 669/667/684
f 669/667/684 670/651/668 653/654/671 644/674/691
f 651/666/683 642/655/672 658/652/669 670/651/668
f 639/691/699 669/667/684 644/674/691
f 648/683/700 657/671/688 664/676/693 663/684/701
f 704/692/702 692/693/703 686/694/704 687/695/705
f 676/696/706 671/697/707 677/698/708 692/693/703
f 692/693/703 677/698/708 672/699/709 686/694/704
f 702/700/710 693/701/711 688/702/712 689/703/713
f 686/694/704 672/699/709 679/704/714 693/701/711
f 693/701/711 679/704/714 675/705/715 688/702/712
f 684/706/716 685/707/717 704/692/702 703/708/718
f 700/709/719 694/710/720 690/711/721 691/712/722
f 688/702/712 675/705/715 681/713/723 694/710/720
f 694/710/720 681/713/723 674/714/724 690/711/721
f 678/715/725 687/695/705 702/700/710 701/716/726
f 698/717/727 695/718/728 676/696/706 685/707/717
f 690/711/721 674/714/724 683/719/729 695/718/728
f 695/718/728 683/719/729 671/697/707 676/696/706
f 680/720/730 689/703/713 700/709/719 699/721/731
f 675/705/715 679/704/714 696/722/732 681/713/723
f 679/704/714 672/699/709 677/698/708 696/722/732
f 696/722/732 677/698/708 671/697/707 683/719/729
f 681/713/723 696/722/732 683/719/729 674/714/724
f 673/723/733 682/724/734 697/725/735
f 697/725/735 698/717/727 685/707/717 684/706/716
f 691/712/722 690/711/721 695/718/728 698/717/727
f 673/726/733 697/725/735 684/706/716
f 673/727/733 680/720/730 699/721/731
f 699/721/731 700/709/719 691/712/722 682/724/734
f 689/703/713 688/702/712 694/710/720 700/709/719
f 673/728/733 699/721/731 682/724/734
f 673/729/733 678/715/725 701/716/726
f 701/716/726 702/700/710 689/703/713 680/720/730
f 687/695/705 686/694/704 693/701/711 702/700/710
f 673/730/733 701/716/726 680/720/730
f 673/731/733 684/706/716 703/708/718
f 703/708/718 704/692/702 687/695/705 678/715/725
f 685/707/717 676/696/706 692/693/703 704/692/702
f 673/732/733 703/708/718 678/715/725
f 682/724/734 691/712/722 698/717/727 697/725/735
f 738/733/736 726/734/737 720/735/738 721/736/739
f 710/737/740 705/738/741 711/739/742 726/734/737
f 726/734/737 711/739/742 706/740/743 720/735/738
f 736/741/744 727/742/745 722/743/746 723/744/747
f 720/735/738 706/740/743 713/745/748 727/742/745
f 727/742/745 713/745/748 709/746/749 722/743/746
f 718/747/750 719/748/751 738/733/736 737/749/752
f 734/750/753 728/751/754 724/752/755 725/753/756
f 722/743/746 709/746/749 715/754/757 728/751/754
f 728/751/754 715/754/757 708/755/758 724/752/755
f 712/756/759 721/736/739 736/741/744 735/757/760
f 732/758/761 729/759/762 710/737/740 719/748/751
f 724/752/755 708/755/758 717/760/763 729/759/762
f 729/759/762 717/760/763 705/738/741 710/737/740
f 714/761/764 723/744/747 734/750/753 733/762/765
f 709/746/749 713/745/748 730/763/766 715/754/757
f 713/745/748 706/740/743 711/739/742 730/763/766
f 730/763/766 711/739/742 705/738/741 717/760/763
f 715/754/757 730/763/766 717/760/763 708/755/758
f 707/764/767 716/765/768 731/766/769
f 731/766/769 732/758/761 719/748/751 718/747/750
f 725/753/756 724/752/755 729/759/762 732/758/761
f 707/767/767 731/766/769 718/747/750
f 707/768/767 714/761/764 733/762/765
f 733/762/765 734/750/753 725/753/756 716/765/768
f 723/744/747 722/743/746 728/751/754 734/750/753
f 707/769/767 733/762/765 716/765/768
f 707/770/767 712/756/759 735/757/760
f 735/757/760 736/741/744 723/744/747 714/761/764
f 721/736/739 720/735/738 727/742/745 736/741/744
f 707/771/767 735/757/760 714/761/764
f 707/772/767 718/747/750 737/749/752
f 737/749/752 738/733/736 721/736/739 712/756/759
f 719/748/751 710/737/740 726/734/737 738/733/736
f 707/773/767 737/749/752 712/756/759
f 716/765/768 725/753/756 732/758/761 731/766/769
f 772/774/770 760/775/771 754/776/772 755/777/773
f 744/778/774 739/779/775 745/780/776 760/775/771
f 760/775/771 745/780/776 740/781/777 754/776/772
f 770/782/778 761/783/779 756/784/780 757/785/781
f 754/776/772 740/781/777 747/786/782 761/783/779
f 761/783/779 747/786/782 743/787/783 756/784/780
f 752/788/784 753/789/785 772/774/770 771/790/786
f 768/791/787 762/792/788 758/793/789 759/794/790
f 756/784/780 743/787/783 749/795/791 762/792/788
f 762/792/788 749/795/791 742/796/792 758/793/789
f 746/797/793 755/777/773 770/782/778 769/798/794
f 766/799/795 763/800/796 744/778/774 753/789/785
f 758/793/789 742/796/792 751/801/797 763/800/796
f 763/800/796 751/801/797 739/779/775 744/778/774
f 748/802/798 757/785/781 768/791/787 767/803/799
f 743/787/783 747/786/782 764/804/800 749/795/791
f 747/786/782 740/781/777 745/780/776 764/804/800
f 764/804/800 745/780/776 739/779/775 751/801/797
f 749/795/791 764/804/800 751/801/797 742/796/792
f 741/805/801 750/806/802 765/807/803
f 765/807/803 766/799/795 753/789/785 752/788/784
f 759/794/790 758/793/789 763/800/796 766/799/795
f 741/808/801 765/807/803 752/788/784
f 741/809/801 748/802/798 767/803/799
f 767/803/799 768/791/787 759/794/790 750/806/802
f 757/785/781 756/784/780 762/792/788 768/791/787
f 741/810/801 767/803/799 750/806/802
f 741/811/801 746/797/793 769/798/794
f 769/798/794 770/782/778 757/785/781 748/802/798
f 755/777/773 754/776/772 761/783/779 770/782/778
f 741/812/801 769/798/794 748/802/798
f 741/813/801 752/788/784 771/790/786
f 771/790/786 772/774/770 755/777/773 746/797/793
f 753/789/785 744/778/774 760/775/771 772/774/770
f 741/814/801 771/790/786 746/797/793
f 750/806/802 759/794/790 766/799/795 765/807/803
f 806/815/804 794/816/805 788/817/806 789/818/807
f 778/819/808 773/820/809 779/821/810 794/816/805
f 794/816/805 779/821/810 774/822/811 788/817/806
f 804/823/812 795/824/813 790/825/814 791/826/815
f 788/817/806 774/822/811 781/827/816 795/824/813
f 795/824/813 781/827/816 777/828/817 790/825/814
f 786/829/818 787/830/819 806/815/804 805/831/820
f 802/832/821 796/833/822 792/834/823 793/835/824
f 790/825/814 777/828/817 783/836/825 796/833/822
f 796/833/822 783/836/825 776/837/826 792/834/823
f 780/838/827 789/818/807 804/823/812 803/839/828
f 800/840/829 797/841/830 778/819/808 787/830/819
f 792/834/823 776/837/826 785/842/831 797/841/830
f 797/841/830 785/842/831 773/820/809 778/819/808
f 782/843/832 791/826/815 802/832/821 801/844/833
f 777/828/817 781/827/816 798/845/834 783/836/825
f 781/827/816 774/822/811 779/821/810 798/845/834
f 798/845/834 779/821/810 773/820/809 785/842/831
f 783/836/825 798/845/834 785/842/831 776/837/826
f 775/846/835 784/847/836 799/848/837
f 799/848/837 800/840/829 787/830/819 786/829/818
f 793/835/824 792/834/823 797/841/830 800/840/829
f 775/849/835 799/848/837 786/829/818
f 775/850/835 782/843/832 801/844/833
f 801/844/833 802/832/821 793/835/824 784/847/836
f 791/826/815 790/825/814 796/833/822 802/832/821
f 775/851/835 801/844/833 784/847/836
f 775/852/835 780/838/827 803/839/828
f 803/839/828 804/823/812 791/826/815 782/843/832
f 789/818/807 788/817/806 795/824/813 804/823/812
f 775/853/835 803/839/828 782/843/832
f 775/854/835 786/829/818 805/831/820
f 805/831/820 806/815/804 789/818/807 780/838/827
f 787/830/819 778/819/808 794/816/805 806/815/804
f 775/855/835 805/831/820 780/838/827
f 784/847/836 793/835/824 800/840/829 799/848/837
f 840/856/838 828/857/839 822/858/840 823/859/841
f 812/860/842 807/861/843 813/862/844 828/857/839
f 828/857/839 813/862/844 808/863/845 822/858/840
f 838/864/846 829/865/847 824/866/848 825/867/849
f 822/858/840 808/863/845 815/868/850 829/865/847
f 829/865/847 815/868/850 811/869/851 824/866/848
f 820/870/852 821/871/853 840/856/838 839/872/854
f 836/873/855 830/874/856 826/875/857 827/876/858
f 824/866/848 811/869/851 817/877/859 830/874/856
f 830/874/856 817/877/859 810/878/860 826/875/857
f 814/879/861 823/859/841 838/864/846 837/880/862
f 834/881/863 831/882/864 812/860/842 821/871/853
f 826/875/857 810/878/860 819/883/865 831/882/864
f 831/882/864 819/883/865 807/861/843 812/860/842
f 816/884/866 825/867/849 836/873/855 835/885/867
f 811/869/851 815/868/850 832/886/868 817/877/859
f 815/868/850 808/863/845 813/862/844 832/886/868
f 832/886/868 813/862/844 807/861/843 819/883/865
f 817/877/859 832/886/868 819/883/865 810/878/860
f 809/887/869 818/888/870 833/889/871
f 833/889/871 834/881/863 821/871/853 820/870/852
f 827/876/858 826/875/857 831/882/864 834/881/863
f 809/890/869 833/889/871 820/870/852
f 809/891/869 816/884/866 835/885/867
f 835/885/867 836/873/855 827/876/858 818/888/870
f 825/867/849 824/866/848 830/874/856 836/873/855
f 809/892/869 835/885/867 818/888/870
f 809/893/869 814/879/861 837/880/862
f 837/880/862 838/864/846 825/867/849 816/884/866
f 823/859/841 822/858/840 829/865/847 838/864/846
f 809/894/869 837/880/862 816/884/866
f 809/895/869 820/870/852 839/872/854
f 839/872/854 840/856/838 823/859/841 814/879/861
f 821/871/853 812/860/842 828/857/839 840/856/838
f 809/896/869 839/872/854 814/879/861
f 818/888/870 827/876/858 834/881/863 833/889/871
f 874/897/872 862/898/873 856/899/874 857/900/875
f 846/901/876 841/902/877 847/903/878 862/898/873
f 862/898/873 847/903/878 842/904/879 856/899/874
f 872/905/880 863/906/881 858/907/882 859/908/883
f 856/899/874 842/904/879 849/909/884 863/906/881
f 863/906/881 849/909/884 845/910/885 858/907/882
f 854/911/886 855/912/887 874/897/872 873/913/888
f 870/914/889 864/915/890 860/916/891 861/917/892
f 858/907/882 845/910/885 851/918/893 864/915/890
f 864/915/890 851/918/893 844/919/894 860/916/891
f 848/920/895 857/900/875 872/905/880 871/921/896
f 868/922/897 865/923/898 846/901/876 855/912/887
f 860/916/891 844/919/894 853/924/899 865/923/898
f 865/923/898 853/924/899 841/902/877 846/901/876
f 850/925/900 859/908/883 870/914/889 869/926/901
f 845/910/885 849/909/884 866/927/902 851/918/893
f 849/909/884 842/904/879 847/903/878 866/927/902
f 866/927/902 847/903/878 841/902/877 853/924/899
f 851/918/893 866/927/902 853/924/899 844/919/894
f 843/928/903 852/929/904 867/930/905
f 867/930/905 868/922/897 855/912/887 854/911/886
f 861/917/892 860/916/891 865/923/898 868/922/897
f 843/931/903 867/930/905 854/911/886
f 843/932/903 850/925/900 869/926/901
f 869/926/901 870/914/889 861/917/892 852/929/904
f 859/908/883 858/907/882 864/915/890 870/914/889
f 843/933/903 869/926/901 852/929/904
f 843/934/903 848/920/895 871/921/896
f 871/921/896 872/905/880 859/908/883 850/925/900
f 857/900/875 856/899/874 863/906/881 872/905/880
f 843/935/903 871/921/896 850/925/900
f 843/936/903 854/911/886 873/913/888
f 873/913/888 874/897/872 857/900/875 848/920/895
f 855/912/887 846/901/876 862/898/873 874/897/872
f 843/937/903 873/913/888 848/920/895
f 852/929/904 861/917/892 868/922/897 867/930/905
f 908/938/906 896/939/907 890/940/908 891/941/909
f 880/942/910 875/943/911 881/944/912 896/939/907
f 896/939/907 881/944/912 876/945/913 890/940/908
f 906/946/914 897/947/915 892/948/916 893/949/917
f 890/940/908 876/945/913 883/950/918 897/947/915
f 897/947/915 883/950/918 879/951/919 892/948/916
f 888/952/920 889/953/921 908/938/906 907/954/922
f 904/955/923 898/956/924 894/957/925 895/958/926
f 892/948/916 879/951/919 885/959/927 898/956/924
f 898/956/924 885/959/927 878/960/928 894/957/925
f 882/961/929 891/941/909 906/946/914 905/962/930
f 902/963/931 899/964/932 880/942/910 889/953/921
f 894/957/925 878/960/928 887/965/933 899/964/932
f 899/964/932 887/965/933 875/943/911 880/942/910
f 884/966/934 893/949/917 904/955/923 903/967/935
f 879/951/919 883/950/918 900/968/936 885/959/927
f 883/950/918 876/945/913 881/944/912 900/968/936
f 900/968/936 881/944/912 875/943/911 887/965/933
f 885/959/927 900/968/936 887/965/933 878/960/928
f 877/969/937 886/970/938 901/971/939
f 901/971/939 902/963/931 889/953/921 888/952/920
f 895/958/926 894/957/925 899/964/932 902/963/931
f 877/972/937 901/971/939 888/952/920
f 877/973/937 884/966/934 903/967/935
f 903/967/935 904/955/923 895/958/926 886/970/938
f 893/949/917 892/948/916 898/956/924 904/955/923
f 877/974/937 903/967/935 886/970/938
f 877/975/937 882/961/929 905/962/930
f 905/962/930 906/946/914 893/949/917 884/966/934
f 891/941/909 890/940/908 897/947/915 906/946/914
f 877/976/937 905/962/930 884/966/934
f 877/977/937 888/952/920 907/954/922
f 907/954/922 908/938/906 891/941/909 882/961/929
f 889/953/921 880/942/910 896/939/907 908/938/906
f 877/978/937 907/954/922 882/961/929
f 886/970/938 895/958/926 902/963/931 901/971/939
f 942/979/940 930/980/941 924/981/942 925/982/943
f 914/983/944 909/984/945 915/985/946 930/980/941
f 930/980/941 915/985/946 910/986/947 924/981/942
f 940/987/948 931/988/949 926/989/950 927/990/951
f 924/981/942 910/986/947 917/991/952 931/988/949
f 931/988/949 917/991/952 913/992/953 926/989/950
f 922/993/954 923/994/955 942/979/940 941/995/956
f 938/996/957 932/997/958 928/998/959 929/999/960
f 926/989/950 913/992/953 919/1000/961 932/997/958
f 932/997/958 919/1000/961 912/1001/962 928/998/959
f 916/1002/963 925/982/943 940/987/948 939/1003/964
f 936/1004/965 933/1005/966 914/983/944 923/994/955
f 928/998/959 912/1001/962 921/1006/967 933/1005/966
f 933/1005/966 921/1006/967 909/984/945 914/983/944
f 918/1007/968 927/990/951 938/996/957 937/1008/969
f 913/992/953 917/991/952 934/1009/970 919/1000/961
f 917/991/952 910/986/947 915/985/946 934/1009/970
f 934/1009/970 915/985/946 909/984/945 921/1006/967
f 919/1000/961 934/1009/970 921/1006/967 912/1001/962
f 911/1010/971 920/1011/972 935/1012/973
f 935/1012/973 936/1004/965 923/994/955 922/993/954
f 929/999/960 928/998/959 933/1005/966 936/1004/965
f 911/1013/971 935/1012/973 922/993/954
f 911/1014/971 918/1007/968 937/1008/969
f 937/1008/969 938/996/957 929/999/960 920/1011/972
f 927/990/951 926/989/950 932/997/958 938/996/957
f 911/1015/971 937/1008/969 920/1011/972
f 911/1016/971 916/1002/963 939/1003/964
f 939/1003/964 940/987/948 927/990/951 918/1007/968
f 925/982/943 924/981/942 931/988/949 940/987/948
f 911/1017/971 939/1003/964 918/1007/968
f 911/1018/971 922/993/954 941/995/956
f 941/995/956 942/979/940 925/982/943 916/1002/963
f 923/994/955 914/983/944 930/980/941 942/979/940
f 911/1019/971 941/995/956 916/1002/963
f 920/1011/972 929/999/960 936/1004/965 935/1012/973
f 976/1020/974 964/1021/975 958/1022/976 959/1023/977
f 948/1024/978 943/1025/979 949/1026/980 964/1021/975
f 964/1021/975 949/1026/980 944/1027/981 958/1022/976
f 974/1028/982 965/1029/983 960/1030/984 961/1031/985
f 958/1022/976 944/1027/981 951/1032/986 965/1029/983
f 965/1029/983 951/1032/986 947/1033/987 960/1030/984
f 956/1034/988 957/1035/989 976/1020/974 975/1036/990
f 972/1037/991 966/1038/992 962/1039/993 963/1040/994
f 960/1030/984 947/1033/987 953/1041/995 966/1038/992
f 966/1038/992 953/1041/995 946/1042/996 962/1039/993
f 950/1043/997 959/1023/977 974/1028/982 973/1044/998
f 970/1045/999 967/1046/1000 948/1024/978 957/1035/989
f 962/1039/993 946/1042/996 955/1047/1001 967/1046/1000
f 967/1046/1000 955/1047/1001 943/1025/979 948/1024/978
f 952/1048/1002 961/1031/985 972/1037/991 971/1049/1003
f 947/1033/987 951/1032/986 968/1050/1004 953/1041/995
f 951/1032/986 944/1027/981 949/1026/980 968/1050/1004
f 968/1050/1004 949/1026/980 943/1025/979 955/1047/1001
f 953/1041/995 968/1050/1004 955/1047/1001 946/1042/996
f 945/1051/1005 954/1052/1006 969/1053/1007
f 969/1053/1007 970/1045/999 957/1035/989 956/1034/988
f 963/1040/994 962/1039/993 967/1046/1000 970/1045/999
f 945/1054/1005 969/1053/1007 956/1034/988
f 945/1055/1005 952/1048/1002 971/1049/1003
f 971/1049/1003 972/1037/991 963/1040/994 954/1052/1006
f 961/1031/985 960/1030/984 966/1038/992 972/1037/991
f 945/1056/1005 971/1049/1003 954/1052/1006
f 945/1057/1005 950/1043/997 973/1044/998
f 973/1044/998 974/1028/982 961/1031/985 952/1048/1002
f 959/1023/977 958/1022/976 965/1029/983 974/1028/982
f 945/1058/1005 973/1044/998 952/1048/1002
f 945/1059/1005 956/1034/988 975/1036/990
f 975/1036/990 976/1020/974 959/1023/977 950/1043/997
f 957/1035/989 948/1024/978 964/1021/975 976/1020/974
f 945/1060/1005 975/1036/990 950/1043/997
f 954/1052/1006 963/1040/994 970/1045/999 969/1053/1007
