# Blender v3.4.1 OBJ File: 'MixedBag1_Export.blend'
# www.blender.org
mtllib rollerskate_pair.mtl
o rollerskate_pair
v -0.095182 0.146575 0.140741
v -0.095685 0.200000 0.141609
v -0.225964 0.146575 0.064947
v -0.226467 0.200000 0.065815
v 0.098116 0.146575 -0.192795
v 0.098116 0.200000 -0.192795
v -0.032666 0.146575 -0.268589
v -0.032666 0.200000 -0.268589
v -0.109985 0.146575 -0.135175
v -0.148645 0.146575 -0.068467
v -0.148645 0.200000 -0.068467
v -0.109985 0.200000 -0.135175
v -0.017863 0.146575 0.007326
v 0.020797 0.146575 -0.059381
v 0.020797 0.200000 -0.059381
v -0.017863 0.200000 0.007326
v -0.100942 0.146575 -0.189613
v -0.062676 0.146575 -0.248481
v -0.223437 0.146575 0.028911
v -0.191383 0.146575 -0.033556
v -0.191383 0.200000 -0.033556
v -0.223437 0.200000 0.028911
v -0.062676 0.200000 -0.248481
v -0.100942 0.200000 -0.189613
v -0.026907 0.146575 0.061765
v -0.065172 0.146575 0.120633
v 0.095589 0.146575 -0.156760
v 0.063535 0.146575 -0.094292
v 0.063535 0.200000 -0.094292
v 0.095589 0.200000 -0.156760
v -0.065172 0.200000 0.120633
v -0.026907 0.200000 0.061765
v 0.020384 0.075000 -0.159539
v 0.070968 0.075000 -0.216908
v 0.132761 0.075000 -0.134070
v 0.140185 0.075000 -0.176794
v 0.065930 0.037500 -0.208214
v 0.130456 0.057844 -0.130093
v 0.135146 0.037500 -0.168101
v 0.052165 0.010048 -0.184463
v 0.124159 0.045284 -0.119226
v 0.121381 0.010048 -0.144349
v 0.033362 0.000000 -0.152018
v 0.115556 0.040687 -0.104383
v 0.102578 0.000000 -0.111904
v 0.014558 0.010048 -0.119573
v 0.106953 0.045284 -0.089539
v 0.083775 0.010048 -0.079459
v 0.000793 0.037500 -0.095821
v 0.100656 0.057844 -0.078673
v 0.070010 0.037500 -0.055707
v -0.004245 0.075000 -0.087127
v 0.098351 0.075000 -0.074695
v 0.064971 0.075000 -0.047014
v 0.000793 0.112500 -0.095821
v 0.100656 0.092156 -0.078672
v 0.070010 0.112500 -0.055707
v 0.014558 0.139952 -0.119573
v 0.106953 0.104716 -0.089539
v 0.083775 0.139952 -0.079459
v 0.033362 0.150000 -0.152018
v 0.115556 0.109313 -0.104383
v 0.102578 0.150000 -0.111904
v 0.052165 0.139952 -0.184463
v 0.124159 0.104716 -0.119226
v 0.121381 0.139952 -0.144349
v 0.065930 0.112500 -0.208214
v 0.130456 0.092156 -0.130093
v 0.135146 0.112500 -0.168101
v 0.145376 0.075000 -0.155837
v 0.141381 0.045265 -0.148943
v 0.130466 0.023497 -0.130110
v 0.115556 0.015529 -0.104383
v 0.100646 0.023497 -0.078655
v 0.089731 0.045265 -0.059822
v 0.085736 0.075000 -0.052928
v 0.089731 0.104735 -0.059822
v 0.100646 0.126503 -0.078655
v 0.115556 0.134471 -0.104383
v 0.130466 0.126503 -0.130110
v 0.141381 0.104735 -0.148943
v 0.089600 0.075000 -0.119425
v 0.102735 0.075000 -0.142089
v 0.100975 0.061903 -0.139053
v 0.096167 0.052315 -0.130757
v 0.089600 0.048805 -0.119425
v 0.083033 0.052315 -0.108093
v 0.078225 0.061903 -0.099798
v 0.076465 0.075000 -0.096761
v 0.078225 0.088097 -0.099798
v 0.083033 0.097685 -0.108093
v 0.089600 0.101195 -0.119425
v 0.096167 0.097685 -0.130757
v 0.100975 0.088097 -0.139053
v 0.046208 0.045265 -0.204100
v 0.050204 0.075000 -0.210993
v 0.035294 0.023497 -0.185266
v 0.020384 0.015529 -0.159539
v 0.005474 0.023497 -0.133812
v -0.005441 0.045265 -0.114978
v -0.009436 0.075000 -0.108085
v -0.005441 0.104735 -0.114978
v 0.005474 0.126503 -0.133812
v 0.020384 0.134471 -0.159539
v 0.035294 0.126503 -0.185266
v 0.046208 0.104735 -0.204100
v -0.022876 0.075000 -0.184610
v 0.001752 0.075000 -0.257022
v -0.100844 0.075000 -0.269454
v -0.067464 0.075000 -0.297135
v -0.003286 0.037500 -0.248328
v -0.103149 0.057844 -0.265477
v -0.072502 0.037500 -0.288442
v -0.017051 0.010048 -0.224577
v -0.109446 0.045284 -0.254610
v -0.086267 0.010048 -0.264690
v -0.035855 0.000000 -0.192131
v -0.118049 0.040687 -0.239766
v -0.105071 0.000000 -0.232245
v -0.054658 0.010048 -0.159686
v -0.126651 0.045284 -0.224923
v -0.123874 0.010048 -0.199800
v -0.068423 0.037500 -0.135935
v -0.132949 0.057844 -0.214056
v -0.137639 0.037500 -0.176049
v -0.073461 0.075000 -0.127241
v -0.135254 0.075000 -0.210079
v -0.142677 0.075000 -0.167355
v -0.068423 0.112500 -0.135935
v -0.132949 0.092156 -0.214056
v -0.137639 0.112500 -0.176049
v -0.054658 0.139952 -0.159686
v -0.126651 0.104716 -0.224923
v -0.123874 0.139952 -0.199800
v -0.035855 0.150000 -0.192131
v -0.118049 0.109313 -0.239767
v -0.105071 0.150000 -0.232245
v -0.017051 0.139952 -0.224577
v -0.109446 0.104716 -0.254610
v -0.086267 0.139952 -0.264690
v -0.003286 0.112500 -0.248328
v -0.103149 0.092156 -0.265477
v -0.072502 0.112500 -0.288442
v -0.088229 0.075000 -0.291221
v -0.092224 0.045265 -0.284327
v -0.103139 0.023497 -0.265494
v -0.118049 0.015529 -0.239766
v -0.132959 0.023497 -0.214039
v -0.143874 0.045265 -0.195206
v -0.147869 0.075000 -0.188312
v -0.143874 0.104735 -0.195206
v -0.132959 0.126503 -0.214039
v -0.118049 0.134471 -0.239767
v -0.103139 0.126503 -0.265494
v -0.092224 0.104735 -0.284327
v -0.092093 0.075000 -0.224724
v -0.078958 0.075000 -0.247388
v -0.080718 0.061903 -0.244351
v -0.085525 0.052315 -0.236056
v -0.092093 0.048805 -0.224724
v -0.098660 0.052315 -0.213392
v -0.103468 0.061903 -0.205096
v -0.105227 0.075000 -0.202060
v -0.103468 0.088097 -0.205096
v -0.098660 0.097685 -0.213392
v -0.092093 0.101195 -0.224724
v -0.085525 0.097685 -0.236056
v -0.080718 0.088097 -0.244351
v 0.002948 0.045265 -0.229171
v 0.006944 0.075000 -0.236064
v -0.007966 0.023497 -0.210337
v -0.022876 0.015529 -0.184610
v -0.037786 0.023497 -0.158883
v -0.048701 0.045265 -0.140049
v -0.052696 0.075000 -0.133156
v -0.048701 0.104735 -0.140049
v -0.037786 0.126503 -0.158883
v -0.022877 0.134471 -0.184610
v -0.007967 0.126503 -0.210337
v 0.002948 0.104735 -0.229171
v -0.104972 0.075000 0.056762
v -0.054387 0.075000 -0.000607
v 0.007406 0.075000 0.082231
v 0.014829 0.075000 0.039507
v -0.059426 0.037500 0.008086
v 0.005101 0.057844 0.086208
v 0.009791 0.037500 0.048200
v -0.073190 0.010048 0.031838
v -0.001197 0.045284 0.097074
v -0.003974 0.010048 0.071952
v -0.091994 0.000000 0.064283
v -0.009799 0.040687 0.111918
v -0.022778 0.000000 0.104397
v -0.110797 0.010048 0.096728
v -0.018402 0.045284 0.126762
v -0.041581 0.010048 0.136842
v -0.124562 0.037500 0.120480
v -0.024700 0.057844 0.137628
v -0.055346 0.037500 0.160593
v -0.129600 0.075000 0.129173
v -0.027005 0.075000 0.141606
v -0.060384 0.075000 0.169287
v -0.124562 0.112500 0.120480
v -0.024700 0.092156 0.137628
v -0.055346 0.112500 0.160593
v -0.110797 0.139952 0.096728
v -0.018402 0.104716 0.126762
v -0.041581 0.139952 0.136842
v -0.091994 0.150000 0.064283
v -0.009799 0.109313 0.111918
v -0.022778 0.150000 0.104397
v -0.073190 0.139952 0.031838
v -0.001197 0.104716 0.097074
v -0.003974 0.139952 0.071952
v -0.059426 0.112500 0.008086
v 0.005101 0.092156 0.086208
v 0.009791 0.112500 0.048200
v 0.020021 0.075000 0.060464
v 0.016025 0.045265 0.067357
v 0.005111 0.023497 0.086191
v -0.009799 0.015529 0.111918
v -0.024709 0.023497 0.137645
v -0.035624 0.045265 0.156479
v -0.039619 0.075000 0.163373
v -0.035624 0.104735 0.156479
v -0.024709 0.126503 0.137645
v -0.009799 0.134471 0.111918
v 0.005111 0.126503 0.086191
v 0.016025 0.104735 0.067357
v -0.035756 0.075000 0.096875
v -0.022621 0.075000 0.074212
v -0.024381 0.061903 0.077248
v -0.029188 0.052315 0.085544
v -0.035756 0.048805 0.096875
v -0.042323 0.052315 0.108207
v -0.047131 0.061903 0.116503
v -0.048890 0.075000 0.119539
v -0.047131 0.088097 0.116503
v -0.042323 0.097685 0.108207
v -0.035756 0.101195 0.096875
v -0.029188 0.097685 0.085544
v -0.024381 0.088097 0.077248
v -0.079147 0.045265 0.012201
v -0.075152 0.075000 0.005307
v -0.090062 0.023497 0.031035
v -0.104972 0.015529 0.056762
v -0.119882 0.023497 0.082489
v -0.130797 0.045265 0.101323
v -0.134792 0.075000 0.108216
v -0.130797 0.104735 0.101323
v -0.119882 0.126503 0.082489
v -0.104972 0.134471 0.056762
v -0.090062 0.126503 0.031035
v -0.079147 0.104735 0.012201
v -0.148232 0.075000 0.031691
v -0.123603 0.075000 -0.040721
v -0.226199 0.075000 -0.053153
v -0.192820 0.075000 -0.080835
v -0.128642 0.037500 -0.032027
v -0.228504 0.057844 -0.049176
v -0.197858 0.037500 -0.072141
v -0.142407 0.010048 -0.008276
v -0.234802 0.045284 -0.038309
v -0.211623 0.010048 -0.048390
v -0.161210 0.000000 0.024169
v -0.243404 0.040687 -0.023466
v -0.230426 0.000000 -0.015944
v -0.180013 0.010048 0.056614
v -0.252007 0.045284 -0.008622
v -0.249230 0.010048 0.016501
v -0.193778 0.037500 0.080366
v -0.258304 0.057844 0.002244
v -0.262995 0.037500 0.040252
v -0.198817 0.075000 0.089060
v -0.260609 0.075000 0.006222
v -0.268033 0.075000 0.048946
v -0.193778 0.112500 0.080366
v -0.258304 0.092156 0.002244
v -0.262995 0.112500 0.040252
v -0.180013 0.139952 0.056614
v -0.252007 0.104716 -0.008622
v -0.249230 0.139952 0.016501
v -0.161210 0.150000 0.024169
v -0.243404 0.109313 -0.023466
v -0.230426 0.150000 -0.015944
v -0.142407 0.139952 -0.008276
v -0.234802 0.104716 -0.038309
v -0.211623 0.139952 -0.048390
v -0.128642 0.112500 -0.032027
v -0.228504 0.092156 -0.049176
v -0.197858 0.112500 -0.072141
v -0.213584 0.075000 -0.074920
v -0.217579 0.045265 -0.068027
v -0.228494 0.023497 -0.049193
v -0.243404 0.015529 -0.023466
v -0.258314 0.023497 0.002261
v -0.269229 0.045265 0.021095
v -0.273224 0.075000 0.027989
v -0.269229 0.104735 0.021095
v -0.258314 0.126503 0.002261
v -0.243404 0.134471 -0.023466
v -0.228494 0.126503 -0.049193
v -0.217579 0.104735 -0.068027
v -0.217448 0.075000 -0.008423
v -0.204313 0.075000 -0.031087
v -0.206073 0.061903 -0.028051
v -0.210881 0.052315 -0.019755
v -0.217448 0.048805 -0.008423
v -0.224016 0.052315 0.002909
v -0.228823 0.061903 0.011204
v -0.230583 0.075000 0.014241
v -0.228823 0.088097 0.011204
v -0.224016 0.097685 0.002909
v -0.217448 0.101195 -0.008423
v -0.210881 0.097685 -0.019755
v -0.206073 0.088097 -0.028051
v -0.122407 0.045265 -0.012870
v -0.118412 0.075000 -0.019764
v -0.133322 0.023497 0.005963
v -0.148232 0.015529 0.031691
v -0.163142 0.023497 0.057418
v -0.174057 0.045265 0.076251
v -0.178052 0.075000 0.083145
v -0.174057 0.104735 0.076251
v -0.163142 0.126503 0.057418
v -0.148232 0.134471 0.031691
v -0.133322 0.126503 0.005964
v -0.122407 0.104735 -0.012870
v -0.164176 0.056575 0.043746
v -0.164176 0.093425 0.043746
v -0.145699 0.056575 0.011863
v -0.145699 0.093425 0.011863
v -0.107505 0.056575 0.076589
v -0.107505 0.093425 0.076589
v -0.089028 0.056575 0.044707
v -0.089028 0.093425 0.044707
v -0.038821 0.056575 -0.172555
v -0.038821 0.093425 -0.172555
v -0.020343 0.056575 -0.204437
v -0.020343 0.093425 -0.204437
v 0.017851 0.056575 -0.139712
v 0.017851 0.093425 -0.139712
v 0.036328 0.056575 -0.171594
v 0.036328 0.093425 -0.171594
v -0.069104 0.116575 -0.001144
v -0.069027 0.153425 0.034270
v -0.115821 0.116575 -0.028218
v -0.146587 0.153425 -0.010679
v -0.012027 0.116575 -0.099630
v 0.018739 0.153425 -0.117169
v -0.058744 0.116575 -0.126705
v -0.058822 0.153425 -0.162119
v -0.136583 0.072650 0.035438
v -0.114015 0.072650 0.048518
v -0.113977 0.090452 0.065626
v -0.151446 0.090452 0.043911
v -0.013871 0.090452 -0.193474
v -0.013834 0.072650 -0.176366
v 0.008735 0.072650 -0.163287
v 0.023597 0.090452 -0.171759
v -0.110186 0.126102 0.071266
v -0.200393 0.093208 0.171552
v -0.174504 0.052535 0.126880
v -0.149726 0.059456 0.146778
v -0.136392 0.078365 0.169634
v -0.138075 0.104195 0.189325
v -0.154323 0.130024 0.200574
v -0.180783 0.148933 0.200368
v -0.210366 0.155854 0.188761
v -0.235143 0.148933 0.168864
v -0.248477 0.130024 0.146007
v -0.246795 0.104195 0.126317
v -0.230546 0.078365 0.115067
v -0.204086 0.059456 0.115274
v -0.163630 0.058347 0.159843
v -0.184087 0.052633 0.143416
v -0.152622 0.073958 0.178713
v -0.154011 0.095282 0.194969
v -0.167426 0.116607 0.204256
v -0.189271 0.132218 0.204086
v -0.213694 0.137932 0.194504
v -0.234150 0.132218 0.178077
v -0.245158 0.116607 0.159207
v -0.243769 0.095282 0.142951
v -0.230355 0.073958 0.133663
v -0.208509 0.058347 0.133834
v -0.142215 0.109602 0.109787
v -0.157489 0.105335 0.097521
v -0.133996 0.121257 0.123876
v -0.135033 0.137180 0.136014
v -0.145049 0.153102 0.142948
v -0.161360 0.164758 0.142821
v -0.179595 0.169024 0.135666
v -0.194869 0.164758 0.123401
v -0.203088 0.153102 0.109312
v -0.202051 0.137180 0.097174
v -0.192035 0.121257 0.090239
v -0.175724 0.109602 0.090367
v -0.130800 0.097644 0.106835
v -0.152696 0.091528 0.089252
v -0.119017 0.114354 0.127033
v -0.120504 0.137180 0.144434
v -0.134862 0.160006 0.154375
v -0.158246 0.176715 0.154193
v -0.184388 0.182831 0.143936
v -0.206284 0.176715 0.126353
v -0.218067 0.160005 0.106154
v -0.216580 0.137180 0.088754
v -0.202222 0.114354 0.078812
v -0.178838 0.097644 0.078995
v -0.132082 0.119986 0.053682
v -0.098403 0.142812 0.091464
v -0.099890 0.165638 0.108865
v -0.114249 0.188464 0.118806
v -0.137632 0.205174 0.118624
v -0.163774 0.211290 0.108367
v -0.185670 0.205174 0.090783
v -0.197453 0.188464 0.070585
v -0.195966 0.165638 0.053184
v -0.181608 0.142812 0.043243
v -0.158224 0.126102 0.043425
v -0.147928 0.165638 0.081024
v -0.172292 0.209477 0.123065
v -0.209226 0.157101 0.059754
v -0.097292 0.130913 0.103672
v -0.142299 0.202460 0.134832
v -0.210932 0.183289 0.079718
v -0.197414 0.202460 0.102891
v -0.110811 0.111742 0.080499
v -0.135932 0.104724 0.060326
v -0.165925 0.111742 0.048558
v -0.192753 0.130913 0.048349
v -0.115472 0.183289 0.135042
v -0.098998 0.157101 0.123636
v -0.086571 0.173288 0.146311
v -0.235078 0.173288 0.060245
v -0.041529 0.173288 -0.273725
v 0.106979 0.173288 -0.187659
v 0.029659 0.173288 -0.054245
v -0.009000 0.173288 0.012463
v -0.157508 0.173288 -0.073604
v -0.118848 0.173288 -0.140311
v 0.074681 0.173288 -0.087833
v 0.106314 0.173288 -0.150544
v -0.054447 0.173288 0.126848
v -0.015761 0.173288 0.068224
v -0.202529 0.173288 -0.040016
v -0.234162 0.173288 0.022696
v -0.073401 0.173288 -0.254697
v -0.112088 0.173288 -0.196073
v 0.250891 0.103728 0.182721
v 0.268304 0.144162 0.213004
v 0.119850 0.103728 0.258066
v 0.137263 0.144162 0.288349
v 0.103154 0.350228 -0.074226
v 0.120182 0.391304 -0.044611
v -0.027887 0.350228 0.001119
v -0.010859 0.391304 0.030734
v 0.031208 0.251628 0.103897
v 0.060755 0.202328 0.155287
v 0.077783 0.243403 0.184902
v 0.048236 0.292704 0.133513
v 0.191796 0.202328 0.079942
v 0.162249 0.251628 0.028553
v 0.179277 0.292704 0.058168
v 0.208824 0.243403 0.109557
v -0.005461 0.284645 0.079187
v -0.029221 0.329482 0.030661
v 0.093647 0.124474 0.244356
v 0.063663 0.169311 0.199409
v 0.080691 0.210386 0.229024
v 0.110675 0.165550 0.273971
v -0.012194 0.370557 0.060276
v 0.011567 0.325721 0.108802
v 0.228465 0.169311 0.104652
v 0.252226 0.124474 0.153178
v 0.129357 0.329482 -0.060517
v 0.159341 0.284645 -0.015570
v 0.176369 0.325721 0.014046
v 0.146385 0.370557 -0.030902
v 0.269254 0.165550 0.182793
v 0.245493 0.210386 0.134267
v 0.062458 0.251876 -0.043534
v 0.046719 0.299834 -0.101001
v 0.144669 0.273817 -0.121234
v 0.116072 0.299834 -0.140877
v 0.038618 0.264577 -0.115091
v 0.140963 0.257687 -0.127681
v 0.107971 0.264577 -0.154967
v 0.040389 0.225917 -0.112011
v 0.141773 0.240000 -0.126272
v 0.109742 0.225917 -0.151887
v 0.051557 0.194213 -0.092586
v 0.146882 0.225495 -0.117385
v 0.120911 0.194213 -0.132462
v 0.069131 0.177959 -0.062021
v 0.154923 0.218059 -0.103401
v 0.138485 0.177959 -0.101897
v 0.088401 0.181512 -0.028506
v 0.163739 0.219684 -0.088068
v 0.157755 0.181512 -0.068382
v 0.104204 0.203919 -0.001021
v 0.170969 0.229936 -0.075494
v 0.173558 0.203919 -0.040898
v 0.112306 0.239176 0.013069
v 0.174675 0.246066 -0.069047
v 0.181659 0.239176 -0.026807
v 0.110535 0.277836 0.009989
v 0.173865 0.263753 -0.070456
v 0.179888 0.277836 -0.029887
v 0.099366 0.309540 -0.009436
v 0.168755 0.278258 -0.079343
v 0.168720 0.309540 -0.049312
v 0.081792 0.325793 -0.040001
v 0.160715 0.285693 -0.093327
v 0.151146 0.325793 -0.079877
v 0.062522 0.322240 -0.073516
v 0.151899 0.284068 -0.108660
v 0.131875 0.322240 -0.113392
v 0.135027 0.289904 -0.138003
v 0.128604 0.261947 -0.149176
v 0.130008 0.231292 -0.146733
v 0.138864 0.206152 -0.131331
v 0.152799 0.193264 -0.107094
v 0.168079 0.196081 -0.080519
v 0.180610 0.213849 -0.058725
v 0.187034 0.241806 -0.047552
v 0.185630 0.272461 -0.049994
v 0.176774 0.297600 -0.065397
v 0.162839 0.310488 -0.089633
v 0.147558 0.307671 -0.116209
v 0.131811 0.251876 -0.083410
v 0.121772 0.268626 -0.100870
v 0.118943 0.256312 -0.105791
v 0.119561 0.242809 -0.104715
v 0.123462 0.231736 -0.097931
v 0.129600 0.226060 -0.087256
v 0.136331 0.227301 -0.075550
v 0.141850 0.235126 -0.065951
v 0.144680 0.247440 -0.061029
v 0.144061 0.260943 -0.062105
v 0.140160 0.272016 -0.068890
v 0.134022 0.277693 -0.079565
v 0.127292 0.276452 -0.091270
v 0.033243 0.261947 -0.094346
v 0.039667 0.289904 -0.083173
v 0.034647 0.231292 -0.091904
v 0.043503 0.206152 -0.076501
v 0.057438 0.193264 -0.052265
v 0.072718 0.196081 -0.025689
v 0.085249 0.213849 -0.003895
v 0.091673 0.241806 0.007278
v 0.090269 0.272461 0.004835
v 0.081413 0.297600 -0.010567
v 0.067478 0.310488 -0.034804
v 0.052198 0.307671 -0.061379
v 0.019112 0.251876 -0.018612
v -0.022634 0.299834 -0.061124
v -0.089399 0.273817 0.013348
v -0.091988 0.299834 -0.021248
v -0.030736 0.264577 -0.075215
v -0.093105 0.257687 0.006902
v -0.100089 0.264577 -0.035338
v -0.028965 0.225917 -0.072135
v -0.092295 0.240000 0.008311
v -0.098318 0.225917 -0.032258
v -0.017796 0.194213 -0.052710
v -0.087185 0.225495 0.017198
v -0.087149 0.194213 -0.012834
v -0.000222 0.177959 -0.022145
v -0.079145 0.218059 0.031181
v -0.069576 0.177959 0.017731
v 0.019048 0.181512 0.011370
v -0.070329 0.219684 0.046514
v -0.050305 0.181512 0.051246
v 0.034851 0.203919 0.038855
v -0.063099 0.229936 0.059089
v -0.034502 0.203919 0.078731
v 0.042952 0.239176 0.052945
v -0.059393 0.246066 0.065535
v -0.026401 0.239176 0.092821
v 0.041182 0.277836 0.049865
v -0.060203 0.263753 0.064126
v -0.028172 0.277836 0.089741
v 0.030013 0.309540 0.030440
v -0.065312 0.278258 0.055239
v -0.039341 0.309540 0.070316
v 0.012439 0.325793 -0.000125
v -0.073353 0.285693 0.041255
v -0.056914 0.325793 0.039752
v -0.006831 0.322240 -0.033640
v -0.082169 0.284068 0.025922
v -0.076185 0.322240 0.006237
v -0.099040 0.289904 -0.003421
v -0.105464 0.261947 -0.014593
v -0.104060 0.231292 -0.012151
v -0.095204 0.206152 0.003252
v -0.081269 0.193264 0.027488
v -0.065988 0.196081 0.054063
v -0.053457 0.213849 0.075857
v -0.047033 0.241806 0.087030
v -0.048438 0.272461 0.084588
v -0.057294 0.297600 0.069185
v -0.071229 0.310488 0.044949
v -0.086509 0.307671 0.018373
v -0.050241 0.251876 0.021265
v -0.060280 0.268626 0.003805
v -0.063110 0.256312 -0.001116
v -0.062491 0.242809 -0.000040
v -0.058590 0.231736 0.006744
v -0.052452 0.226060 0.017419
v -0.045722 0.227301 0.029125
v -0.040202 0.235126 0.038724
v -0.037373 0.247440 0.043646
v -0.037991 0.260943 0.042570
v -0.041892 0.272016 0.035785
v -0.048030 0.277693 0.025110
v -0.054761 0.276452 0.013405
v -0.010103 0.261947 -0.069423
v -0.003679 0.289904 -0.058251
v -0.008699 0.231292 -0.066981
v 0.000157 0.206152 -0.051578
v 0.014092 0.193264 -0.027342
v 0.029373 0.196081 -0.000766
v 0.041903 0.213849 0.021028
v 0.048327 0.241806 0.032200
v 0.046923 0.272461 0.029758
v 0.038067 0.297600 0.014355
v 0.024132 0.310488 -0.009881
v 0.008852 0.307671 -0.036457
v 0.158267 0.092019 0.123098
v 0.142528 0.139976 0.065632
v 0.240478 0.113959 0.045398
v 0.211881 0.139976 0.025755
v 0.134426 0.104719 0.051541
v 0.236771 0.097829 0.038951
v 0.203780 0.104719 0.011665
v 0.136197 0.066059 0.054621
v 0.237581 0.080142 0.040361
v 0.205551 0.066059 0.014745
v 0.147366 0.034355 0.074046
v 0.242691 0.065637 0.049247
v 0.216719 0.034355 0.034170
v 0.164940 0.018102 0.104611
v 0.250731 0.058201 0.063231
v 0.234293 0.018102 0.064735
v 0.184210 0.021655 0.138126
v 0.259547 0.059827 0.078564
v 0.253563 0.021655 0.098250
v 0.200013 0.044061 0.165611
v 0.266777 0.070078 0.091139
v 0.269366 0.044061 0.125735
v 0.208114 0.079318 0.179701
v 0.270484 0.086208 0.097585
v 0.277468 0.079318 0.139825
v 0.206344 0.117978 0.176621
v 0.269674 0.103895 0.096176
v 0.275697 0.117978 0.136745
v 0.195175 0.149682 0.157196
v 0.264564 0.118400 0.087289
v 0.264528 0.149682 0.117320
v 0.177601 0.165936 0.126631
v 0.256524 0.125836 0.073305
v 0.246954 0.165936 0.086755
v 0.158331 0.162383 0.093116
v 0.247708 0.124210 0.057972
v 0.227684 0.162383 0.053240
v 0.230836 0.130046 0.028629
v 0.224412 0.102089 0.017456
v 0.225816 0.071434 0.019899
v 0.234673 0.046295 0.035301
v 0.248608 0.033407 0.059538
v 0.263888 0.036224 0.086113
v 0.276419 0.053991 0.107907
v 0.282843 0.081948 0.119080
v 0.281439 0.112603 0.116638
v 0.272582 0.137743 0.101235
v 0.258647 0.150631 0.076999
v 0.243367 0.147814 0.050423
v 0.227620 0.092019 0.083222
v 0.217581 0.108769 0.065762
v 0.214752 0.096455 0.060841
v 0.215370 0.082952 0.061917
v 0.219271 0.071879 0.068701
v 0.225409 0.066202 0.079376
v 0.232139 0.067443 0.091082
v 0.237659 0.075269 0.100681
v 0.240488 0.087583 0.105603
v 0.239870 0.101085 0.104527
v 0.235969 0.112159 0.097742
v 0.229831 0.117835 0.087067
v 0.223101 0.116594 0.075362
v 0.129051 0.102089 0.072286
v 0.135475 0.130046 0.083459
v 0.130456 0.071434 0.074728
v 0.139312 0.046295 0.090131
v 0.153247 0.033407 0.114368
v 0.168527 0.036224 0.140943
v 0.181058 0.053991 0.162737
v 0.187482 0.081948 0.173910
v 0.186078 0.112603 0.171467
v 0.177222 0.137743 0.156065
v 0.163286 0.150631 0.131828
v 0.148006 0.147813 0.105253
v 0.114921 0.092019 0.148021
v 0.073174 0.139976 0.105508
v 0.006410 0.113959 0.179980
v 0.003821 0.139976 0.145384
v 0.065073 0.104719 0.091418
v 0.002704 0.097829 0.173534
v -0.004280 0.104719 0.131294
v 0.066844 0.066059 0.094498
v 0.003514 0.080142 0.174943
v -0.002509 0.066059 0.134374
v 0.078013 0.034355 0.113922
v 0.008624 0.065637 0.183830
v 0.008659 0.034355 0.153799
v 0.095587 0.018102 0.144487
v 0.016664 0.058201 0.197813
v 0.026233 0.018102 0.184363
v 0.114857 0.021655 0.178002
v 0.025480 0.059827 0.213146
v 0.045503 0.021655 0.217878
v 0.130660 0.044061 0.205487
v 0.032710 0.070078 0.225721
v 0.061306 0.044061 0.245363
v 0.138761 0.079318 0.219577
v 0.036416 0.086208 0.232167
v 0.069408 0.079318 0.259453
v 0.136990 0.117978 0.216497
v 0.035606 0.103895 0.230758
v 0.067637 0.117978 0.256373
v 0.125822 0.149682 0.197072
v 0.030496 0.118400 0.221871
v 0.056468 0.149682 0.236949
v 0.108248 0.165936 0.166508
v 0.022456 0.125836 0.207888
v 0.038894 0.165936 0.206384
v 0.088977 0.162383 0.132993
v 0.013640 0.124210 0.192554
v 0.019624 0.162383 0.172869
v -0.003231 0.130046 0.163211
v -0.009655 0.102089 0.152039
v -0.008251 0.071434 0.154481
v 0.000605 0.046295 0.169884
v 0.014540 0.033407 0.194120
v 0.029820 0.036224 0.220695
v 0.042351 0.053991 0.242489
v 0.048775 0.081948 0.253662
v 0.047371 0.112603 0.251220
v 0.038515 0.137743 0.235817
v 0.024580 0.150631 0.211581
v 0.009300 0.147813 0.185005
v 0.045567 0.092019 0.187897
v 0.035529 0.108769 0.170437
v 0.032699 0.096454 0.165516
v 0.033318 0.082952 0.166592
v 0.037218 0.071879 0.173376
v 0.043356 0.066202 0.184051
v 0.050087 0.067443 0.195757
v 0.055606 0.075269 0.205356
v 0.058436 0.087583 0.210278
v 0.057817 0.101085 0.209202
v 0.053916 0.112159 0.202417
v 0.047779 0.117835 0.191742
v 0.041048 0.116594 0.180037
v 0.085706 0.102089 0.097209
v 0.092130 0.130046 0.108382
v 0.087110 0.071434 0.099651
v 0.095966 0.046295 0.115054
v 0.109901 0.033407 0.139290
v 0.125181 0.036224 0.165866
v 0.137712 0.053991 0.187660
v 0.144136 0.081948 0.198832
v 0.142732 0.112603 0.196390
v 0.133876 0.137743 0.180987
v 0.119941 0.150631 0.156751
v 0.104660 0.147813 0.130176
v 0.109391 0.066071 0.153951
v 0.121135 0.094403 0.174378
v 0.095268 0.089634 0.129390
v 0.107013 0.117966 0.149817
v 0.166174 0.066071 0.121302
v 0.177919 0.094403 0.141729
v 0.152052 0.089634 0.096741
v 0.163797 0.117966 0.117168
v 0.013582 0.225929 -0.012681
v 0.025327 0.254261 0.007746
v -0.000540 0.249492 -0.037243
v 0.011205 0.277824 -0.016816
v 0.070365 0.225929 -0.045330
v 0.082110 0.254261 -0.024903
v 0.056243 0.249492 -0.069891
v 0.067988 0.277824 -0.049464
v 0.147157 0.167519 0.099768
v 0.186082 0.176283 0.131707
v 0.100348 0.167519 0.126682
v 0.108368 0.176283 0.176391
v 0.103533 0.240306 0.023897
v 0.119003 0.288205 0.015043
v 0.056724 0.240306 0.050811
v 0.041289 0.288205 0.059726
v 0.123542 0.091873 0.139025
v 0.146155 0.091873 0.126024
v 0.164959 0.096107 0.141453
v 0.127417 0.096107 0.163039
v 0.022269 0.271547 -0.019836
v 0.029725 0.248408 -0.024143
v 0.052338 0.248408 -0.037144
v 0.059812 0.271547 -0.041422
v 0.182759 0.121613 0.160156
v 0.198795 0.011917 0.243741
v 0.166045 0.013661 0.186781
v 0.197321 0.015919 0.178152
v 0.228300 0.022087 0.185895
v 0.250682 0.030513 0.207935
v 0.258470 0.038939 0.238367
v 0.249576 0.045107 0.269036
v 0.226384 0.047365 0.291725
v 0.195109 0.045107 0.300353
v 0.164129 0.038939 0.292610
v 0.141747 0.030513 0.270570
v 0.133959 0.022087 0.240138
v 0.142853 0.015919 0.209469
v 0.199221 0.003379 0.192450
v 0.173400 0.001515 0.199574
v 0.224797 0.008472 0.198842
v 0.243276 0.015428 0.217038
v 0.249705 0.022384 0.242162
v 0.242363 0.027477 0.267482
v 0.223216 0.029341 0.286214
v 0.197395 0.027477 0.293338
v 0.171819 0.022384 0.286945
v 0.153340 0.015428 0.268749
v 0.146911 0.008472 0.243625
v 0.154253 0.003379 0.218305
v 0.189148 0.077346 0.188113
v 0.169869 0.075954 0.193432
v 0.208245 0.081148 0.192886
v 0.222042 0.086342 0.206472
v 0.226843 0.091536 0.225231
v 0.221360 0.095338 0.244137
v 0.207064 0.096730 0.258123
v 0.187785 0.095338 0.263442
v 0.168688 0.091536 0.258669
v 0.154891 0.086342 0.245082
v 0.150091 0.081148 0.226323
v 0.155573 0.077346 0.207418
v 0.189444 0.073445 0.171782
v 0.161805 0.071450 0.179408
v 0.216821 0.078896 0.178625
v 0.236600 0.086342 0.198102
v 0.243482 0.093788 0.224995
v 0.235623 0.099239 0.252097
v 0.215128 0.101234 0.272147
v 0.187489 0.099239 0.279773
v 0.160112 0.093788 0.272930
v 0.140333 0.086342 0.253453
v 0.133451 0.078896 0.226560
v 0.141310 0.073445 0.199458
v 0.155121 0.119618 0.167781
v 0.210136 0.127064 0.166999
v 0.229915 0.134510 0.186476
v 0.236797 0.141956 0.213369
v 0.228938 0.147407 0.240471
v 0.208443 0.149402 0.260521
v 0.180805 0.147407 0.268147
v 0.153428 0.141956 0.261304
v 0.133648 0.134510 0.241827
v 0.126766 0.127064 0.214934
v 0.134626 0.121613 0.187832
v 0.181782 0.134510 0.214151
v 0.214376 0.137145 0.270839
v 0.128564 0.120059 0.249391
v 0.216318 0.111517 0.163541
v 0.237889 0.134856 0.247836
v 0.151257 0.128602 0.271737
v 0.182666 0.134856 0.279588
v 0.184909 0.105263 0.155691
v 0.153199 0.102974 0.164439
v 0.129685 0.105263 0.187443
v 0.120668 0.111517 0.218537
v 0.246906 0.128602 0.216741
v 0.239011 0.120059 0.185887
v 0.268478 0.123945 0.192757
v 0.119676 0.123945 0.278313
v -0.028253 0.370766 0.021032
v 0.120548 0.370766 -0.064525
v 0.179643 0.272166 0.038254
v 0.209191 0.222866 0.089644
v 0.060389 0.222866 0.175200
v 0.030842 0.272166 0.123811
v 0.179023 0.305183 -0.007183
v 0.148617 0.350019 -0.051888
v 0.271486 0.145012 0.161807
v 0.248147 0.189849 0.113039
v 0.061009 0.189849 0.220638
v 0.091415 0.145012 0.265343
v -0.031454 0.350019 0.051647
v -0.008115 0.305183 0.100416
vt 0.774898 0.603846
vt 0.774898 0.646154
vt 0.850102 0.646154
vt 0.850102 0.603846
vt 0.850102 0.603846
vt 0.850102 0.646154
vt 0.774898 0.646154
vt 0.774898 0.603846
vt 0.774898 0.603846
vt 0.774898 0.646154
vt 0.850102 0.646154
vt 0.850102 0.603846
vt 0.850102 0.603846
vt 0.850102 0.646154
vt 0.774898 0.646154
vt 0.774898 0.603846
vt 0.795670 0.597122
vt 0.787647 0.617450
vt 0.833539 0.617450
vt 0.825515 0.597122
vt 0.825515 0.597122
vt 0.833539 0.617450
vt 0.787647 0.617450
vt 0.795670 0.597122
vt 0.774624 0.582711
vt 0.778500 0.572891
vt 0.778500 0.572891
vt 0.774624 0.582711
vt 0.846561 0.582711
vt 0.846561 0.582711
vt 0.842685 0.572891
vt 0.842685 0.572891
vt 0.774898 0.603846
vt 0.774898 0.646154
vt 0.850102 0.646154
vt 0.850102 0.603846
vt 0.850102 0.603846
vt 0.850102 0.646154
vt 0.774898 0.646154
vt 0.774898 0.603846
vt 0.774898 0.603846
vt 0.774898 0.646154
vt 0.850102 0.646154
vt 0.850102 0.603846
vt 0.850102 0.603846
vt 0.850102 0.646154
vt 0.774898 0.646154
vt 0.774898 0.603846
vt 0.795670 0.597122
vt 0.787647 0.617450
vt 0.833539 0.617450
vt 0.825515 0.597122
vt 0.825515 0.597122
vt 0.833539 0.617450
vt 0.787647 0.617450
vt 0.795670 0.597122
vt 0.774624 0.582711
vt 0.778500 0.572891
vt 0.778500 0.572891
vt 0.774624 0.582711
vt 0.846561 0.582711
vt 0.846561 0.582711
vt 0.842685 0.572891
vt 0.842685 0.572891
vt 0.774898 0.656250
vt 0.774898 0.677404
vt 0.782171 0.677404
vt 0.782171 0.656250
vt 0.804980 0.656250
vt 0.804980 0.677404
vt 0.796063 0.677404
vt 0.796063 0.656250
vt 0.820020 0.656250
vt 0.820020 0.677404
vt 0.828937 0.677404
vt 0.828937 0.656250
vt 0.804980 0.646154
vt 0.796063 0.646154
vt 0.796063 0.646154
vt 0.804980 0.646154
vt 0.774898 0.656250
vt 0.774898 0.677404
vt 0.850102 0.656250
vt 0.850102 0.677404
vt 0.850102 0.677404
vt 0.850102 0.656250
vt 0.828937 0.646154
vt 0.820020 0.646154
vt 0.820020 0.646154
vt 0.828937 0.646154
vt 0.782171 0.656250
vt 0.782171 0.677404
vt 0.850102 0.646154
vt 0.842829 0.646154
vt 0.842829 0.646154
vt 0.850102 0.646154
vt 0.796063 0.656250
vt 0.796063 0.677404
vt 0.804980 0.677404
vt 0.804980 0.656250
vt 0.774898 0.603846
vt 0.782171 0.603846
vt 0.782171 0.603846
vt 0.774898 0.603846
vt 0.804980 0.603846
vt 0.820020 0.603846
vt 0.820020 0.603846
vt 0.804980 0.603846
vt 0.842829 0.656250
vt 0.842829 0.677404
vt 0.828937 0.656250
vt 0.828937 0.677404
vt 0.820020 0.677404
vt 0.820020 0.656250
vt 0.842829 0.677404
vt 0.842829 0.656250
vt 0.796063 0.603846
vt 0.796063 0.603846
vt 0.782171 0.646154
vt 0.774898 0.646154
vt 0.774898 0.646154
vt 0.782171 0.646154
vt 0.828937 0.603846
vt 0.828937 0.603846
vt 0.842829 0.603846
vt 0.842829 0.603846
vt 0.828937 0.625000
vt 0.842829 0.625000
vt 0.782171 0.625000
vt 0.796063 0.625000
vt 0.796063 0.625000
vt 0.782171 0.625000
vt 0.842829 0.625000
vt 0.828937 0.625000
vt 0.850102 0.603846
vt 0.850102 0.603846
vt 0.797111 0.116714
vt 0.835187 0.116714
vt 0.835187 0.089826
vt 0.797111 0.089826
vt 0.797111 0.043254
vt 0.835187 0.043254
vt 0.835187 0.036049
vt 0.797111 0.036049
vt 0.835187 0.043254
vt 0.797111 0.043254
vt 0.835187 0.062937
vt 0.797111 0.062937
vt 0.835187 0.089826
vt 0.797111 0.089826
vt 0.835187 0.116714
vt 0.797111 0.116714
vt 0.835187 0.136397
vt 0.797111 0.136397
vt 0.835187 0.143602
vt 0.797111 0.143602
vt 0.835187 0.136397
vt 0.797111 0.136397
vt 0.797111 0.062937
vt 0.835187 0.062937
vt 0.839946 0.065223
vt 0.839946 0.068519
vt 0.830427 0.073560
vt 0.830427 0.071043
vt 0.797111 0.136701
vt 0.797111 0.109812
vt 0.792352 0.115380
vt 0.792352 0.136701
vt 0.835187 0.109812
vt 0.835187 0.136701
vt 0.839946 0.136701
vt 0.839946 0.115380
vt 0.797111 0.090129
vt 0.792352 0.099772
vt 0.835187 0.090129
vt 0.839946 0.099772
vt 0.797111 0.082924
vt 0.792352 0.094059
vt 0.835187 0.082924
vt 0.839946 0.094059
vt 0.797111 0.090129
vt 0.792352 0.099772
vt 0.835187 0.090129
vt 0.839946 0.099772
vt 0.797111 0.109812
vt 0.792352 0.115380
vt 0.835187 0.109812
vt 0.839946 0.115380
vt 0.797111 0.136701
vt 0.792352 0.136701
vt 0.835187 0.136701
vt 0.839946 0.136701
vt 0.797111 0.163589
vt 0.792352 0.158021
vt 0.835187 0.163589
vt 0.839946 0.158021
vt 0.797111 0.183272
vt 0.792352 0.173629
vt 0.835187 0.183272
vt 0.839946 0.173629
vt 0.797111 0.190477
vt 0.792352 0.179342
vt 0.835187 0.190477
vt 0.839946 0.179342
vt 0.797111 0.183272
vt 0.792352 0.173629
vt 0.835187 0.183272
vt 0.839946 0.173629
vt 0.797111 0.163589
vt 0.792352 0.158021
vt 0.835187 0.163589
vt 0.839946 0.158021
vt 0.839946 0.089826
vt 0.839946 0.077524
vt 0.839946 0.068505
vt 0.839946 0.089826
vt 0.839946 0.052897
vt 0.839946 0.047184
vt 0.839946 0.068519
vt 0.839946 0.052897
vt 0.839946 0.077524
vt 0.839946 0.068505
vt 0.839946 0.089826
vt 0.839946 0.089826
vt 0.839946 0.102127
vt 0.839946 0.111146
vt 0.839946 0.111132
vt 0.839946 0.126754
vt 0.839946 0.114428
vt 0.839946 0.132467
vt 0.839946 0.111132
vt 0.839946 0.126754
vt 0.839946 0.102127
vt 0.839946 0.111146
vt 0.830427 0.108608
vt 0.830427 0.106091
vt 0.830427 0.089826
vt 0.830427 0.099217
vt 0.830427 0.073560
vt 0.830427 0.099217
vt 0.830427 0.089826
vt 0.830427 0.080434
vt 0.830427 0.106091
vt 0.830427 0.080434
vt 0.814802 0.589826
vt 0.814802 0.580434
vt 0.814802 0.589826
vt 0.814802 0.573560
vt 0.814802 0.571043
vt 0.814802 0.573560
vt 0.814802 0.580434
vt 0.814802 0.589826
vt 0.814802 0.599217
vt 0.814802 0.606091
vt 0.814802 0.608608
vt 0.814802 0.606091
vt 0.814802 0.599217
vt 0.792352 0.089826
vt 0.792352 0.089826
vt 0.792352 0.068505
vt 0.792352 0.052897
vt 0.792352 0.047184
vt 0.792352 0.052897
vt 0.792352 0.068505
vt 0.792352 0.089826
vt 0.792352 0.111146
vt 0.792352 0.126754
vt 0.792352 0.132467
vt 0.792352 0.126754
vt 0.792352 0.111146
vt 0.797111 0.116714
vt 0.797111 0.089826
vt 0.835187 0.089826
vt 0.835187 0.116714
vt 0.797111 0.043254
vt 0.797111 0.036049
vt 0.835187 0.036049
vt 0.835187 0.043254
vt 0.797111 0.043254
vt 0.835187 0.043254
vt 0.797111 0.062937
vt 0.835187 0.062937
vt 0.797111 0.089826
vt 0.835187 0.089826
vt 0.797111 0.116714
vt 0.835187 0.116714
vt 0.797111 0.136397
vt 0.835187 0.136397
vt 0.797111 0.143602
vt 0.835187 0.143602
vt 0.797111 0.136397
vt 0.835187 0.136397
vt 0.797111 0.062937
vt 0.835187 0.062937
vt 0.839946 0.065223
vt 0.830427 0.071043
vt 0.830427 0.073560
vt 0.839946 0.068519
vt 0.797111 0.136701
vt 0.792352 0.136701
vt 0.792352 0.115380
vt 0.797111 0.109812
vt 0.835187 0.109812
vt 0.839946 0.115380
vt 0.839946 0.136701
vt 0.835187 0.136701
vt 0.792352 0.099772
vt 0.797111 0.090129
vt 0.835187 0.090129
vt 0.839946 0.099772
vt 0.792352 0.094059
vt 0.797111 0.082924
vt 0.835187 0.082924
vt 0.839946 0.094059
vt 0.792352 0.099772
vt 0.797111 0.090129
vt 0.835187 0.090129
vt 0.839946 0.099772
vt 0.792352 0.115380
vt 0.797111 0.109812
vt 0.835187 0.109812
vt 0.839946 0.115380
vt 0.792352 0.136701
vt 0.797111 0.136701
vt 0.835187 0.136701
vt 0.839946 0.136701
vt 0.792352 0.158021
vt 0.797111 0.163589
vt 0.835187 0.163589
vt 0.839946 0.158021
vt 0.792352 0.173629
vt 0.797111 0.183272
vt 0.835187 0.183272
vt 0.839946 0.173629
vt 0.792352 0.179342
vt 0.797111 0.190477
vt 0.835187 0.190477
vt 0.839946 0.179342
vt 0.792352 0.173629
vt 0.797111 0.183272
vt 0.835187 0.183272
vt 0.839946 0.173629
vt 0.792352 0.158021
vt 0.797111 0.163589
vt 0.835187 0.163589
vt 0.839946 0.158021
vt 0.839946 0.089826
vt 0.839946 0.089826
vt 0.839946 0.068505
vt 0.839946 0.077524
vt 0.839946 0.052897
vt 0.839946 0.047184
vt 0.839946 0.052897
vt 0.839946 0.068519
vt 0.839946 0.068505
vt 0.839946 0.077524
vt 0.839946 0.089826
vt 0.839946 0.089826
vt 0.839946 0.111146
vt 0.839946 0.102127
vt 0.839946 0.126754
vt 0.839946 0.111132
vt 0.839946 0.132467
vt 0.839946 0.114428
vt 0.839946 0.126754
vt 0.839946 0.111132
vt 0.839946 0.111146
vt 0.839946 0.102127
vt 0.830427 0.106091
vt 0.830427 0.108608
vt 0.830427 0.099217
vt 0.830427 0.089826
vt 0.830427 0.073560
vt 0.830427 0.099217
vt 0.830427 0.080434
vt 0.830427 0.089826
vt 0.830427 0.106091
vt 0.830427 0.080434
vt 0.814802 0.589826
vt 0.814802 0.589826
vt 0.814802 0.580434
vt 0.814802 0.573560
vt 0.814802 0.571043
vt 0.814802 0.573560
vt 0.814802 0.580434
vt 0.814802 0.589826
vt 0.814802 0.599217
vt 0.814802 0.606091
vt 0.814802 0.608608
vt 0.814802 0.606091
vt 0.814802 0.599217
vt 0.792352 0.089826
vt 0.792352 0.068505
vt 0.792352 0.089826
vt 0.792352 0.052897
vt 0.792352 0.047184
vt 0.792352 0.052897
vt 0.792352 0.068505
vt 0.792352 0.089826
vt 0.792352 0.111146
vt 0.792352 0.126754
vt 0.792352 0.132467
vt 0.792352 0.126754
vt 0.792352 0.111146
vt 0.797111 0.116714
vt 0.835187 0.116714
vt 0.835187 0.089826
vt 0.797111 0.089826
vt 0.797111 0.043254
vt 0.835187 0.043254
vt 0.835187 0.036049
vt 0.797111 0.036049
vt 0.835187 0.043254
vt 0.797111 0.043254
vt 0.835187 0.062937
vt 0.797111 0.062937
vt 0.835187 0.089826
vt 0.797111 0.089826
vt 0.835187 0.116714
vt 0.797111 0.116714
vt 0.835187 0.136397
vt 0.797111 0.136397
vt 0.835187 0.143602
vt 0.797111 0.143602
vt 0.835187 0.136397
vt 0.797111 0.136397
vt 0.797111 0.062937
vt 0.835187 0.062937
vt 0.839946 0.065223
vt 0.839946 0.068519
vt 0.830427 0.073560
vt 0.830427 0.071043
vt 0.797111 0.136701
vt 0.797111 0.109812
vt 0.792352 0.115380
vt 0.792352 0.136701
vt 0.835187 0.109812
vt 0.835187 0.136701
vt 0.839946 0.136701
vt 0.839946 0.115380
vt 0.797111 0.090129
vt 0.792352 0.099772
vt 0.835187 0.090129
vt 0.839946 0.099772
vt 0.797111 0.082924
vt 0.792352 0.094059
vt 0.835187 0.082924
vt 0.839946 0.094059
vt 0.797111 0.090129
vt 0.792352 0.099772
vt 0.835187 0.090129
vt 0.839946 0.099772
vt 0.797111 0.109812
vt 0.792352 0.115380
vt 0.835187 0.109812
vt 0.839946 0.115380
vt 0.797111 0.136701
vt 0.792352 0.136701
vt 0.835187 0.136701
vt 0.839946 0.136701
vt 0.797111 0.163589
vt 0.792352 0.158021
vt 0.835187 0.163589
vt 0.839946 0.158021
vt 0.797111 0.183272
vt 0.792352 0.173629
vt 0.835187 0.183272
vt 0.839946 0.173629
vt 0.797111 0.190477
vt 0.792352 0.179342
vt 0.835187 0.190477
vt 0.839946 0.179342
vt 0.797111 0.183272
vt 0.792352 0.173629
vt 0.835187 0.183272
vt 0.839946 0.173629
vt 0.797111 0.163589
vt 0.792352 0.158021
vt 0.835187 0.163589
vt 0.839946 0.158021
vt 0.839946 0.089826
vt 0.839946 0.077524
vt 0.839946 0.068505
vt 0.839946 0.089826
vt 0.839946 0.052897
vt 0.839946 0.047184
vt 0.839946 0.068519
vt 0.839946 0.052897
vt 0.839946 0.077524
vt 0.839946 0.068505
vt 0.839946 0.089826
vt 0.839946 0.089826
vt 0.839946 0.102127
vt 0.839946 0.111146
vt 0.839946 0.111132
vt 0.839946 0.126754
vt 0.839946 0.114428
vt 0.839946 0.132467
vt 0.839946 0.111132
vt 0.839946 0.126754
vt 0.839946 0.102127
vt 0.839946 0.111146
vt 0.830427 0.108608
vt 0.830427 0.106091
vt 0.830427 0.089826
vt 0.830427 0.099217
vt 0.830427 0.073560
vt 0.830427 0.099217
vt 0.830427 0.089826
vt 0.830427 0.080434
vt 0.830427 0.106091
vt 0.830427 0.080434
vt 0.814802 0.589826
vt 0.814802 0.580434
vt 0.814802 0.589826
vt 0.814802 0.573560
vt 0.814802 0.571043
vt 0.814802 0.573560
vt 0.814802 0.580434
vt 0.814802 0.589826
vt 0.814802 0.599217
vt 0.814802 0.606091
vt 0.814802 0.608608
vt 0.814802 0.606091
vt 0.814802 0.599217
vt 0.792352 0.089826
vt 0.792352 0.089826
vt 0.792352 0.068505
vt 0.792352 0.052897
vt 0.792352 0.047184
vt 0.792352 0.052897
vt 0.792352 0.068505
vt 0.792352 0.089826
vt 0.792352 0.111146
vt 0.792352 0.126754
vt 0.792352 0.132467
vt 0.792352 0.126754
vt 0.792352 0.111146
vt 0.797111 0.116714
vt 0.797111 0.089826
vt 0.835187 0.089826
vt 0.835187 0.116714
vt 0.797111 0.043254
vt 0.797111 0.036049
vt 0.835187 0.036049
vt 0.835187 0.043254
vt 0.797111 0.043254
vt 0.835187 0.043254
vt 0.797111 0.062937
vt 0.835187 0.062937
vt 0.797111 0.089826
vt 0.835187 0.089826
vt 0.797111 0.116714
vt 0.835187 0.116714
vt 0.797111 0.136397
vt 0.835187 0.136397
vt 0.797111 0.143602
vt 0.835187 0.143602
vt 0.797111 0.136397
vt 0.835187 0.136397
vt 0.797111 0.062937
vt 0.835187 0.062937
vt 0.839946 0.065223
vt 0.830427 0.071043
vt 0.830427 0.073560
vt 0.839946 0.068519
vt 0.797111 0.136701
vt 0.792352 0.136701
vt 0.792352 0.115380
vt 0.797111 0.109812
vt 0.835187 0.109812
vt 0.839946 0.115380
vt 0.839946 0.136701
vt 0.835187 0.136701
vt 0.792352 0.099772
vt 0.797111 0.090129
vt 0.835187 0.090129
vt 0.839946 0.099772
vt 0.792352 0.094059
vt 0.797111 0.082924
vt 0.835187 0.082924
vt 0.839946 0.094059
vt 0.792352 0.099772
vt 0.797111 0.090129
vt 0.835187 0.090129
vt 0.839946 0.099772
vt 0.792352 0.115380
vt 0.797111 0.109812
vt 0.835187 0.109812
vt 0.839946 0.115380
vt 0.792352 0.136701
vt 0.797111 0.136701
vt 0.835187 0.136701
vt 0.839946 0.136701
vt 0.792352 0.158021
vt 0.797111 0.163589
vt 0.835187 0.163589
vt 0.839946 0.158021
vt 0.792352 0.173629
vt 0.797111 0.183272
vt 0.835187 0.183272
vt 0.839946 0.173629
vt 0.792352 0.179342
vt 0.797111 0.190477
vt 0.835187 0.190477
vt 0.839946 0.179342
vt 0.792352 0.173629
vt 0.797111 0.183272
vt 0.835187 0.183272
vt 0.839946 0.173629
vt 0.792352 0.158021
vt 0.797111 0.163589
vt 0.835187 0.163589
vt 0.839946 0.158021
vt 0.839946 0.089826
vt 0.839946 0.089826
vt 0.839946 0.068505
vt 0.839946 0.077524
vt 0.839946 0.052897
vt 0.839946 0.047184
vt 0.839946 0.052897
vt 0.839946 0.068519
vt 0.839946 0.068505
vt 0.839946 0.077524
vt 0.839946 0.089826
vt 0.839946 0.089826
vt 0.839946 0.111146
vt 0.839946 0.102127
vt 0.839946 0.126754
vt 0.839946 0.111132
vt 0.839946 0.132467
vt 0.839946 0.114428
vt 0.839946 0.126754
vt 0.839946 0.111132
vt 0.839946 0.111146
vt 0.839946 0.102127
vt 0.830427 0.106091
vt 0.830427 0.108608
vt 0.830427 0.099217
vt 0.830427 0.089826
vt 0.830427 0.073560
vt 0.830427 0.099217
vt 0.830427 0.080434
vt 0.830427 0.089826
vt 0.830427 0.106091
vt 0.830427 0.080434
vt 0.814802 0.589826
vt 0.814802 0.589826
vt 0.814802 0.580434
vt 0.814802 0.573560
vt 0.814802 0.571043
vt 0.814802 0.573560
vt 0.814802 0.580434
vt 0.814802 0.589826
vt 0.814802 0.599217
vt 0.814802 0.606091
vt 0.814802 0.608608
vt 0.814802 0.606091
vt 0.814802 0.599217
vt 0.792352 0.089826
vt 0.792352 0.068505
vt 0.792352 0.089826
vt 0.792352 0.052897
vt 0.792352 0.047184
vt 0.792352 0.052897
vt 0.792352 0.068505
vt 0.792352 0.089826
vt 0.792352 0.111146
vt 0.792352 0.126754
vt 0.792352 0.132467
vt 0.792352 0.126754
vt 0.792352 0.111146
vt 0.342978 0.096385
vt 0.332253 0.165393
vt 0.334910 0.165401
vt 0.347288 0.096399
vt 0.331203 0.096350
vt 0.324995 0.165371
vt 0.315080 0.165341
vt 0.315118 0.096301
vt 0.305165 0.165311
vt 0.299034 0.096252
vt 0.297906 0.165289
vt 0.287259 0.096216
vt 0.295249 0.165281
vt 0.282949 0.096203
vt 0.297906 0.165289
vt 0.287259 0.096216
vt 0.305165 0.165311
vt 0.299034 0.096252
vt 0.315080 0.165341
vt 0.315118 0.096301
vt 0.324995 0.165371
vt 0.331203 0.096350
vt 0.342978 0.096385
vt 0.332253 0.165393
vt 0.347288 0.190149
vt 0.342978 0.190135
vt 0.338130 0.171466
vt 0.341688 0.171477
vt 0.331203 0.190100
vt 0.328408 0.171437
vt 0.315118 0.190051
vt 0.315129 0.171397
vt 0.299034 0.190002
vt 0.301849 0.171356
vt 0.287259 0.189966
vt 0.292128 0.171327
vt 0.282949 0.189953
vt 0.288570 0.171316
vt 0.287259 0.189966
vt 0.292128 0.171327
vt 0.299034 0.190002
vt 0.301849 0.171356
vt 0.315118 0.190051
vt 0.315129 0.171397
vt 0.331203 0.190100
vt 0.328408 0.171437
vt 0.342978 0.190135
vt 0.338130 0.171466
vt 0.315129 0.124522
vt 0.341688 0.124602
vt 0.338130 0.124591
vt 0.328408 0.124562
vt 0.315129 0.124522
vt 0.301849 0.124481
vt 0.292128 0.124452
vt 0.288570 0.124441
vt 0.292128 0.124452
vt 0.301849 0.124481
vt 0.315129 0.124522
vt 0.328408 0.124562
vt 0.338130 0.124591
vt 0.795249 0.634031
vt 0.797906 0.634039
vt 0.797906 0.634039
vt 0.795249 0.634031
vt 0.815080 0.634091
vt 0.805165 0.634061
vt 0.805165 0.634061
vt 0.815080 0.634091
vt 0.824995 0.634121
vt 0.832253 0.634143
vt 0.832253 0.634143
vt 0.824995 0.634121
vt 0.834910 0.634151
vt 0.832253 0.634143
vt 0.832253 0.634143
vt 0.834910 0.634151
vt 0.805165 0.634061
vt 0.805165 0.634061
vt 0.797906 0.634039
vt 0.797906 0.634039
vt 0.824995 0.634121
vt 0.824995 0.634121
vt 0.815080 0.634091
vt 0.815080 0.634091
vt 0.797906 0.634039
vt 0.795249 0.634031
vt 0.795249 0.634031
vt 0.797906 0.634039
vt 0.824995 0.634121
vt 0.815080 0.634091
vt 0.815080 0.634091
vt 0.824995 0.634121
vt 0.815080 0.634091
vt 0.824995 0.634121
vt 0.824995 0.634121
vt 0.815080 0.634091
vt 0.797906 0.634039
vt 0.797906 0.634039
vt 0.805165 0.634061
vt 0.805165 0.634061
vt 0.832253 0.634143
vt 0.832253 0.634143
vt 0.834910 0.634151
vt 0.832253 0.634143
vt 0.832253 0.634143
vt 0.834910 0.634151
vt 0.805165 0.634061
vt 0.805165 0.634061
vt 0.815080 0.634091
vt 0.805165 0.665311
vt 0.815080 0.665341
vt 0.815080 0.665341
vt 0.805165 0.665311
vt 0.832253 0.665393
vt 0.824995 0.665371
vt 0.824995 0.665371
vt 0.832253 0.665393
vt 0.832253 0.665393
vt 0.834910 0.665401
vt 0.834910 0.665401
vt 0.832253 0.665393
vt 0.805165 0.665311
vt 0.797906 0.665289
vt 0.797906 0.665289
vt 0.805165 0.665311
vt 0.797906 0.665289
vt 0.797906 0.665289
vt 0.824995 0.665371
vt 0.824995 0.665371
vt 0.815080 0.665341
vt 0.815080 0.665341
vt 0.795249 0.665281
vt 0.795249 0.665281
vt 0.804980 0.625000
vt 0.820020 0.625000
vt 0.850102 0.625000
vt 0.820020 0.625000
vt 0.804980 0.625000
vt 0.850102 0.625000
vt 0.774898 0.625000
vt 0.774898 0.625000
vt 0.774898 0.656250
vt 0.774898 0.677404
vt 0.782171 0.677404
vt 0.782171 0.656250
vt 0.804980 0.656250
vt 0.804980 0.677404
vt 0.796063 0.677404
vt 0.796063 0.656250
vt 0.820020 0.656250
vt 0.820020 0.677404
vt 0.828937 0.677404
vt 0.828937 0.656250
vt 0.804980 0.646154
vt 0.796063 0.646154
vt 0.796063 0.646154
vt 0.804980 0.646154
vt 0.774898 0.656250
vt 0.774898 0.677404
vt 0.850102 0.656250
vt 0.850102 0.677404
vt 0.850102 0.677404
vt 0.850102 0.656250
vt 0.828937 0.646154
vt 0.820020 0.646154
vt 0.820020 0.646154
vt 0.828937 0.646154
vt 0.782171 0.656250
vt 0.782171 0.677404
vt 0.850102 0.646154
vt 0.842829 0.646154
vt 0.842829 0.646154
vt 0.850102 0.646154
vt 0.796063 0.656250
vt 0.796063 0.677404
vt 0.804980 0.677404
vt 0.804980 0.656250
vt 0.774898 0.603846
vt 0.782171 0.603846
vt 0.782171 0.603846
vt 0.774898 0.603846
vt 0.804980 0.603846
vt 0.820020 0.603846
vt 0.820020 0.603846
vt 0.804980 0.603846
vt 0.842829 0.656250
vt 0.842829 0.677404
vt 0.828937 0.656250
vt 0.828937 0.677404
vt 0.820020 0.677404
vt 0.820020 0.656250
vt 0.842829 0.677404
vt 0.842829 0.656250
vt 0.796063 0.603846
vt 0.796063 0.603846
vt 0.782171 0.646154
vt 0.774898 0.646154
vt 0.774898 0.646154
vt 0.782171 0.646154
vt 0.828937 0.603846
vt 0.828937 0.603846
vt 0.842829 0.603846
vt 0.842829 0.603846
vt 0.828937 0.625000
vt 0.842829 0.625000
vt 0.782171 0.625000
vt 0.796063 0.625000
vt 0.796063 0.625000
vt 0.782171 0.625000
vt 0.842829 0.625000
vt 0.828937 0.625000
vt 0.850102 0.603846
vt 0.850102 0.603846
vt 0.797111 0.116714
vt 0.835187 0.116714
vt 0.835187 0.089826
vt 0.797111 0.089826
vt 0.797111 0.043254
vt 0.835187 0.043254
vt 0.835187 0.036049
vt 0.797111 0.036049
vt 0.835187 0.043254
vt 0.797111 0.043254
vt 0.835187 0.062937
vt 0.797111 0.062937
vt 0.835187 0.089826
vt 0.797111 0.089826
vt 0.835187 0.116714
vt 0.797111 0.116714
vt 0.835187 0.136397
vt 0.797111 0.136397
vt 0.835187 0.143602
vt 0.797111 0.143602
vt 0.835187 0.136397
vt 0.797111 0.136397
vt 0.797111 0.062937
vt 0.835187 0.062937
vt 0.839946 0.065223
vt 0.839946 0.068519
vt 0.830427 0.073560
vt 0.830427 0.071043
vt 0.797111 0.136701
vt 0.797111 0.109812
vt 0.792352 0.115380
vt 0.792352 0.136701
vt 0.835187 0.109812
vt 0.835187 0.136701
vt 0.839946 0.136701
vt 0.839946 0.115380
vt 0.797111 0.090129
vt 0.792352 0.099772
vt 0.835187 0.090129
vt 0.839946 0.099772
vt 0.797111 0.082924
vt 0.792352 0.094059
vt 0.835187 0.082924
vt 0.839946 0.094059
vt 0.797111 0.090129
vt 0.792352 0.099772
vt 0.835187 0.090129
vt 0.839946 0.099772
vt 0.797111 0.109812
vt 0.792352 0.115380
vt 0.835187 0.109812
vt 0.839946 0.115380
vt 0.797111 0.136701
vt 0.792352 0.136701
vt 0.835187 0.136701
vt 0.839946 0.136701
vt 0.797111 0.163589
vt 0.792352 0.158021
vt 0.835187 0.163589
vt 0.839946 0.158021
vt 0.797111 0.183272
vt 0.792352 0.173629
vt 0.835187 0.183272
vt 0.839946 0.173629
vt 0.797111 0.190477
vt 0.792352 0.179342
vt 0.835187 0.190477
vt 0.839946 0.179342
vt 0.797111 0.183272
vt 0.792352 0.173629
vt 0.835187 0.183272
vt 0.839946 0.173629
vt 0.797111 0.163589
vt 0.792352 0.158021
vt 0.835187 0.163589
vt 0.839946 0.158021
vt 0.839946 0.089826
vt 0.839946 0.077524
vt 0.839946 0.068505
vt 0.839946 0.089826
vt 0.839946 0.052897
vt 0.839946 0.047184
vt 0.839946 0.068519
vt 0.839946 0.052897
vt 0.839946 0.077524
vt 0.839946 0.068505
vt 0.839946 0.089826
vt 0.839946 0.089826
vt 0.839946 0.102127
vt 0.839946 0.111146
vt 0.839946 0.111132
vt 0.839946 0.126754
vt 0.839946 0.114428
vt 0.839946 0.132467
vt 0.839946 0.111132
vt 0.839946 0.126754
vt 0.839946 0.102127
vt 0.839946 0.111146
vt 0.830427 0.108608
vt 0.830427 0.106091
vt 0.830427 0.089826
vt 0.830427 0.099217
vt 0.830427 0.073560
vt 0.830427 0.099217
vt 0.830427 0.089826
vt 0.830427 0.080434
vt 0.830427 0.106091
vt 0.830427 0.080434
vt 0.814802 0.589826
vt 0.814802 0.580434
vt 0.814802 0.589826
vt 0.814802 0.573560
vt 0.814802 0.571043
vt 0.814802 0.573560
vt 0.814802 0.580434
vt 0.814802 0.589826
vt 0.814802 0.599217
vt 0.814802 0.606091
vt 0.814802 0.608608
vt 0.814802 0.606091
vt 0.814802 0.599217
vt 0.792352 0.089826
vt 0.792352 0.089826
vt 0.792352 0.068505
vt 0.792352 0.052897
vt 0.792352 0.047184
vt 0.792352 0.052897
vt 0.792352 0.068505
vt 0.792352 0.089826
vt 0.792352 0.111146
vt 0.792352 0.126754
vt 0.792352 0.132467
vt 0.792352 0.126754
vt 0.792352 0.111146
vt 0.797111 0.116714
vt 0.797111 0.089826
vt 0.835187 0.089826
vt 0.835187 0.116714
vt 0.797111 0.043254
vt 0.797111 0.036049
vt 0.835187 0.036049
vt 0.835187 0.043254
vt 0.797111 0.043254
vt 0.835187 0.043254
vt 0.797111 0.062937
vt 0.835187 0.062937
vt 0.797111 0.089826
vt 0.835187 0.089826
vt 0.797111 0.116714
vt 0.835187 0.116714
vt 0.797111 0.136397
vt 0.835187 0.136397
vt 0.797111 0.143602
vt 0.835187 0.143602
vt 0.797111 0.136397
vt 0.835187 0.136397
vt 0.797111 0.062937
vt 0.835187 0.062937
vt 0.839946 0.065223
vt 0.830427 0.071043
vt 0.830427 0.073560
vt 0.839946 0.068519
vt 0.797111 0.136701
vt 0.792352 0.136701
vt 0.792352 0.115380
vt 0.797111 0.109812
vt 0.835187 0.109812
vt 0.839946 0.115380
vt 0.839946 0.136701
vt 0.835187 0.136701
vt 0.792352 0.099772
vt 0.797111 0.090129
vt 0.835187 0.090129
vt 0.839946 0.099772
vt 0.792352 0.094059
vt 0.797111 0.082924
vt 0.835187 0.082924
vt 0.839946 0.094059
vt 0.792352 0.099772
vt 0.797111 0.090129
vt 0.835187 0.090129
vt 0.839946 0.099772
vt 0.792352 0.115380
vt 0.797111 0.109812
vt 0.835187 0.109812
vt 0.839946 0.115380
vt 0.792352 0.136701
vt 0.797111 0.136701
vt 0.835187 0.136701
vt 0.839946 0.136701
vt 0.792352 0.158021
vt 0.797111 0.163589
vt 0.835187 0.163589
vt 0.839946 0.158021
vt 0.792352 0.173629
vt 0.797111 0.183272
vt 0.835187 0.183272
vt 0.839946 0.173629
vt 0.792352 0.179342
vt 0.797111 0.190477
vt 0.835187 0.190477
vt 0.839946 0.179342
vt 0.792352 0.173629
vt 0.797111 0.183272
vt 0.835187 0.183272
vt 0.839946 0.173629
vt 0.792352 0.158021
vt 0.797111 0.163589
vt 0.835187 0.163589
vt 0.839946 0.158021
vt 0.839946 0.089826
vt 0.839946 0.089826
vt 0.839946 0.068505
vt 0.839946 0.077524
vt 0.839946 0.052897
vt 0.839946 0.047184
vt 0.839946 0.052897
vt 0.839946 0.068519
vt 0.839946 0.068505
vt 0.839946 0.077524
vt 0.839946 0.089826
vt 0.839946 0.089826
vt 0.839946 0.111146
vt 0.839946 0.102127
vt 0.839946 0.126754
vt 0.839946 0.111132
vt 0.839946 0.132467
vt 0.839946 0.114428
vt 0.839946 0.126754
vt 0.839946 0.111132
vt 0.839946 0.111146
vt 0.839946 0.102127
vt 0.830427 0.106091
vt 0.830427 0.108608
vt 0.830427 0.099217
vt 0.830427 0.089826
vt 0.830427 0.073560
vt 0.830427 0.099217
vt 0.830427 0.080434
vt 0.830427 0.089826
vt 0.830427 0.106091
vt 0.830427 0.080434
vt 0.814802 0.589826
vt 0.814802 0.589826
vt 0.814802 0.580434
vt 0.814802 0.573560
vt 0.814802 0.571043
vt 0.814802 0.573560
vt 0.814802 0.580434
vt 0.814802 0.589826
vt 0.814802 0.599217
vt 0.814802 0.606091
vt 0.814802 0.608608
vt 0.814802 0.606091
vt 0.814802 0.599217
vt 0.792352 0.089826
vt 0.792352 0.068505
vt 0.792352 0.089826
vt 0.792352 0.052897
vt 0.792352 0.047184
vt 0.792352 0.052897
vt 0.792352 0.068505
vt 0.792352 0.089826
vt 0.792352 0.111146
vt 0.792352 0.126754
vt 0.792352 0.132467
vt 0.792352 0.126754
vt 0.792352 0.111146
vt 0.797111 0.116714
vt 0.835187 0.116714
vt 0.835187 0.089826
vt 0.797111 0.089826
vt 0.797111 0.043254
vt 0.835187 0.043254
vt 0.835187 0.036049
vt 0.797111 0.036049
vt 0.835187 0.043254
vt 0.797111 0.043254
vt 0.835187 0.062937
vt 0.797111 0.062937
vt 0.835187 0.089826
vt 0.797111 0.089826
vt 0.835187 0.116714
vt 0.797111 0.116714
vt 0.835187 0.136397
vt 0.797111 0.136397
vt 0.835187 0.143602
vt 0.797111 0.143602
vt 0.835187 0.136397
vt 0.797111 0.136397
vt 0.797111 0.062937
vt 0.835187 0.062937
vt 0.839946 0.065223
vt 0.839946 0.068519
vt 0.830427 0.073560
vt 0.830427 0.071043
vt 0.797111 0.136701
vt 0.797111 0.109812
vt 0.792352 0.115380
vt 0.792352 0.136701
vt 0.835187 0.109812
vt 0.835187 0.136701
vt 0.839946 0.136701
vt 0.839946 0.115380
vt 0.797111 0.090129
vt 0.792352 0.099772
vt 0.835187 0.090129
vt 0.839946 0.099772
vt 0.797111 0.082924
vt 0.792352 0.094059
vt 0.835187 0.082924
vt 0.839946 0.094059
vt 0.797111 0.090129
vt 0.792352 0.099772
vt 0.835187 0.090129
vt 0.839946 0.099772
vt 0.797111 0.109812
vt 0.792352 0.115380
vt 0.835187 0.109812
vt 0.839946 0.115380
vt 0.797111 0.136701
vt 0.792352 0.136701
vt 0.835187 0.136701
vt 0.839946 0.136701
vt 0.797111 0.163589
vt 0.792352 0.158021
vt 0.835187 0.163589
vt 0.839946 0.158021
vt 0.797111 0.183272
vt 0.792352 0.173629
vt 0.835187 0.183272
vt 0.839946 0.173629
vt 0.797111 0.190477
vt 0.792352 0.179342
vt 0.835187 0.190477
vt 0.839946 0.179342
vt 0.797111 0.183272
vt 0.792352 0.173629
vt 0.835187 0.183272
vt 0.839946 0.173629
vt 0.797111 0.163589
vt 0.792352 0.158021
vt 0.835187 0.163589
vt 0.839946 0.158021
vt 0.839946 0.089826
vt 0.839946 0.077524
vt 0.839946 0.068505
vt 0.839946 0.089826
vt 0.839946 0.052897
vt 0.839946 0.047184
vt 0.839946 0.068519
vt 0.839946 0.052897
vt 0.839946 0.077524
vt 0.839946 0.068505
vt 0.839946 0.089826
vt 0.839946 0.089826
vt 0.839946 0.102127
vt 0.839946 0.111146
vt 0.839946 0.111132
vt 0.839946 0.126754
vt 0.839946 0.114428
vt 0.839946 0.132467
vt 0.839946 0.111132
vt 0.839946 0.126754
vt 0.839946 0.102127
vt 0.839946 0.111146
vt 0.830427 0.108608
vt 0.830427 0.106091
vt 0.830427 0.089826
vt 0.830427 0.099217
vt 0.830427 0.073560
vt 0.830427 0.099217
vt 0.830427 0.089826
vt 0.830427 0.080434
vt 0.830427 0.106091
vt 0.830427 0.080434
vt 0.814802 0.589826
vt 0.814802 0.580434
vt 0.814802 0.589826
vt 0.814802 0.573560
vt 0.814802 0.571043
vt 0.814802 0.573560
vt 0.814802 0.580434
vt 0.814802 0.589826
vt 0.814802 0.599217
vt 0.814802 0.606091
vt 0.814802 0.608608
vt 0.814802 0.606091
vt 0.814802 0.599217
vt 0.792352 0.089826
vt 0.792352 0.089826
vt 0.792352 0.068505
vt 0.792352 0.052897
vt 0.792352 0.047184
vt 0.792352 0.052897
vt 0.792352 0.068505
vt 0.792352 0.089826
vt 0.792352 0.111146
vt 0.792352 0.126754
vt 0.792352 0.132467
vt 0.792352 0.126754
vt 0.792352 0.111146
vt 0.797111 0.116714
vt 0.797111 0.089826
vt 0.835187 0.089826
vt 0.835187 0.116714
vt 0.797111 0.043254
vt 0.797111 0.036049
vt 0.835187 0.036049
vt 0.835187 0.043254
vt 0.797111 0.043254
vt 0.835187 0.043254
vt 0.797111 0.062937
vt 0.835187 0.062937
vt 0.797111 0.089826
vt 0.835187 0.089826
vt 0.797111 0.116714
vt 0.835187 0.116714
vt 0.797111 0.136397
vt 0.835187 0.136397
vt 0.797111 0.143602
vt 0.835187 0.143602
vt 0.797111 0.136397
vt 0.835187 0.136397
vt 0.797111 0.062937
vt 0.835187 0.062937
vt 0.839946 0.065223
vt 0.830427 0.071043
vt 0.830427 0.073560
vt 0.839946 0.068519
vt 0.797111 0.136701
vt 0.792352 0.136701
vt 0.792352 0.115380
vt 0.797111 0.109812
vt 0.835187 0.109812
vt 0.839946 0.115380
vt 0.839946 0.136701
vt 0.835187 0.136701
vt 0.792352 0.099772
vt 0.797111 0.090129
vt 0.835187 0.090129
vt 0.839946 0.099772
vt 0.792352 0.094059
vt 0.797111 0.082924
vt 0.835187 0.082924
vt 0.839946 0.094059
vt 0.792352 0.099772
vt 0.797111 0.090129
vt 0.835187 0.090129
vt 0.839946 0.099772
vt 0.792352 0.115380
vt 0.797111 0.109812
vt 0.835187 0.109812
vt 0.839946 0.115380
vt 0.792352 0.136701
vt 0.797111 0.136701
vt 0.835187 0.136701
vt 0.839946 0.136701
vt 0.792352 0.158021
vt 0.797111 0.163589
vt 0.835187 0.163589
vt 0.839946 0.158021
vt 0.792352 0.173629
vt 0.797111 0.183272
vt 0.835187 0.183272
vt 0.839946 0.173629
vt 0.792352 0.179342
vt 0.797111 0.190477
vt 0.835187 0.190477
vt 0.839946 0.179342
vt 0.792352 0.173629
vt 0.797111 0.183272
vt 0.835187 0.183272
vt 0.839946 0.173629
vt 0.792352 0.158021
vt 0.797111 0.163589
vt 0.835187 0.163589
vt 0.839946 0.158021
vt 0.839946 0.089826
vt 0.839946 0.089826
vt 0.839946 0.068505
vt 0.839946 0.077524
vt 0.839946 0.052897
vt 0.839946 0.047184
vt 0.839946 0.052897
vt 0.839946 0.068519
vt 0.839946 0.068505
vt 0.839946 0.077524
vt 0.839946 0.089826
vt 0.839946 0.089826
vt 0.839946 0.111146
vt 0.839946 0.102127
vt 0.839946 0.126754
vt 0.839946 0.111132
vt 0.839946 0.132467
vt 0.839946 0.114428
vt 0.839946 0.126754
vt 0.839946 0.111132
vt 0.839946 0.111146
vt 0.839946 0.102127
vt 0.830427 0.106091
vt 0.830427 0.108608
vt 0.830427 0.099217
vt 0.830427 0.089826
vt 0.830427 0.073560
vt 0.830427 0.099217
vt 0.830427 0.080434
vt 0.830427 0.089826
vt 0.830427 0.106091
vt 0.830427 0.080434
vt 0.814802 0.589826
vt 0.814802 0.589826
vt 0.814802 0.580434
vt 0.814802 0.573560
vt 0.814802 0.571043
vt 0.814802 0.573560
vt 0.814802 0.580434
vt 0.814802 0.589826
vt 0.814802 0.599217
vt 0.814802 0.606091
vt 0.814802 0.608608
vt 0.814802 0.606091
vt 0.814802 0.599217
vt 0.792352 0.089826
vt 0.792352 0.068505
vt 0.792352 0.089826
vt 0.792352 0.052897
vt 0.792352 0.047184
vt 0.792352 0.052897
vt 0.792352 0.068505
vt 0.792352 0.089826
vt 0.792352 0.111146
vt 0.792352 0.126754
vt 0.792352 0.132467
vt 0.792352 0.126754
vt 0.792352 0.111146
vt 0.342978 0.096385
vt 0.332253 0.165393
vt 0.334910 0.165401
vt 0.347288 0.096399
vt 0.331203 0.096350
vt 0.324995 0.165371
vt 0.315080 0.165341
vt 0.315118 0.096301
vt 0.305165 0.165311
vt 0.299034 0.096252
vt 0.297906 0.165289
vt 0.287259 0.096216
vt 0.295249 0.165281
vt 0.282949 0.096203
vt 0.297906 0.165289
vt 0.287259 0.096216
vt 0.305165 0.165311
vt 0.299034 0.096252
vt 0.315080 0.165341
vt 0.315118 0.096301
vt 0.324995 0.165371
vt 0.331203 0.096350
vt 0.342978 0.096385
vt 0.332253 0.165393
vt 0.347288 0.190149
vt 0.342978 0.190135
vt 0.338130 0.171466
vt 0.341688 0.171477
vt 0.331203 0.190100
vt 0.328408 0.171437
vt 0.315118 0.190051
vt 0.315129 0.171397
vt 0.299034 0.190002
vt 0.301849 0.171356
vt 0.287259 0.189966
vt 0.292128 0.171327
vt 0.282949 0.189953
vt 0.288570 0.171316
vt 0.287259 0.189966
vt 0.292128 0.171327
vt 0.299034 0.190002
vt 0.301849 0.171356
vt 0.315118 0.190051
vt 0.315129 0.171397
vt 0.331203 0.190100
vt 0.328408 0.171437
vt 0.342978 0.190135
vt 0.338130 0.171466
vt 0.315129 0.124522
vt 0.341688 0.124602
vt 0.338130 0.124591
vt 0.328408 0.124562
vt 0.315129 0.124522
vt 0.301849 0.124481
vt 0.292128 0.124452
vt 0.288570 0.124441
vt 0.292128 0.124452
vt 0.301849 0.124481
vt 0.315129 0.124522
vt 0.328408 0.124562
vt 0.338130 0.124591
vt 0.795249 0.634031
vt 0.797906 0.634039
vt 0.797906 0.634039
vt 0.795249 0.634031
vt 0.815080 0.634091
vt 0.805165 0.634061
vt 0.805165 0.634061
vt 0.815080 0.634091
vt 0.824995 0.634121
vt 0.832253 0.634143
vt 0.832253 0.634143
vt 0.824995 0.634121
vt 0.834910 0.634151
vt 0.832253 0.634143
vt 0.832253 0.634143
vt 0.834910 0.634151
vt 0.805165 0.634061
vt 0.805165 0.634061
vt 0.797906 0.634039
vt 0.797906 0.634039
vt 0.824995 0.634121
vt 0.824995 0.634121
vt 0.815080 0.634091
vt 0.815080 0.634091
vt 0.797906 0.634039
vt 0.795249 0.634031
vt 0.795249 0.634031
vt 0.797906 0.634039
vt 0.824995 0.634121
vt 0.815080 0.634091
vt 0.815080 0.634091
vt 0.824995 0.634121
vt 0.815080 0.634091
vt 0.824995 0.634121
vt 0.824995 0.634121
vt 0.815080 0.634091
vt 0.797906 0.634039
vt 0.797906 0.634039
vt 0.805165 0.634061
vt 0.805165 0.634061
vt 0.832253 0.634143
vt 0.832253 0.634143
vt 0.834910 0.634151
vt 0.832253 0.634143
vt 0.832253 0.634143
vt 0.834910 0.634151
vt 0.805165 0.634061
vt 0.805165 0.634061
vt 0.815080 0.634091
vt 0.805165 0.665311
vt 0.815080 0.665341
vt 0.815080 0.665341
vt 0.805165 0.665311
vt 0.832253 0.665393
vt 0.824995 0.665371
vt 0.824995 0.665371
vt 0.832253 0.665393
vt 0.832253 0.665393
vt 0.834910 0.665401
vt 0.834910 0.665401
vt 0.832253 0.665393
vt 0.805165 0.665311
vt 0.797906 0.665289
vt 0.797906 0.665289
vt 0.805165 0.665311
vt 0.797906 0.665289
vt 0.797906 0.665289
vt 0.824995 0.665371
vt 0.824995 0.665371
vt 0.815080 0.665341
vt 0.815080 0.665341
vt 0.795249 0.665281
vt 0.795249 0.665281
vt 0.804980 0.625000
vt 0.820020 0.625000
vt 0.850102 0.625000
vt 0.820020 0.625000
vt 0.804980 0.625000
vt 0.850102 0.625000
vt 0.774898 0.625000
vt 0.774898 0.625000
vn 0.5014 0.0000 -0.8652
vn -0.5014 0.0000 0.8652
vn 0.0000 -1.0000 0.0000
vn 0.0000 1.0000 -0.0000
vn -0.7789 -0.4354 -0.4514
vn 0.7789 -0.4354 0.4514
vn 0.8277 -0.3898 0.4038
vn -0.7618 -0.3898 -0.5174
vn 0.3937 0.6193 -0.6793
vn -0.8277 -0.3898 -0.4038
vn -0.3937 0.6193 0.6793
vn 0.2793 -0.8305 -0.4820
vn 0.7618 -0.3898 0.5174
vn -0.2793 -0.8305 0.4820
vn -0.3832 0.6394 -0.6665
vn 0.3832 -0.6394 0.6665
vn -0.3187 -0.7688 -0.5543
vn 0.3187 0.7688 0.5543
vn -0.9192 -0.3348 0.2073
vn 0.6416 -0.3348 -0.6901
vn 0.6469 -0.2577 -0.7177
vn -0.9457 -0.2577 0.1980
vn -0.1035 0.9782 -0.1801
vn -0.8954 -0.3417 0.2856
vn 0.4983 -0.0259 0.8666
vn -0.4782 -0.2823 -0.8317
vn 0.6973 -0.3417 -0.6301
vn -0.0512 -0.9947 -0.0891
vn -0.9988 0.0001 -0.0499
vn -0.9356 0.3496 -0.0496
vn -0.8919 0.3935 -0.2230
vn -0.9630 -0.0016 -0.2697
vn 0.9473 -0.0000 0.3203
vn 0.8747 0.3709 0.3120
vn 0.8582 0.4071 0.3127
vn 0.9326 -0.0000 0.3610
vn -0.9473 -0.0000 -0.3203
vn -0.8747 0.3709 -0.3120
vn -0.8582 0.4071 -0.3127
vn -0.9326 -0.0000 -0.3610
vn -0.5013 -0.0188 0.8651
vn 0.7127 -0.0016 0.7015
vn 0.6369 0.3935 0.6630
vn 0.5082 0.3496 0.7871
vn 0.5398 0.0001 0.8418
vn -0.7768 -0.0000 -0.6297
vn -0.6980 0.4071 -0.5891
vn -0.7055 0.3709 -0.6039
vn -0.7489 -0.0000 -0.6627
vn -0.7107 -0.0000 -0.7034
vn -0.6330 0.3949 -0.6659
vn -0.5004 0.3516 -0.7912
vn -0.5345 -0.0000 -0.8452
vn 0.7768 -0.0000 0.6297
vn 0.6980 0.4071 0.5891
vn 0.7055 0.3709 0.6039
vn 0.7489 -0.0000 0.6627
vn 0.9990 -0.0000 0.0436
vn 0.9353 0.3516 0.0408
vn 0.8924 0.3949 0.2182
vn 0.9637 -0.0000 0.2670
vn 0.6980 -0.4071 0.5891
vn 0.8924 -0.3949 0.2182
vn 0.6336 -0.3969 0.6641
vn 0.8582 -0.4071 0.3127
vn -0.6980 -0.4071 -0.5891
vn -0.8912 -0.3969 -0.2196
vn -0.6330 -0.3949 -0.6659
vn -0.8582 -0.4071 -0.3127
vn 0.4342 0.5000 -0.7493
vn 0.7230 0.4647 -0.5112
vn 0.1465 0.0000 -0.9892
vn -0.0865 -0.8048 -0.5872
vn 0.2507 -0.8660 -0.4326
vn -0.3195 -0.9293 -0.1851
vn 0.0865 -0.8048 0.5872
vn -0.5525 -0.8048 0.2169
vn -0.0841 -0.4647 0.8815
vn -0.7230 -0.4647 0.5112
vn -0.1465 -0.0000 0.9892
vn -0.0841 0.4647 0.8815
vn -0.7230 0.4647 0.5112
vn 0.0865 0.8048 0.5872
vn -0.5525 0.8048 0.2169
vn 0.3195 0.9293 0.1851
vn -0.3195 0.9293 -0.1851
vn 0.5525 0.8048 -0.2169
vn -0.0865 0.8048 -0.5872
vn 0.0841 -0.4647 -0.8815
vn 0.4342 -0.5000 -0.7493
vn 0.2260 0.9653 0.1310
vn -0.0160 0.8360 0.5486
vn -0.5980 -0.2129 -0.7727
vn -0.5694 0.0000 -0.8221
vn 0.9240 -0.3474 -0.1599
vn 0.9707 0.0000 -0.2404
vn 0.9963 0.0000 0.0854
vn 0.9677 -0.2129 0.1347
vn -0.6761 -0.3687 -0.6379
vn 0.7965 -0.6017 0.0601
vn -0.6223 -0.6947 -0.3607
vn 0.6223 -0.6947 0.3606
vn -0.7965 -0.6017 -0.0601
vn 0.4481 -0.6017 0.6612
vn -0.9240 -0.3474 0.1599
vn 0.5980 -0.2129 0.7727
vn -0.9707 -0.0000 0.2404
vn -0.9963 0.0000 -0.0854
vn 0.5694 -0.0000 0.8221
vn -0.9677 0.2129 -0.1347
vn 0.5980 0.2129 0.7727
vn -0.7965 0.6017 -0.0601
vn 0.6761 0.3687 0.6379
vn -0.6223 0.6947 -0.3606
vn 0.7829 0.4257 0.4537
vn -0.6761 0.3687 -0.6379
vn 0.8896 0.3687 0.2695
vn -0.3206 0.3474 -0.8812
vn -0.5980 0.2129 -0.7727
vn 0.9677 0.2129 0.1347
vn 0.8652 0.0000 0.5014
vn -0.0160 -0.8360 0.5486
vn 0.2260 -0.9653 0.1310
vn 0.6452 -0.4826 -0.5923
vn 0.7100 -0.0000 -0.7042
vn 0.4680 0.8360 -0.2866
vn -0.1932 -0.4826 0.8542
vn -0.1932 0.4826 0.8542
vn -0.2580 -0.0000 0.9661
vn 0.4680 -0.8360 -0.2866
vn 0.6452 0.4826 -0.5923
vn -0.8652 0.0000 -0.5014
vn 0.7855 0.0000 -0.6189
vn 0.0841 0.4647 -0.8815
vn 0.5525 -0.8048 -0.2169
vn 0.3195 -0.9293 0.1851
vn -0.2507 -0.8660 0.4326
vn -0.4342 -0.5000 0.7493
vn -0.7855 -0.0000 0.6189
vn -0.4342 0.5000 0.7493
vn 0.7230 -0.4647 -0.5112
vn -0.2260 0.9653 -0.1310
vn -0.4680 0.8360 0.2866
vn -0.3206 -0.3474 -0.8812
vn -0.2739 0.0000 -0.9617
vn 0.8896 -0.3687 0.2695
vn 0.7829 -0.4257 0.4537
vn -0.7829 -0.4257 -0.4537
vn 0.6761 -0.3687 0.6379
vn -0.8896 -0.3687 -0.2695
vn 0.3206 -0.3474 0.8812
vn -0.9677 -0.2129 -0.1347
vn 0.2739 -0.0000 0.9617
vn 0.3206 0.3474 0.8812
vn -0.9240 0.3474 0.1599
vn -0.8896 0.3687 -0.2695
vn 0.6223 0.6947 0.3606
vn -0.7829 0.4257 -0.4537
vn -0.4680 -0.8360 0.2866
vn -0.2260 -0.9653 -0.1310
vn 0.1932 -0.4826 -0.8542
vn 0.2580 -0.0000 -0.9661
vn 0.0160 0.8360 -0.5486
vn -0.6452 -0.4826 0.5923
vn -0.6452 0.4826 0.5923
vn -0.7100 -0.0000 0.7042
vn 0.0160 -0.8360 -0.5486
vn 0.1932 0.4826 -0.8542
vn -0.2507 0.8660 0.4326
vn 0.2507 0.8660 -0.4326
vn -0.6223 -0.6947 -0.3606
vn 0.4481 0.6017 0.6612
vn 0.6223 0.6947 0.3607
vn 0.7965 0.6017 0.0601
vn 0.9240 0.3474 -0.1599
vn -0.4481 -0.6017 -0.6612
vn -0.0129 -0.4389 -0.8984
vn 0.4218 -0.5406 -0.7279
vn 0.9819 -0.1611 -0.0995
vn 0.9572 0.2185 0.1898
vn 0.7184 0.5981 0.3552
vn 0.3295 0.8760 0.3521
vn -0.1052 0.9777 0.1815
vn -0.4694 0.8760 -0.1109
vn -0.6653 0.5981 -0.4468
vn -0.6406 0.2185 -0.7361
vn -0.4018 -0.1611 -0.9015
vn 0.7860 -0.4389 -0.4354
vn -0.0026 -1.0000 0.0044
vn 0.3205 -0.9097 0.2639
vn 0.4944 -0.6632 0.5619
vn 0.4725 -0.3263 0.8187
vn 0.2606 0.0105 0.9654
vn -0.0845 0.2570 0.9627
vn -0.4702 0.3473 0.8113
vn -0.7933 0.2570 0.5519
vn -0.9672 0.0105 0.2538
vn -0.9452 -0.3263 -0.0029
vn -0.7334 -0.6632 -0.1496
vn -0.3883 -0.9097 -0.1469
vn -0.4123 -0.5692 0.7114
vn -0.3913 -0.6254 0.6751
vn -0.3636 -0.6177 0.6973
vn -0.3488 -0.5966 0.7228
vn -0.3506 -0.5678 0.7448
vn -0.3688 -0.5390 0.7573
vn -0.3983 -0.5179 0.7571
vn -0.4313 -0.5101 0.7441
vn -0.4589 -0.5179 0.7220
vn -0.4738 -0.5390 0.6965
vn -0.4719 -0.5678 0.6745
vn -0.4538 -0.5966 0.6619
vn -0.4243 -0.6177 0.6622
vn -0.6218 0.7787 0.0839
vn -0.2306 0.8879 0.3980
vn -0.0532 0.9944 0.0918
vn -0.3995 0.8976 -0.1862
vn -0.5492 -0.3354 -0.7654
vn -0.8057 0.0724 -0.5878
vn -0.5623 0.2725 -0.7808
vn -0.3352 -0.0885 -0.9380
vn 0.9106 0.0724 0.4069
vn 0.9372 -0.3354 0.0960
vn 0.9805 -0.0885 -0.1755
vn 0.9570 0.2725 0.0997
vn 0.2364 0.7787 0.5812
vn 0.3602 0.8976 0.2540
vn -0.8323 0.4802 -0.2770
vn -0.5858 0.6334 -0.5056
vn 0.7267 -0.6339 -0.2648
vn 0.7942 -0.3527 -0.4948
vn 0.3355 -0.7431 -0.5789
vn -0.1315 -0.6339 -0.7622
vn 0.0345 -0.3527 -0.9351
vn 0.4479 -0.4494 -0.7729
vn 0.6541 0.4802 0.5845
vn 0.7299 0.6334 0.2569
vn 0.4123 0.5692 -0.7114
vn 0.4969 0.2708 0.8245
vn 0.7487 -0.1295 0.6501
vn -0.2744 -0.8229 -0.4976
vn -0.6845 -0.5298 -0.5008
vn 0.5681 -0.8229 -0.0093
vn 0.1841 -0.9302 -0.3177
vn -0.9624 0.2708 -0.0212
vn -0.7557 0.5639 0.3330
vn 0.0868 0.5639 0.8213
vn 0.7748 -0.5298 0.3450
vn -0.9363 -0.1295 -0.3264
vn -0.3717 0.6711 0.6414
vn -0.7055 -0.3709 -0.6039
vn -0.8747 -0.3709 -0.3120
vn 0.9353 -0.3516 0.0408
vn 0.7055 -0.3709 0.6039
vn 0.8747 -0.3709 0.3120
vn -0.5004 -0.3516 -0.7912
vn 0.5021 -0.3556 0.7883
vn -0.9336 -0.3556 -0.0437
vn -0.5954 -0.2925 0.7483
vn -0.4486 -0.0038 0.8937
vn -0.5430 0.1400 0.8280
vn -0.7444 -0.1608 0.6481
vn 0.7740 0.1265 -0.6205
vn 0.8453 0.3930 -0.3620
vn 0.8482 0.4152 -0.3291
vn 0.7969 0.0993 -0.5959
vn -0.7740 -0.1265 0.6205
vn -0.6088 0.1773 0.7732
vn -0.5886 0.2109 0.7804
vn -0.7969 -0.0993 0.5959
vn 0.3772 -0.6538 0.6560
vn 0.9346 -0.1608 -0.3172
vn 0.9887 0.1400 -0.0527
vn 0.9981 -0.0038 0.0620
vn 0.9462 -0.2925 -0.1381
vn -0.9159 0.0993 0.3889
vn -0.7111 0.4152 0.5675
vn -0.7381 0.3930 0.5484
vn -0.9256 0.1265 0.3567
vn -0.9356 0.1613 0.3142
vn -0.7375 0.4691 0.4859
vn -0.7734 0.5476 0.3194
vn -0.9458 0.2962 0.1330
vn 0.9159 -0.0993 -0.3889
vn 0.9706 0.2109 -0.1161
vn 0.9746 0.1773 -0.1372
vn 0.9256 -0.1265 -0.3567
vn 0.5908 0.2962 -0.7505
vn 0.6651 0.5476 -0.5077
vn 0.7909 0.4691 -0.3930
vn 0.7422 0.1613 -0.6505
vn 0.7111 -0.4152 -0.5675
vn 0.5392 -0.1382 -0.8308
vn 0.7358 -0.4694 -0.4881
vn 0.5886 -0.2109 -0.7804
vn -0.9706 -0.2109 0.1161
vn -0.7920 -0.4694 0.3904
vn -0.9892 -0.1382 0.0481
vn -0.8482 -0.4152 0.3291
vn -0.1725 0.9382 -0.3001
vn -0.6763 0.5942 -0.4354
vn -0.7547 -0.3217 -0.5718
vn -0.4676 -0.3461 -0.8133
vn 0.0239 -0.7145 -0.6992
vn -0.6163 -0.7145 -0.3311
vn 0.2417 -0.9159 -0.3205
vn -0.3985 -0.9159 0.0476
vn 0.4804 -0.8719 0.0948
vn -0.1598 -0.8719 0.4629
vn 0.6763 -0.5942 0.4354
vn 0.0360 -0.5942 0.8035
vn 0.4913 -0.1693 0.8544
vn 0.7547 0.3217 0.5718
vn 0.1145 0.3217 0.9399
vn 0.6163 0.7145 0.3311
vn -0.0239 0.7145 0.6992
vn 0.0844 0.9856 0.1468
vn -0.2417 0.9159 0.3205
vn -0.7766 0.1574 -0.6100
vn -0.4913 0.1693 -0.8544
vn 0.5341 0.7422 0.4049
vn 0.6778 0.3341 0.6549
vn -0.9648 0.1176 -0.2351
vn -0.9476 0.2722 0.1673
vn 0.2822 0.1176 -0.9521
vn 0.3573 0.4442 -0.8216
vn 0.6213 0.2722 -0.7348
vn 0.5753 0.0721 -0.8148
vn -0.9835 -0.1474 0.1048
vn 0.2986 -0.2405 -0.9236
vn 0.5853 -0.1474 -0.7973
vn -0.9201 -0.3273 0.2150
vn 0.4021 -0.5342 -0.7436
vn -0.8204 -0.4196 0.3885
vn 0.5649 -0.6847 -0.4605
vn -0.7110 -0.3994 0.5788
vn 0.8579 -0.3994 -0.3233
vn -0.6213 -0.2722 0.7348
vn 0.9476 -0.2722 -0.1673
vn -0.2822 -0.1176 0.9521
vn -0.5753 -0.0721 0.8148
vn 0.9648 -0.1176 0.2351
vn 0.9936 -0.0721 -0.0873
vn -0.5853 0.1474 0.7973
vn 0.9835 0.1474 -0.1048
vn -0.4021 0.5342 0.7436
vn 0.9201 0.3273 -0.2150
vn -0.7485 0.4196 0.5135
vn 0.6822 0.6847 -0.2565
vn 0.8204 0.4196 -0.3885
vn -0.7434 0.6518 0.1500
vn -0.8579 0.3994 0.3233
vn 0.5037 0.6518 -0.5670
vn 0.7110 0.3994 -0.5788
vn 0.8669 -0.0000 -0.4985
vn 0.1450 -0.9513 -0.2719
vn -0.0812 -0.7422 -0.6653
vn -0.2478 0.1635 -0.9549
vn -0.1435 0.6172 -0.7736
vn 0.3079 0.9513 0.0115
vn 0.3930 -0.9056 0.1595
vn 0.7006 -0.1635 0.6945
vn 0.5964 -0.6172 0.5132
vn -0.2250 -0.3341 -0.9153
vn 0.0599 0.9056 -0.4198
vn -0.8669 -0.0000 0.4985
vn 0.1598 0.8719 -0.4629
vn -0.0360 0.5942 -0.8035
vn -0.4804 0.8719 -0.0948
vn -0.1145 -0.3217 -0.9399
vn -0.0844 -0.9856 -0.1468
vn 0.4676 0.3461 0.8133
vn 0.3985 0.9159 -0.0476
vn -0.1364 0.1574 -0.9781
vn 0.0812 0.7422 0.6653
vn 0.2250 0.3341 0.9153
vn -0.8898 0.4442 -0.1046
vn -0.9484 -0.2405 -0.2065
vn -0.8450 -0.5342 -0.0266
vn -0.6822 -0.6847 0.2565
vn 0.7434 -0.6518 -0.1500
vn 0.8898 -0.4442 0.1046
vn -0.3573 -0.4442 0.8216
vn -0.2986 0.2405 0.9236
vn 0.8450 0.5342 0.0266
vn -0.6487 0.3273 0.6870
vn -0.5649 0.6847 0.4605
vn -0.3079 -0.9513 -0.0115
vn -0.5341 -0.7422 -0.4049
vn -0.7006 0.1635 -0.6945
vn -0.5964 0.6172 -0.5132
vn -0.1450 0.9513 0.2719
vn -0.0599 -0.9056 0.4198
vn 0.2478 -0.1635 0.9549
vn 0.1435 -0.6172 0.7736
vn -0.6778 -0.3341 -0.6549
vn -0.3930 0.9056 -0.1595
vn 0.7766 -0.1574 0.6100
vn -0.9936 0.0721 0.0873
vn 0.6487 -0.3273 -0.6870
vn 0.7485 -0.4196 -0.5135
vn 0.9484 0.2405 0.2065
vn 0.1725 -0.9382 0.3001
vn 0.1364 -0.1574 0.9781
vn -0.5037 -0.6518 0.5670
vn -0.8355 0.1554 -0.5270
vn -0.4947 0.1222 -0.8604
vn 0.4202 0.2461 -0.8734
vn 0.7491 0.3699 -0.5495
vn 0.8636 0.4937 -0.1023
vn 0.7329 0.5844 0.3484
vn 0.3920 0.6176 0.6819
vn -0.0676 0.5844 0.8087
vn -0.5229 0.4937 0.6949
vn -0.8518 0.3699 0.3710
vn -0.9662 0.2461 -0.0763
vn -0.0351 0.1554 -0.9872
vn -0.3168 -0.7721 -0.5509
vn 0.0911 -0.7427 -0.6634
vn 0.4951 -0.6622 -0.5625
vn 0.7869 -0.5524 -0.2751
vn 0.8885 -0.4425 0.1218
vn 0.7725 -0.3620 0.5217
vn 0.4701 -0.3326 0.8176
vn 0.0622 -0.3620 0.9301
vn -0.3417 -0.4425 0.8291
vn -0.6336 -0.5524 0.5417
vn -0.7352 -0.6622 0.1449
vn -0.6192 -0.7427 -0.2551
vn 0.1337 -0.9634 0.2325
vn 0.0997 -0.9798 0.1734
vn 0.1346 -0.9773 0.1638
vn 0.1692 -0.9704 0.1724
vn 0.1941 -0.9610 0.1970
vn 0.2028 -0.9516 0.2310
vn 0.1929 -0.9447 0.2652
vn 0.1670 -0.9422 0.2905
vn 0.1321 -0.9447 0.3001
vn 0.0976 -0.9516 0.2915
vn 0.0726 -0.9610 0.2669
vn 0.0639 -0.9704 0.2329
vn 0.0738 -0.9773 0.1987
vn -0.0345 0.3529 0.9350
vn 0.4593 0.3886 0.7988
vn 0.3576 0.6966 0.6219
vn -0.0795 0.6651 0.7425
vn -0.9998 -0.0105 -0.0156
vn -0.8769 0.1225 0.4648
vn -0.8251 0.4611 0.3263
vn -0.9340 0.3434 -0.0989
vn 0.8429 0.1225 -0.5240
vn 0.4895 -0.0105 -0.8719
vn 0.3844 0.3434 -0.8569
vn 0.6971 0.4611 -0.5489
vn 0.8254 0.3529 0.4406
vn 0.6817 0.6651 0.3049
vn -0.5235 0.2555 0.8128
vn -0.5124 0.5789 0.6343
vn 0.0005 -0.1079 -0.9942
vn -0.0485 0.2572 -0.9651
vn -0.4933 -0.1435 -0.8579
vn -0.8594 -0.1079 -0.4998
vn -0.8097 0.2572 -0.5275
vn -0.4856 0.2257 -0.8446
vn 0.9658 0.2555 -0.0436
vn 0.8060 0.5789 -0.1237
vn -0.1337 0.9634 -0.2325
vn 0.9953 -0.0886 0.0392
vn 0.8746 -0.2192 -0.4325
vn -0.7966 -0.4454 -0.4087
vn -0.9345 -0.3498 0.0666
vn 0.0476 -0.4454 -0.8941
vn -0.4372 -0.4804 -0.7603
vn -0.4669 -0.0886 0.8799
vn 0.0133 0.0070 0.9999
vn 0.8575 0.0070 0.5145
vn 0.5277 -0.3498 -0.7741
vn -0.8138 -0.2192 0.5383
vn 0.4980 0.0420 0.8662
vn -0.9746 -0.1773 0.1372
vn -0.8453 -0.3930 0.3620
vn 0.4410 0.0070 -0.8975
vn 0.7381 -0.3930 -0.5484
vn 0.6088 -0.1773 -0.7732
vn -0.9975 0.0070 -0.0704
vn 0.7708 -0.5486 -0.3239
vn -0.6677 -0.5486 0.5032
usemtl KayKit_Texture_A
s off
f 331/1/1 332/2/1 336/3/1 335/4/1
f 333/5/2 334/6/2 330/7/2 329/8/2
f 331/1/3 335/4/3 333/5/3 329/8/3
f 336/3/4 332/2/4 330/7/4 334/6/4
f 339/9/1 340/10/1 344/11/1 343/12/1
f 341/13/2 342/14/2 338/15/2 337/16/2
f 339/9/3 343/12/3 341/13/3 337/16/3
f 344/11/4 340/10/4 338/15/4 342/14/4
f 347/17/5 348/18/5 352/19/5 351/20/5
f 349/21/6 350/22/6 346/23/6 345/24/6
f 347/17/3 351/20/3 349/21/3 345/24/3
f 345/24/7 346/23/7 355/25/7 354/26/7
f 348/18/8 347/17/8 353/27/8 356/28/8
f 352/19/9 350/22/9 360/29/9 357/30/9
f 351/20/10 352/19/10 357/30/10 358/31/10
f 346/23/11 348/18/11 356/28/11 355/25/11
f 347/17/12 345/24/12 354/26/12 353/27/12
f 350/22/13 349/21/13 359/32/13 360/29/13
f 349/21/14 351/20/14 358/31/14 359/32/14
f 781/33/15 782/34/15 786/35/15 785/36/15
f 783/37/16 784/38/16 780/39/16 779/40/16
f 781/33/17 785/36/17 783/37/17 779/40/17
f 786/35/18 782/34/18 780/39/18 784/38/18
f 789/41/15 790/42/15 794/43/15 793/44/15
f 791/45/16 792/46/16 788/47/16 787/48/16
f 789/41/17 793/44/17 791/45/17 787/48/17
f 794/43/18 790/42/18 788/47/18 792/46/18
f 797/49/19 798/50/19 802/51/19 801/52/19
f 799/53/20 800/54/20 796/55/20 795/56/20
f 797/49/17 801/52/17 799/53/17 795/56/17
f 795/56/21 796/55/21 805/57/21 804/58/21
f 798/50/22 797/49/22 803/59/22 806/60/22
f 802/51/23 800/54/23 810/61/23 807/62/23
f 801/52/24 802/51/24 807/62/24 808/63/24
f 796/55/25 798/50/25 806/60/25 805/57/25
f 797/49/26 795/56/26 804/58/26 803/59/26
f 800/54/27 799/53/27 809/64/27 810/61/27
f 799/53/28 801/52/28 808/63/28 809/64/28
s 1
f 436/65/29 4/66/30 22/67/31 448/68/32
f 440/69/33 16/70/34 32/71/35 446/72/36
f 442/73/37 12/74/38 24/75/39 450/76/40
f 11/77/4 21/78/4 32/79/4 16/80/4
f 436/65/41 435/81/41 2/82/41 4/66/41
f 437/83/1 8/84/1 6/85/1 438/86/1
f 24/87/4 12/88/4 15/89/4 29/90/4
f 445/91/42 31/92/43 2/82/44 435/81/45
f 12/88/4 11/77/4 16/80/4 15/89/4
f 8/93/4 23/94/4 30/95/4 6/96/4
f 447/97/46 21/98/47 11/99/48 441/100/49
f 3/101/3 19/102/3 26/103/3 1/104/3
f 10/105/3 9/106/3 14/107/3 13/108/3
f 449/109/50 23/110/51 8/84/52 437/83/53
f 443/111/54 29/112/55 15/113/56 439/114/57
f 439/114/57 15/113/56 16/70/34 440/69/33
f 438/86/58 6/85/59 30/115/60 444/116/61
f 20/117/3 10/105/3 13/108/3 25/118/3
f 22/119/4 4/120/4 2/121/4 31/122/4
f 441/100/49 11/99/48 12/74/38 442/73/37
f 9/106/3 17/123/3 28/124/3 14/107/3
f 24/87/4 29/90/4 30/95/4 23/94/4
f 22/119/4 31/122/4 32/79/4 21/78/4
f 20/117/3 25/118/3 26/103/3 19/102/3
f 18/125/3 27/126/3 28/124/3 17/123/3
f 443/127/54 28/124/62 27/126/63 444/128/61
f 445/129/42 26/103/64 25/118/65 446/130/36
f 447/131/46 20/117/66 19/102/67 448/132/32
f 449/133/50 18/125/68 17/123/69 450/134/40
f 18/125/3 7/135/3 5/136/3 27/126/3
f 67/137/70 69/138/71 36/139/1 34/140/72
f 40/141/73 42/142/74 45/143/3 43/144/75
f 43/144/75 45/143/3 48/145/76 46/146/77
f 46/146/77 48/145/76 51/147/78 49/148/79
f 49/148/79 51/147/78 54/149/80 52/150/2
f 52/150/2 54/149/80 57/151/81 55/152/82
f 55/152/82 57/151/81 60/153/83 58/154/84
f 58/154/84 60/153/83 63/155/85 61/156/86
f 61/156/86 63/155/85 66/157/87 64/158/88
f 64/158/88 66/157/87 69/138/71 67/137/70
f 37/159/89 39/160/90 42/142/74 40/141/73
f 44/161/91 41/162/92 85/163/92 86/164/91
f 34/140/72 36/139/1 39/160/90 37/159/89
f 34/165/72 37/166/89 95/167/93 96/168/94
f 39/169/95 36/170/96 70/171/97 71/172/98
f 37/166/89 40/173/73 97/174/99 95/167/93
f 42/175/100 39/169/95 71/172/98 72/176/100
f 40/173/73 43/177/75 98/178/101 97/174/99
f 45/179/102 42/175/100 72/176/100 73/180/102
f 43/177/75 46/181/77 99/182/103 98/178/101
f 48/183/76 45/179/102 73/180/102 74/184/104
f 46/181/77 49/185/79 100/186/105 99/182/103
f 51/187/78 48/183/76 74/184/104 75/188/106
f 49/185/79 52/189/107 101/190/108 100/186/105
f 54/191/80 51/187/78 75/188/106 76/192/109
f 52/189/107 55/193/82 102/194/110 101/190/108
f 57/195/81 54/191/80 76/192/109 77/196/111
f 55/193/82 58/197/84 103/198/112 102/194/110
f 60/199/83 57/195/81 77/196/111 78/200/113
f 58/197/84 61/201/86 104/202/114 103/198/112
f 63/203/85 60/199/83 78/200/113 79/204/115
f 61/201/86 64/205/88 105/206/116 104/202/114
f 66/207/87 63/203/85 79/204/115 80/208/117
f 64/205/88 67/209/118 106/210/119 105/206/116
f 69/211/71 66/207/87 80/208/117 81/212/120
f 67/209/118 34/165/72 96/168/94 106/210/119
f 36/170/96 69/211/71 81/212/120 70/171/97
f 35/213/121 38/214/121 71/215/98 70/216/97
f 38/214/121 41/162/121 72/217/121 71/215/98
f 41/162/121 44/161/121 73/218/121 72/217/121
f 44/161/121 47/219/121 74/220/121 73/218/121
f 47/219/121 50/221/121 75/222/106 74/220/121
f 50/221/121 53/223/121 76/224/109 75/222/106
f 53/223/121 56/225/121 77/226/111 76/224/109
f 56/225/121 59/227/121 78/228/113 77/226/111
f 59/227/121 62/229/121 79/230/115 78/228/113
f 62/229/121 65/231/121 80/232/117 79/230/115
f 65/231/121 68/233/121 81/234/120 80/232/117
f 68/233/121 35/213/121 70/216/97 81/234/120
f 65/231/122 62/229/123 92/235/123 93/236/122
f 56/225/124 53/223/125 89/237/125 90/238/124
f 47/219/126 44/161/91 86/164/91 87/239/126
f 68/233/127 65/231/122 93/236/122 94/240/127
f 38/214/128 35/213/129 83/241/129 84/242/128
f 59/227/130 56/225/124 90/238/124 91/243/130
f 50/221/131 47/219/126 87/239/126 88/244/131
f 35/213/129 68/233/127 94/240/127 83/241/129
f 41/162/92 38/214/128 84/242/128 85/163/92
f 62/229/123 59/227/130 91/243/130 92/235/123
f 53/223/125 50/221/131 88/244/131 89/237/125
f 82/245/121 84/246/121 83/247/121
f 82/245/121 85/248/121 84/246/121
f 82/245/121 86/249/121 85/248/121
f 82/245/121 87/250/121 86/249/121
f 82/245/121 88/251/121 87/250/121
f 82/245/121 89/252/121 88/251/121
f 82/245/121 90/253/121 89/252/121
f 82/245/121 91/254/121 90/253/121
f 82/245/121 92/255/121 91/254/121
f 82/245/121 93/256/121 92/255/121
f 82/245/121 94/257/121 93/256/121
f 82/245/121 83/247/121 94/257/121
f 33/258/132 96/259/94 95/260/93
f 33/258/132 95/260/93 97/261/99
f 33/258/132 97/261/99 98/262/132
f 33/258/132 98/262/132 99/263/132
f 33/258/132 99/263/132 100/264/132
f 33/258/132 100/264/132 101/265/108
f 33/258/132 101/265/108 102/266/110
f 33/258/132 102/266/110 103/267/132
f 33/258/132 103/267/132 104/268/132
f 33/258/132 104/268/132 105/269/116
f 33/258/132 105/269/116 106/270/119
f 33/258/132 106/270/119 96/259/94
f 141/271/71 108/272/133 110/273/72 143/274/134
f 114/275/135 117/276/136 119/277/3 116/278/73
f 117/276/136 120/279/76 122/280/137 119/277/3
f 120/279/76 123/281/138 125/282/79 122/280/137
f 123/281/138 126/283/2 128/284/139 125/282/79
f 126/283/2 129/285/140 131/286/82 128/284/139
f 129/285/140 132/287/83 134/288/84 131/286/82
f 132/287/83 135/289/85 137/290/86 134/288/84
f 135/289/85 138/291/87 140/292/88 137/290/86
f 138/291/87 141/271/71 143/274/134 140/292/88
f 111/293/141 114/275/135 116/278/73 113/294/89
f 118/295/142 160/296/142 159/297/143 115/298/143
f 108/272/133 111/293/141 113/294/89 110/273/72
f 108/299/133 170/300/96 169/301/98 111/302/141
f 113/303/89 145/304/144 144/305/145 110/306/72
f 111/302/141 169/301/98 171/307/146 114/308/135
f 116/309/73 146/310/99 145/304/144 113/303/89
f 114/308/135 171/307/146 172/311/147 117/312/136
f 119/313/101 147/314/148 146/310/99 116/309/73
f 117/312/136 172/311/147 173/315/149 120/316/76
f 122/317/103 148/318/150 147/314/148 119/313/101
f 120/316/76 173/315/149 174/319/106 123/320/151
f 125/321/79 149/322/152 148/318/150 122/317/103
f 123/320/151 174/319/106 175/323/109 126/324/153
f 128/325/139 150/326/107 149/322/152 125/321/79
f 126/324/153 175/323/109 176/327/111 129/328/154
f 131/329/82 151/330/155 150/326/107 128/325/139
f 129/328/154 176/327/111 177/331/113 132/332/83
f 134/333/84 152/334/156 151/330/155 131/329/82
f 132/332/83 177/331/113 178/335/157 135/336/85
f 137/337/86 153/338/158 152/334/156 134/333/84
f 135/336/85 178/335/157 179/339/117 138/340/87
f 140/341/88 154/342/116 153/338/158 137/337/86
f 138/340/87 179/339/117 180/343/120 141/344/71
f 143/345/134 155/346/119 154/342/116 140/341/88
f 141/344/71 180/343/120 170/300/96 108/299/133
f 110/306/72 144/305/145 155/346/119 143/345/134
f 109/347/132 144/348/132 145/349/132 112/350/132
f 112/350/132 145/349/132 146/351/99 115/298/132
f 115/298/132 146/351/99 147/352/148 118/295/132
f 118/295/132 147/352/148 148/353/150 121/354/132
f 121/354/132 148/353/150 149/355/152 124/356/132
f 124/356/132 149/355/152 150/357/132 127/358/132
f 127/358/132 150/357/132 151/359/132 130/360/132
f 130/360/132 151/359/132 152/361/156 133/362/132
f 133/362/132 152/361/156 153/363/158 136/364/132
f 136/364/132 153/363/158 154/365/116 139/366/132
f 139/366/132 154/365/116 155/367/119 142/368/132
f 142/368/132 155/367/119 144/348/132 109/347/132
f 139/366/159 167/369/159 166/370/160 136/364/160
f 130/360/161 164/371/161 163/372/162 127/358/162
f 121/354/163 161/373/163 160/296/142 118/295/142
f 142/368/164 168/374/164 167/369/159 139/366/159
f 112/350/165 158/375/165 157/376/166 109/347/166
f 133/362/167 165/377/167 164/371/161 130/360/161
f 124/356/168 162/378/168 161/373/163 121/354/163
f 109/347/166 157/376/166 168/374/164 142/368/164
f 115/298/143 159/297/143 158/375/165 112/350/165
f 136/364/160 166/370/160 165/377/167 133/362/167
f 127/358/162 163/372/162 162/378/168 124/356/168
f 156/379/132 157/380/132 158/381/132
f 156/379/132 158/381/132 159/382/132
f 156/379/132 159/382/132 160/383/132
f 156/379/132 160/383/132 161/384/132
f 156/379/132 161/384/132 162/385/132
f 156/379/132 162/385/132 163/386/132
f 156/379/132 163/386/132 164/387/132
f 156/379/132 164/387/132 165/388/132
f 156/379/132 165/388/132 166/389/132
f 156/379/132 166/389/132 167/390/132
f 156/379/132 167/390/132 168/391/132
f 156/379/132 168/391/132 157/380/132
f 107/392/121 169/393/98 170/394/121
f 107/392/121 171/395/146 169/393/98
f 107/392/121 172/396/147 171/395/146
f 107/392/121 173/397/149 172/396/147
f 107/392/121 174/398/106 173/397/149
f 107/392/121 175/399/109 174/398/106
f 107/392/121 176/400/111 175/399/109
f 107/392/121 177/401/113 176/400/111
f 107/392/121 178/402/121 177/401/113
f 107/392/121 179/403/117 178/402/121
f 107/392/121 180/404/120 179/403/117
f 107/392/121 170/394/121 180/404/120
f 215/405/134 217/406/70 184/407/1 182/408/72
f 188/409/73 190/410/74 193/411/3 191/412/75
f 191/412/75 193/411/3 196/413/137 194/414/77
f 194/414/77 196/413/137 199/415/138 197/416/79
f 197/416/79 199/415/138 202/417/2 200/418/139
f 200/418/139 202/417/2 205/419/140 203/420/82
f 203/420/82 205/419/140 208/421/169 206/422/84
f 206/422/84 208/421/169 211/423/4 209/424/86
f 209/424/86 211/423/4 214/425/170 212/426/88
f 212/426/88 214/425/170 217/406/70 215/405/134
f 185/427/89 187/428/90 190/410/74 188/409/73
f 192/429/91 189/430/92 233/431/92 234/432/91
f 182/408/72 184/407/1 187/428/90 185/427/89
f 182/433/72 185/434/89 243/435/93 244/436/145
f 187/437/95 184/438/96 218/439/97 219/440/98
f 185/434/89 188/441/73 245/442/99 243/435/93
f 190/443/100 187/437/95 219/440/98 220/444/146
f 188/441/73 191/445/75 246/446/171 245/442/99
f 193/447/102 190/443/100 220/444/146 221/448/147
f 191/445/75 194/449/77 247/450/150 246/446/171
f 196/451/104 193/447/102 221/448/147 222/452/149
f 194/449/77 197/453/79 248/454/152 247/450/150
f 199/455/151 196/451/104 222/452/149 223/456/151
f 197/453/79 200/457/139 249/458/107 248/454/152
f 202/459/153 199/455/151 223/456/151 224/460/153
f 200/457/139 203/461/82 250/462/110 249/458/107
f 205/463/154 202/459/153 224/460/153 225/464/111
f 203/461/82 206/465/84 251/466/156 250/462/110
f 208/467/172 205/463/154 225/464/111 226/468/113
f 206/465/84 209/469/86 252/470/114 251/466/156
f 211/471/173 208/467/172 226/468/113 227/472/115
f 209/469/86 212/473/88 253/474/116 252/470/114
f 214/475/174 211/471/173 227/472/115 228/476/117
f 212/473/88 215/477/134 254/478/119 253/474/116
f 217/479/175 214/475/174 228/476/117 229/480/120
f 215/477/134 182/433/72 244/436/145 254/478/119
f 184/438/96 217/479/175 229/480/120 218/439/97
f 183/481/121 186/482/121 219/483/98 218/484/97
f 186/482/121 189/430/121 220/485/146 219/483/98
f 189/430/121 192/429/121 221/486/147 220/485/146
f 192/429/121 195/487/121 222/488/149 221/486/147
f 195/487/121 198/489/121 223/490/121 222/488/149
f 198/489/121 201/491/121 224/492/121 223/490/121
f 201/491/121 204/493/121 225/494/111 224/492/121
f 204/493/121 207/495/121 226/496/113 225/494/111
f 207/495/121 210/497/121 227/498/115 226/496/113
f 210/497/121 213/499/121 228/500/117 227/498/115
f 213/499/121 216/501/121 229/502/120 228/500/117
f 216/501/121 183/481/121 218/484/97 229/502/120
f 213/499/122 210/497/123 240/503/123 241/504/122
f 204/493/124 201/491/125 237/505/125 238/506/124
f 195/487/126 192/429/91 234/432/91 235/507/126
f 216/501/127 213/499/122 241/504/122 242/508/127
f 186/482/128 183/481/129 231/509/129 232/510/128
f 207/495/130 204/493/124 238/506/124 239/511/130
f 198/489/131 195/487/126 235/507/126 236/512/131
f 183/481/129 216/501/127 242/508/127 231/509/129
f 189/430/92 186/482/128 232/510/128 233/431/92
f 210/497/123 207/495/130 239/511/130 240/503/123
f 201/491/125 198/489/131 236/512/131 237/505/125
f 230/513/121 232/514/121 231/515/121
f 230/513/121 233/516/121 232/514/121
f 230/513/121 234/517/121 233/516/121
f 230/513/121 235/518/121 234/517/121
f 230/513/121 236/519/121 235/518/121
f 230/513/121 237/520/121 236/519/121
f 230/513/121 238/521/121 237/520/121
f 230/513/121 239/522/121 238/521/121
f 230/513/121 240/523/121 239/522/121
f 230/513/121 241/524/121 240/523/121
f 230/513/121 242/525/121 241/524/121
f 230/513/121 231/515/121 242/525/121
f 181/526/132 244/527/132 243/528/93
f 181/526/132 243/528/93 245/529/99
f 181/526/132 245/529/99 246/530/132
f 181/526/132 246/530/132 247/531/150
f 181/526/132 247/531/150 248/532/152
f 181/526/132 248/532/152 249/533/132
f 181/526/132 249/533/132 250/534/110
f 181/526/132 250/534/110 251/535/156
f 181/526/132 251/535/156 252/536/132
f 181/526/132 252/536/132 253/537/116
f 181/526/132 253/537/116 254/538/119
f 181/526/132 254/538/119 244/527/132
f 289/539/71 256/540/133 258/541/72 291/542/134
f 262/543/135 265/544/136 267/545/3 264/546/73
f 265/544/136 268/547/76 270/548/77 267/545/3
f 268/547/76 271/549/78 273/550/79 270/548/77
f 271/549/78 274/551/80 276/552/2 273/550/79
f 274/551/80 277/553/81 279/554/140 276/552/2
f 277/553/81 280/555/83 282/556/169 279/554/140
f 280/555/83 283/557/85 285/558/86 282/556/169
f 283/557/85 286/559/87 288/560/88 285/558/86
f 286/559/87 289/539/71 291/542/134 288/560/88
f 259/561/141 262/543/135 264/546/73 261/562/89
f 266/563/142 308/564/142 307/565/143 263/566/143
f 256/540/133 259/561/141 261/562/89 258/541/72
f 256/567/133 318/568/96 317/569/95 259/570/141
f 261/571/89 293/572/93 292/573/94 258/574/72
f 259/570/141 317/569/95 319/575/146 262/576/135
f 264/577/73 294/578/176 293/572/93 261/571/89
f 262/576/135 319/575/146 320/579/147 265/580/136
f 267/581/101 295/582/148 294/578/176 264/577/73
f 265/580/136 320/579/147 321/583/104 268/584/76
f 270/585/77 296/586/150 295/582/148 267/581/101
f 268/584/76 321/583/104 322/587/151 271/588/78
f 273/589/79 297/590/152 296/586/150 270/585/77
f 271/588/78 322/587/151 323/591/109 274/592/80
f 276/593/107 298/594/108 297/590/152 273/589/79
f 274/592/80 323/591/109 324/595/111 277/596/81
f 279/597/155 299/598/110 298/594/108 276/593/107
f 277/596/81 324/595/111 325/599/172 280/600/83
f 282/601/112 300/602/156 299/598/110 279/597/155
f 280/600/83 325/599/172 326/603/173 283/604/85
f 285/605/86 301/606/158 300/602/156 282/601/112
f 283/604/85 326/603/173 327/607/117 286/608/87
f 288/609/88 302/610/116 301/606/158 285/605/86
f 286/608/87 327/607/117 328/611/120 289/612/71
f 291/613/134 303/614/119 302/610/116 288/609/88
f 289/612/71 328/611/120 318/568/96 256/567/133
f 258/574/72 292/573/94 303/614/119 291/613/134
f 257/615/132 292/616/94 293/617/93 260/618/132
f 260/618/132 293/617/93 294/619/132 263/566/132
f 263/566/132 294/619/132 295/620/148 266/563/132
f 266/563/132 295/620/148 296/621/150 269/622/132
f 269/622/132 296/621/150 297/623/152 272/624/132
f 272/624/132 297/623/152 298/625/108 275/626/132
f 275/626/132 298/625/108 299/627/110 278/628/132
f 278/628/132 299/627/110 300/629/156 281/630/132
f 281/630/132 300/629/156 301/631/158 284/632/132
f 284/632/132 301/631/158 302/633/116 287/634/132
f 287/634/132 302/633/116 303/635/119 290/636/132
f 290/636/132 303/635/119 292/616/94 257/615/132
f 287/634/159 315/637/159 314/638/160 284/632/160
f 278/628/161 312/639/161 311/640/162 275/626/162
f 269/622/163 309/641/163 308/564/142 266/563/142
f 290/636/164 316/642/164 315/637/159 287/634/159
f 260/618/165 306/643/165 305/644/166 257/615/166
f 281/630/167 313/645/167 312/639/161 278/628/161
f 272/624/168 310/646/168 309/641/163 269/622/163
f 257/615/166 305/644/166 316/642/164 290/636/164
f 263/566/143 307/565/143 306/643/165 260/618/165
f 284/632/160 314/638/160 313/645/167 281/630/167
f 275/626/162 311/640/162 310/646/168 272/624/168
f 304/647/132 305/648/132 306/649/132
f 304/647/132 306/649/132 307/650/132
f 304/647/132 307/650/132 308/651/132
f 304/647/132 308/651/132 309/652/132
f 304/647/132 309/652/132 310/653/132
f 304/647/132 310/653/132 311/654/132
f 304/647/132 311/654/132 312/655/132
f 304/647/132 312/655/132 313/656/132
f 304/647/132 313/656/132 314/657/132
f 304/647/132 314/657/132 315/658/132
f 304/647/132 315/658/132 316/659/132
f 304/647/132 316/659/132 305/648/132
f 255/660/121 317/661/121 318/662/121
f 255/660/121 319/663/146 317/661/121
f 255/660/121 320/664/147 319/663/146
f 255/660/121 321/665/121 320/664/147
f 255/660/121 322/666/121 321/665/121
f 255/660/121 323/667/109 322/666/121
f 255/660/121 324/668/111 323/667/109
f 255/660/121 325/669/121 324/668/111
f 255/660/121 326/670/121 325/669/121
f 255/660/121 327/671/117 326/670/121
f 255/660/121 328/672/120 327/671/117
f 255/660/121 318/662/121 328/672/120
f 374/673/177 398/674/177 388/675/178 363/676/178
f 365/677/179 389/678/179 390/679/180 366/680/180
f 366/680/180 390/679/180 391/681/181 367/682/181
f 367/682/181 391/681/181 392/683/182 368/684/182
f 368/684/182 392/683/182 393/685/183 369/686/183
f 369/686/183 393/685/183 394/687/184 370/688/184
f 370/688/184 394/687/184 395/689/185 371/690/185
f 371/690/185 395/689/185 396/691/186 372/692/186
f 372/692/186 396/691/186 397/693/187 373/694/187
f 373/694/187 397/693/187 398/674/177 374/673/177
f 364/695/188 387/696/188 389/678/179 365/677/179
f 363/676/178 388/675/178 387/696/188 364/695/188
f 363/697/189 364/698/190 375/699/190 376/700/189
f 364/698/190 365/701/191 377/702/191 375/699/190
f 365/701/191 366/703/192 378/704/192 377/702/191
f 366/703/192 367/705/193 379/706/193 378/704/192
f 367/705/193 368/707/194 380/708/194 379/706/193
f 368/707/194 369/709/195 381/710/195 380/708/194
f 369/709/195 370/711/196 382/712/196 381/710/195
f 370/711/196 371/713/197 383/714/197 382/712/196
f 371/713/197 372/715/198 384/716/198 383/714/197
f 372/715/198 373/717/199 385/718/199 384/716/198
f 373/717/199 374/719/200 386/720/200 385/718/199
f 374/719/200 363/697/189 376/700/189 386/720/200
f 362/721/201 376/722/202 375/723/203
f 362/721/201 375/723/203 377/724/204
f 362/721/201 377/724/204 378/725/205
f 362/721/201 378/725/205 379/726/206
f 362/721/201 379/726/206 380/727/207
f 362/721/201 380/727/207 381/728/208
f 362/721/201 381/728/208 382/729/209
f 362/721/201 382/729/209 383/730/210
f 362/721/201 383/730/210 384/731/211
f 362/721/201 384/731/211 385/732/212
f 362/721/201 385/732/212 386/733/213
f 362/721/201 386/733/213 376/722/202
f 393/734/201 392/735/201 404/736/201 405/737/201
f 396/738/201 395/739/201 407/740/201 408/741/201
f 389/742/201 387/743/201 399/744/201 401/745/201
f 388/746/201 398/747/201 410/748/201 400/749/201
f 392/735/201 391/750/201 403/751/201 404/736/201
f 395/739/201 394/752/201 406/753/201 407/740/201
f 387/743/201 388/746/201 400/749/201 399/744/201
f 398/747/201 397/754/201 409/755/201 410/748/201
f 391/750/201 390/756/201 402/757/201 403/751/201
f 394/752/201 393/734/201 405/737/201 406/753/201
f 397/754/201 396/738/201 408/741/201 409/755/201
f 390/756/201 389/742/201 401/745/201 402/757/201
f 428/758/214 423/759/215 416/760/216 417/761/217
f 432/762/218 424/763/219 419/764/220 420/765/221
f 434/766/222 425/767/223 412/768/224 413/769/225
f 423/759/215 426/770/226 415/771/227 416/760/216
f 424/763/219 427/772/228 418/773/229 419/764/220
f 425/767/223 429/774/230 361/775/231 412/768/224
f 430/776/232 431/777/233 421/778/234 411/779/235
f 426/770/226 433/780/236 414/781/237 415/771/227
f 427/772/228 428/758/214 417/761/217 418/773/229
f 429/774/230 430/776/232 411/779/235 361/775/231
f 431/777/233 432/762/218 420/765/221 421/778/234
f 433/780/236 434/766/222 413/769/225 414/781/237
f 422/782/238 361/775/238 411/779/238
f 422/782/238 412/768/238 361/775/238
f 422/782/238 413/769/238 412/768/238
f 422/782/238 414/781/238 413/769/238
f 422/782/238 415/771/238 414/781/238
f 422/782/238 416/760/238 415/771/238
f 422/782/238 417/761/238 416/760/238
f 422/782/238 418/773/238 417/761/238
f 422/782/238 419/764/238 418/773/238
f 422/782/238 420/765/238 419/764/238
f 422/782/238 421/778/238 420/765/238
f 422/782/238 411/779/238 421/778/238
f 403/783/239 402/784/240 434/785/222 433/786/236
f 410/787/241 409/788/242 432/789/218 431/790/233
f 399/791/243 400/792/244 430/793/232 429/794/230
f 407/795/245 406/796/246 428/797/214 427/798/228
f 404/799/247 403/783/239 433/786/236 426/800/226
f 400/792/244 410/787/241 431/790/233 430/793/232
f 401/801/248 399/791/243 429/794/230 425/802/223
f 408/803/249 407/795/245 427/798/228 424/804/219
f 405/805/250 404/799/247 426/800/226 423/806/215
f 402/784/240 401/801/248 425/802/223 434/785/222
f 409/788/242 408/803/249 424/804/219 432/789/218
f 406/796/246 405/805/250 423/806/215 428/797/214
f 23/110/51 449/109/50 450/76/40 24/75/39
f 21/98/47 447/97/46 448/68/32 22/67/31
f 31/92/43 445/91/42 446/72/36 32/71/35
f 29/112/55 443/111/54 444/116/61 30/115/60
f 10/105/251 441/807/49 442/808/37 9/106/252
f 5/136/253 438/809/58 444/128/61 27/126/63
f 14/107/254 439/810/57 440/811/33 13/108/255
f 28/124/62 443/127/54 439/810/57 14/107/254
f 18/125/68 449/133/50 437/812/53 7/135/256
f 20/117/66 447/131/46 441/807/49 10/105/251
f 26/103/64 445/129/42 435/813/45 1/104/257
f 7/135/1 437/812/1 438/809/1 5/136/1
f 3/101/41 1/104/41 435/813/41 436/814/41
f 9/106/252 442/808/37 450/134/40 17/123/69
f 13/108/255 440/811/33 446/130/36 25/118/65
f 3/101/258 436/814/29 448/132/32 19/102/67
f 886/815/259 454/816/260 472/817/261 898/818/262
f 890/819/263 466/820/264 482/821/265 896/822/266
f 892/823/267 462/824/268 474/825/269 900/826/270
f 461/827/18 471/828/18 482/829/18 466/830/18
f 886/815/271 885/831/271 452/832/271 454/816/271
f 887/833/15 458/834/15 456/835/15 888/836/15
f 474/837/18 462/838/18 465/839/18 479/840/18
f 895/841/272 481/842/273 452/832/274 885/831/275
f 462/838/18 461/827/18 466/830/18 465/839/18
f 458/843/18 473/844/18 480/845/18 456/846/18
f 897/847/276 471/848/277 461/849/278 891/850/279
f 453/851/17 469/852/17 476/853/17 451/854/17
f 460/855/17 459/856/17 464/857/17 463/858/17
f 899/859/280 473/860/281 458/834/282 887/833/283
f 893/861/284 479/862/285 465/863/286 889/864/287
f 889/864/287 465/863/286 466/820/264 890/819/263
f 888/836/288 456/835/289 480/865/290 894/866/291
f 470/867/17 460/855/17 463/858/17 475/868/17
f 472/869/18 454/870/18 452/871/18 481/872/18
f 891/850/279 461/849/278 462/824/268 892/823/267
f 459/856/17 467/873/17 478/874/17 464/857/17
f 474/837/18 479/840/18 480/845/18 473/844/18
f 472/869/18 481/872/18 482/829/18 471/828/18
f 470/867/17 475/868/17 476/853/17 469/852/17
f 468/875/17 477/876/17 478/874/17 467/873/17
f 893/877/284 478/874/292 477/876/293 894/878/291
f 895/879/272 476/853/294 475/868/295 896/880/266
f 897/881/276 470/867/296 469/852/297 898/882/262
f 899/883/280 468/875/298 467/873/299 900/884/270
f 468/875/17 457/885/17 455/886/17 477/876/17
f 517/887/300 519/888/300 486/889/15 484/890/301
f 490/891/302 492/892/303 495/893/304 493/894/305
f 493/894/305 495/893/304 498/895/306 496/896/307
f 496/896/307 498/895/306 501/897/308 499/898/309
f 499/898/309 501/897/308 504/899/310 502/900/311
f 502/900/311 504/899/310 507/901/312 505/902/312
f 505/902/312 507/901/312 510/903/313 508/904/314
f 508/904/314 510/903/313 513/905/315 511/906/316
f 511/906/316 513/905/315 516/907/317 514/908/318
f 514/908/318 516/907/317 519/888/300 517/887/300
f 487/909/319 489/910/320 492/892/303 490/891/302
f 494/911/321 491/912/322 535/913/322 536/914/321
f 484/890/301 486/889/15 489/910/320 487/909/319
f 484/915/301 487/916/319 545/917/323 546/918/324
f 489/919/325 486/920/326 520/921/327 521/922/328
f 487/916/319 490/923/302 547/924/329 545/917/323
f 492/925/330 489/919/325 521/922/328 522/926/331
f 490/923/302 493/927/305 548/928/332 547/924/329
f 495/929/304 492/925/330 522/926/331 523/930/333
f 493/927/305 496/931/307 549/932/334 548/928/332
f 498/933/306 495/929/304 523/930/333 524/934/335
f 496/931/307 499/935/309 550/936/336 549/932/334
f 501/937/308 498/933/306 524/934/335 525/938/337
f 499/935/309 502/939/311 551/940/338 550/936/336
f 504/941/310 501/937/308 525/938/337 526/942/339
f 502/939/311 505/943/340 552/944/341 551/940/338
f 507/945/342 504/941/310 526/942/339 527/946/343
f 505/943/340 508/947/314 553/948/344 552/944/341
f 510/949/313 507/945/342 527/946/343 528/950/345
f 508/947/314 511/951/316 554/952/346 553/948/344
f 513/953/315 510/949/313 528/950/345 529/954/347
f 511/951/316 514/955/318 555/956/348 554/952/346
f 516/957/349 513/953/315 529/954/347 530/958/350
f 514/955/318 517/959/351 556/960/352 555/956/348
f 519/961/353 516/957/349 530/958/350 531/962/354
f 517/959/351 484/915/301 546/918/324 556/960/352
f 486/920/326 519/961/353 531/962/354 520/921/327
f 485/963/355 488/964/355 521/965/328 520/966/327
f 488/964/355 491/912/355 522/967/331 521/965/328
f 491/912/355 494/911/355 523/968/355 522/967/331
f 494/911/355 497/969/355 524/970/355 523/968/355
f 497/969/355 500/971/355 525/972/337 524/970/355
f 500/971/355 503/973/355 526/974/339 525/972/337
f 503/973/355 506/975/355 527/976/343 526/974/339
f 506/975/355 509/977/355 528/978/345 527/976/343
f 509/977/355 512/979/355 529/980/347 528/978/345
f 512/979/355 515/981/355 530/982/350 529/980/347
f 515/981/355 518/983/355 531/984/354 530/982/350
f 518/983/355 485/963/355 520/966/327 531/984/354
f 515/981/356 512/979/357 542/985/357 543/986/356
f 506/975/358 503/973/359 539/987/359 540/988/358
f 497/969/360 494/911/321 536/914/321 537/989/360
f 518/983/361 515/981/356 543/986/356 544/990/361
f 488/964/362 485/963/363 533/991/363 534/992/362
f 509/977/364 506/975/358 540/988/358 541/993/364
f 500/971/365 497/969/360 537/989/360 538/994/365
f 485/963/363 518/983/361 544/990/361 533/991/363
f 491/912/322 488/964/362 534/992/362 535/913/322
f 512/979/357 509/977/364 541/993/364 542/985/357
f 503/973/359 500/971/365 538/994/365 539/987/359
f 532/995/355 534/996/355 533/997/355
f 532/995/355 535/998/355 534/996/355
f 532/995/355 536/999/355 535/998/355
f 532/995/355 537/1000/355 536/999/355
f 532/995/355 538/1001/355 537/1000/355
f 532/995/355 539/1002/355 538/1001/355
f 532/995/355 540/1003/355 539/1002/355
f 532/995/355 541/1004/355 540/1003/355
f 532/995/355 542/1005/355 541/1004/355
f 532/995/355 543/1006/355 542/1005/355
f 532/995/355 544/1007/355 543/1006/355
f 532/995/355 533/997/355 544/1007/355
f 483/1008/366 546/1009/324 545/1010/366
f 483/1008/366 545/1010/366 547/1011/329
f 483/1008/366 547/1011/329 548/1012/332
f 483/1008/366 548/1012/332 549/1013/334
f 483/1008/366 549/1013/334 550/1014/336
f 483/1008/366 550/1014/336 551/1015/338
f 483/1008/366 551/1015/338 552/1016/341
f 483/1008/366 552/1016/341 553/1017/344
f 483/1008/366 553/1017/344 554/1018/366
f 483/1008/366 554/1018/366 555/1019/348
f 483/1008/366 555/1019/348 556/1020/352
f 483/1008/366 556/1020/352 546/1009/324
f 591/1021/367 558/1022/368 560/1023/301 593/1024/369
f 564/1025/370 567/1026/304 569/1027/17 566/1028/303
f 567/1026/304 570/1029/306 572/1030/371 569/1027/17
f 570/1029/306 573/1031/308 575/1032/309 572/1030/371
f 573/1031/308 576/1033/310 578/1034/311 575/1032/309
f 576/1033/310 579/1035/312 581/1036/312 578/1034/311
f 579/1035/312 582/1037/313 584/1038/372 581/1036/312
f 582/1037/313 585/1039/315 587/1040/316 584/1038/372
f 585/1039/315 588/1041/373 590/1042/318 587/1040/316
f 588/1041/373 591/1021/367 593/1024/369 590/1042/318
f 561/1043/374 564/1025/370 566/1028/303 563/1044/319
f 568/1045/375 610/1046/375 609/1047/376 565/1048/376
f 558/1022/368 561/1043/374 563/1044/319 560/1023/301
f 558/1049/368 620/1050/327 619/1051/325 561/1052/374
f 563/1053/319 595/1054/323 594/1055/377 560/1056/301
f 561/1052/374 619/1051/325 621/1057/330 564/1058/370
f 566/1059/378 596/1060/329 595/1054/323 563/1053/319
f 564/1058/370 621/1057/330 622/1061/333 567/1062/304
f 569/1063/379 597/1064/332 596/1060/329 566/1059/378
f 567/1062/304 622/1061/333 623/1065/335 570/1066/306
f 572/1067/380 598/1068/334 597/1064/332 569/1063/379
f 570/1066/306 623/1065/335 624/1069/381 573/1070/308
f 575/1071/309 599/1072/336 598/1068/334 572/1067/380
f 573/1070/308 624/1069/381 625/1073/382 576/1074/310
f 578/1075/311 600/1076/383 599/1072/336 575/1071/309
f 576/1074/310 625/1073/382 626/1077/343 579/1078/342
f 581/1079/340 601/1080/341 600/1076/383 578/1075/311
f 579/1078/342 626/1077/343 627/1081/345 582/1082/313
f 584/1083/384 602/1084/344 601/1080/341 581/1079/340
f 582/1082/313 627/1081/345 628/1085/385 585/1086/315
f 587/1087/316 603/1088/386 602/1084/344 584/1083/384
f 585/1086/315 628/1085/385 629/1089/350 588/1090/373
f 590/1091/318 604/1092/387 603/1088/386 587/1087/316
f 588/1090/373 629/1089/350 630/1093/354 591/1094/367
f 593/1095/369 605/1096/351 604/1092/387 590/1091/318
f 591/1094/367 630/1093/354 620/1050/327 558/1049/368
f 560/1056/301 594/1055/377 605/1096/351 593/1095/369
f 559/1097/366 594/1098/366 595/1099/366 562/1100/366
f 562/1100/366 595/1099/366 596/1101/329 565/1048/366
f 565/1048/366 596/1101/329 597/1102/332 568/1045/366
f 568/1045/366 597/1102/332 598/1103/334 571/1104/366
f 571/1104/366 598/1103/334 599/1105/336 574/1106/366
f 574/1106/366 599/1105/336 600/1107/366 577/1108/366
f 577/1108/366 600/1107/366 601/1109/341 580/1110/366
f 580/1110/366 601/1109/341 602/1111/344 583/1112/366
f 583/1112/366 602/1111/344 603/1113/386 586/1114/366
f 586/1114/366 603/1113/386 604/1115/366 589/1116/366
f 589/1116/366 604/1115/366 605/1117/366 592/1118/366
f 592/1118/366 605/1117/366 594/1098/366 559/1097/366
f 589/1116/388 617/1119/388 616/1120/389 586/1114/389
f 580/1110/390 614/1121/390 613/1122/391 577/1108/391
f 571/1104/392 611/1123/392 610/1046/375 568/1045/375
f 592/1118/393 618/1124/393 617/1119/388 589/1116/388
f 562/1100/394 608/1125/394 607/1126/395 559/1097/395
f 583/1112/396 615/1127/396 614/1121/390 580/1110/390
f 574/1106/397 612/1128/397 611/1123/392 571/1104/392
f 559/1097/395 607/1126/395 618/1124/393 592/1118/393
f 565/1048/376 609/1047/376 608/1125/394 562/1100/394
f 586/1114/389 616/1120/389 615/1127/396 583/1112/396
f 577/1108/391 613/1122/391 612/1128/397 574/1106/397
f 606/1129/366 607/1130/366 608/1131/366
f 606/1129/366 608/1131/366 609/1132/366
f 606/1129/366 609/1132/366 610/1133/366
f 606/1129/366 610/1133/366 611/1134/366
f 606/1129/366 611/1134/366 612/1135/366
f 606/1129/366 612/1135/366 613/1136/366
f 606/1129/366 613/1136/366 614/1137/366
f 606/1129/366 614/1137/366 615/1138/366
f 606/1129/366 615/1138/366 616/1139/366
f 606/1129/366 616/1139/366 617/1140/366
f 606/1129/366 617/1140/366 618/1141/366
f 606/1129/366 618/1141/366 607/1130/366
f 557/1142/355 619/1143/355 620/1144/327
f 557/1142/355 621/1145/355 619/1143/355
f 557/1142/355 622/1146/355 621/1145/355
f 557/1142/355 623/1147/355 622/1146/355
f 557/1142/355 624/1148/355 623/1147/355
f 557/1142/355 625/1149/355 624/1148/355
f 557/1142/355 626/1150/343 625/1149/355
f 557/1142/355 627/1151/345 626/1150/343
f 557/1142/355 628/1152/355 627/1151/345
f 557/1142/355 629/1153/350 628/1152/355
f 557/1142/355 630/1154/354 629/1153/350
f 557/1142/355 620/1144/327 630/1154/354
f 665/1155/369 667/1156/367 634/1157/15 632/1158/301
f 638/1159/302 640/1160/303 643/1161/17 641/1162/305
f 641/1162/305 643/1161/17 646/1163/306 644/1164/371
f 644/1164/371 646/1163/306 649/1165/308 647/1166/309
f 647/1166/309 649/1165/308 652/1167/310 650/1168/311
f 650/1168/311 652/1167/310 655/1169/398 653/1170/312
f 653/1170/312 655/1169/398 658/1171/313 656/1172/372
f 656/1172/372 658/1171/313 661/1173/315 659/1174/18
f 659/1174/18 661/1173/315 664/1175/373 662/1176/317
f 662/1176/317 664/1175/373 667/1156/367 665/1155/369
f 635/1177/319 637/1178/320 640/1160/303 638/1159/302
f 642/1179/321 639/1180/322 683/1181/322 684/1182/321
f 632/1158/301 634/1157/15 637/1178/320 635/1177/319
f 632/1183/301 635/1184/319 693/1185/399 694/1186/377
f 637/1187/325 634/1188/326 668/1189/327 669/1190/328
f 635/1184/319 638/1191/302 695/1192/329 693/1185/399
f 640/1193/330 637/1187/325 669/1190/328 670/1194/331
f 638/1191/302 641/1195/305 696/1196/332 695/1192/329
f 643/1197/333 640/1193/330 670/1194/331 671/1198/400
f 641/1195/305 644/1199/380 697/1200/334 696/1196/332
f 646/1201/306 643/1197/333 671/1198/400 672/1202/401
f 644/1199/380 647/1203/309 698/1204/336 697/1200/334
f 649/1205/308 646/1201/306 672/1202/401 673/1206/381
f 647/1203/309 650/1207/311 699/1208/338 698/1204/336
f 652/1209/310 649/1205/308 673/1206/381 674/1210/382
f 650/1207/311 653/1211/340 700/1212/341 699/1208/338
f 655/1213/398 652/1209/310 674/1210/382 675/1214/342
f 653/1211/340 656/1215/384 701/1216/344 700/1212/341
f 658/1217/313 655/1213/398 675/1214/342 676/1218/402
f 656/1215/384 659/1219/346 702/1220/386 701/1216/344
f 661/1221/315 658/1217/313 676/1218/402 677/1222/385
f 659/1219/346 662/1223/387 703/1224/348 702/1220/386
f 664/1225/373 661/1221/315 677/1222/385 678/1226/349
f 662/1223/387 665/1227/369 704/1228/352 703/1224/348
f 667/1229/367 664/1225/373 678/1226/349 679/1230/353
f 665/1227/369 632/1183/301 694/1186/377 704/1228/352
f 634/1188/326 667/1229/367 679/1230/353 668/1189/327
f 633/1231/355 636/1232/355 669/1233/328 668/1234/327
f 636/1232/355 639/1180/355 670/1235/331 669/1233/328
f 639/1180/355 642/1179/355 671/1236/400 670/1235/331
f 642/1179/355 645/1237/355 672/1238/401 671/1236/400
f 645/1237/355 648/1239/355 673/1240/355 672/1238/401
f 648/1239/355 651/1241/355 674/1242/355 673/1240/355
f 651/1241/355 654/1243/355 675/1244/355 674/1242/355
f 654/1243/355 657/1245/355 676/1246/355 675/1244/355
f 657/1245/355 660/1247/355 677/1248/355 676/1246/355
f 660/1247/355 663/1249/355 678/1250/355 677/1248/355
f 663/1249/355 666/1251/355 679/1252/355 678/1250/355
f 666/1251/355 633/1231/355 668/1234/327 679/1252/355
f 663/1249/356 660/1247/357 690/1253/357 691/1254/356
f 654/1243/358 651/1241/359 687/1255/359 688/1256/358
f 645/1237/360 642/1179/321 684/1182/321 685/1257/360
f 666/1251/361 663/1249/356 691/1254/356 692/1258/361
f 636/1232/362 633/1231/363 681/1259/363 682/1260/362
f 657/1245/364 654/1243/358 688/1256/358 689/1261/364
f 648/1239/365 645/1237/360 685/1257/360 686/1262/365
f 633/1231/363 666/1251/361 692/1258/361 681/1259/363
f 639/1180/322 636/1232/362 682/1260/362 683/1181/322
f 660/1247/357 657/1245/364 689/1261/364 690/1253/357
f 651/1241/359 648/1239/365 686/1262/365 687/1255/359
f 680/1263/355 682/1264/355 681/1265/355
f 680/1263/355 683/1266/355 682/1264/355
f 680/1263/355 684/1267/355 683/1266/355
f 680/1263/355 685/1268/355 684/1267/355
f 680/1263/355 686/1269/355 685/1268/355
f 680/1263/355 687/1270/355 686/1269/355
f 680/1263/355 688/1271/355 687/1270/355
f 680/1263/355 689/1272/355 688/1271/355
f 680/1263/355 690/1273/355 689/1272/355
f 680/1263/355 691/1274/355 690/1273/355
f 680/1263/355 692/1275/355 691/1274/355
f 680/1263/355 681/1265/355 692/1275/355
f 631/1276/366 694/1277/366 693/1278/399
f 631/1276/366 693/1278/399 695/1279/329
f 631/1276/366 695/1279/329 696/1280/332
f 631/1276/366 696/1280/332 697/1281/334
f 631/1276/366 697/1281/334 698/1282/336
f 631/1276/366 698/1282/336 699/1283/338
f 631/1276/366 699/1283/338 700/1284/341
f 631/1276/366 700/1284/341 701/1285/344
f 631/1276/366 701/1285/344 702/1286/386
f 631/1276/366 702/1286/386 703/1287/348
f 631/1276/366 703/1287/348 704/1288/352
f 631/1276/366 704/1288/352 694/1277/366
f 739/1289/367 706/1290/368 708/1291/301 741/1292/369
f 712/1293/370 715/1294/304 717/1295/17 714/1296/302
f 715/1294/304 718/1297/306 720/1298/371 717/1295/17
f 718/1297/306 721/1299/308 723/1300/403 720/1298/371
f 721/1299/308 724/1301/16 726/1302/311 723/1300/403
f 724/1301/16 727/1303/312 729/1304/404 726/1302/311
f 727/1303/312 730/1305/372 732/1306/314 729/1304/404
f 730/1305/372 733/1307/315 735/1308/316 732/1306/314
f 733/1307/315 736/1309/373 738/1310/318 735/1308/316
f 736/1309/373 739/1289/367 741/1292/369 738/1310/318
f 709/1311/320 712/1293/370 714/1296/302 711/1312/319
f 716/1313/375 758/1314/375 757/1315/376 713/1316/376
f 706/1290/368 709/1311/320 711/1312/319 708/1291/301
f 706/1317/368 768/1318/327 767/1319/328 709/1320/325
f 711/1321/319 743/1322/323 742/1323/324 708/1324/301
f 709/1320/325 767/1319/328 769/1325/331 712/1326/370
f 714/1327/302 744/1328/378 743/1322/323 711/1321/319
f 712/1326/370 769/1325/331 770/1329/333 715/1330/304
f 717/1331/379 745/1332/379 744/1328/378 714/1327/302
f 715/1330/304 770/1329/333 771/1333/335 718/1334/306
f 720/1335/380 746/1336/334 745/1332/379 717/1331/379
f 718/1334/306 771/1333/335 772/1337/381 721/1338/308
f 723/1339/405 747/1340/336 746/1336/334 720/1335/380
f 721/1338/308 772/1337/381 773/1341/339 724/1342/382
f 726/1343/311 748/1344/383 747/1340/336 723/1339/405
f 724/1342/382 773/1341/339 774/1345/343 727/1346/342
f 729/1347/404 749/1348/341 748/1344/383 726/1343/311
f 727/1346/342 774/1345/343 775/1349/402 730/1350/402
f 732/1351/314 750/1352/344 749/1348/341 729/1347/404
f 730/1350/402 775/1349/402 776/1353/385 733/1354/315
f 735/1355/316 751/1356/386 750/1352/344 732/1351/314
f 733/1354/315 776/1353/385 777/1357/350 736/1358/373
f 738/1359/318 752/1360/348 751/1356/386 735/1355/316
f 736/1358/373 777/1357/350 778/1361/354 739/1362/367
f 741/1363/369 753/1364/352 752/1360/348 738/1359/318
f 739/1362/367 778/1361/354 768/1318/327 706/1317/368
f 708/1324/301 742/1323/324 753/1364/352 741/1363/369
f 707/1365/366 742/1366/324 743/1367/366 710/1368/366
f 710/1368/366 743/1367/366 744/1369/366 713/1316/366
f 713/1316/366 744/1369/366 745/1370/366 716/1313/366
f 716/1313/366 745/1370/366 746/1371/334 719/1372/366
f 719/1372/366 746/1371/334 747/1373/336 722/1374/366
f 722/1374/366 747/1373/336 748/1375/366 725/1376/366
f 725/1376/366 748/1375/366 749/1377/341 728/1378/366
f 728/1378/366 749/1377/341 750/1379/344 731/1380/366
f 731/1380/366 750/1379/344 751/1381/386 734/1382/366
f 734/1382/366 751/1381/386 752/1383/348 737/1384/366
f 737/1384/366 752/1383/348 753/1385/352 740/1386/366
f 740/1386/366 753/1385/352 742/1366/324 707/1365/366
f 737/1384/388 765/1387/388 764/1388/389 734/1382/389
f 728/1378/390 762/1389/390 761/1390/391 725/1376/391
f 719/1372/392 759/1391/392 758/1314/375 716/1313/375
f 740/1386/393 766/1392/393 765/1387/388 737/1384/388
f 710/1368/394 756/1393/394 755/1394/395 707/1365/395
f 731/1380/396 763/1395/396 762/1389/390 728/1378/390
f 722/1374/397 760/1396/397 759/1391/392 719/1372/392
f 707/1365/395 755/1394/395 766/1392/393 740/1386/393
f 713/1316/376 757/1315/376 756/1393/394 710/1368/394
f 734/1382/389 764/1388/389 763/1395/396 731/1380/396
f 725/1376/391 761/1390/391 760/1396/397 722/1374/397
f 754/1397/366 755/1398/366 756/1399/366
f 754/1397/366 756/1399/366 757/1400/366
f 754/1397/366 757/1400/366 758/1401/366
f 754/1397/366 758/1401/366 759/1402/366
f 754/1397/366 759/1402/366 760/1403/366
f 754/1397/366 760/1403/366 761/1404/366
f 754/1397/366 761/1404/366 762/1405/366
f 754/1397/366 762/1405/366 763/1406/366
f 754/1397/366 763/1406/366 764/1407/366
f 754/1397/366 764/1407/366 765/1408/366
f 754/1397/366 765/1408/366 766/1409/366
f 754/1397/366 766/1409/366 755/1398/366
f 705/1410/355 767/1411/328 768/1412/327
f 705/1410/355 769/1413/331 767/1411/328
f 705/1410/355 770/1414/355 769/1413/331
f 705/1410/355 771/1415/355 770/1414/355
f 705/1410/355 772/1416/355 771/1415/355
f 705/1410/355 773/1417/339 772/1416/355
f 705/1410/355 774/1418/343 773/1417/339
f 705/1410/355 775/1419/355 774/1418/343
f 705/1410/355 776/1420/355 775/1419/355
f 705/1410/355 777/1421/350 776/1420/355
f 705/1410/355 778/1422/354 777/1421/350
f 705/1410/355 768/1412/327 778/1422/354
f 824/1423/406 848/1424/406 838/1425/407 813/1426/407
f 815/1427/408 839/1428/408 840/1429/409 816/1430/409
f 816/1430/409 840/1429/409 841/1431/410 817/1432/410
f 817/1432/410 841/1431/410 842/1433/411 818/1434/411
f 818/1434/411 842/1433/411 843/1435/412 819/1436/412
f 819/1436/412 843/1435/412 844/1437/413 820/1438/413
f 820/1438/413 844/1437/413 845/1439/414 821/1440/414
f 821/1440/414 845/1439/414 846/1441/415 822/1442/415
f 822/1442/415 846/1441/415 847/1443/416 823/1444/416
f 823/1444/416 847/1443/416 848/1424/406 824/1423/406
f 814/1445/417 837/1446/417 839/1428/408 815/1427/408
f 813/1426/407 838/1425/407 837/1446/417 814/1445/417
f 813/1447/418 814/1448/419 825/1449/419 826/1450/418
f 814/1448/419 815/1451/420 827/1452/420 825/1449/419
f 815/1451/420 816/1453/421 828/1454/421 827/1452/420
f 816/1453/421 817/1455/422 829/1456/422 828/1454/421
f 817/1455/422 818/1457/423 830/1458/423 829/1456/422
f 818/1457/423 819/1459/424 831/1460/424 830/1458/423
f 819/1459/424 820/1461/425 832/1462/425 831/1460/424
f 820/1461/425 821/1463/426 833/1464/426 832/1462/425
f 821/1463/426 822/1465/427 834/1466/427 833/1464/426
f 822/1465/427 823/1467/428 835/1468/428 834/1466/427
f 823/1467/428 824/1469/429 836/1470/429 835/1468/428
f 824/1469/429 813/1447/418 826/1450/418 836/1470/429
f 812/1471/430 826/1472/431 825/1473/432
f 812/1471/430 825/1473/432 827/1474/433
f 812/1471/430 827/1474/433 828/1475/434
f 812/1471/430 828/1475/434 829/1476/435
f 812/1471/430 829/1476/435 830/1477/436
f 812/1471/430 830/1477/436 831/1478/437
f 812/1471/430 831/1478/437 832/1479/438
f 812/1471/430 832/1479/438 833/1480/439
f 812/1471/430 833/1480/439 834/1481/440
f 812/1471/430 834/1481/440 835/1482/441
f 812/1471/430 835/1482/441 836/1483/442
f 812/1471/430 836/1483/442 826/1472/431
f 843/1484/430 842/1485/430 854/1486/430 855/1487/430
f 846/1488/430 845/1489/430 857/1490/430 858/1491/430
f 839/1492/430 837/1493/430 849/1494/430 851/1495/430
f 838/1496/430 848/1497/430 860/1498/430 850/1499/430
f 842/1485/430 841/1500/430 853/1501/430 854/1486/430
f 845/1489/430 844/1502/430 856/1503/430 857/1490/430
f 837/1493/430 838/1496/430 850/1499/430 849/1494/430
f 848/1497/430 847/1504/430 859/1505/430 860/1498/430
f 841/1500/430 840/1506/430 852/1507/430 853/1501/430
f 844/1502/430 843/1484/430 855/1487/430 856/1503/430
f 847/1504/430 846/1488/430 858/1491/430 859/1505/430
f 840/1506/430 839/1492/430 851/1495/430 852/1507/430
f 878/1508/443 873/1509/444 866/1510/445 867/1511/446
f 882/1512/447 874/1513/448 869/1514/449 870/1515/450
f 884/1516/451 875/1517/452 862/1518/453 863/1519/454
f 873/1509/444 876/1520/455 865/1521/456 866/1510/445
f 874/1513/448 877/1522/457 868/1523/458 869/1514/449
f 875/1517/452 879/1524/459 811/1525/460 862/1518/453
f 880/1526/461 881/1527/462 871/1528/463 861/1529/464
f 876/1520/455 883/1530/465 864/1531/466 865/1521/456
f 877/1522/457 878/1508/443 867/1511/446 868/1523/458
f 879/1524/459 880/1526/461 861/1529/464 811/1525/460
f 881/1527/462 882/1512/447 870/1515/450 871/1528/463
f 883/1530/465 884/1516/451 863/1519/454 864/1531/466
f 872/1532/467 811/1525/467 861/1529/467
f 872/1532/467 862/1518/467 811/1525/467
f 872/1532/467 863/1519/467 862/1518/467
f 872/1532/467 864/1531/467 863/1519/467
f 872/1532/467 865/1521/467 864/1531/467
f 872/1532/467 866/1510/467 865/1521/467
f 872/1532/467 867/1511/467 866/1510/467
f 872/1532/467 868/1523/467 867/1511/467
f 872/1532/467 869/1514/467 868/1523/467
f 872/1532/467 870/1515/467 869/1514/467
f 872/1532/467 871/1528/467 870/1515/467
f 872/1532/467 861/1529/467 871/1528/467
f 853/1533/468 852/1534/469 884/1535/451 883/1536/465
f 860/1537/470 859/1538/471 882/1539/447 881/1540/462
f 849/1541/472 850/1542/473 880/1543/461 879/1544/459
f 857/1545/474 856/1546/475 878/1547/443 877/1548/457
f 854/1549/476 853/1533/468 883/1536/465 876/1550/455
f 850/1542/473 860/1537/470 881/1540/462 880/1543/461
f 851/1551/477 849/1541/472 879/1544/459 875/1552/452
f 858/1553/478 857/1545/474 877/1548/457 874/1554/448
f 855/1555/479 854/1549/476 876/1550/455 873/1556/444
f 852/1534/469 851/1551/477 875/1552/452 884/1535/451
f 859/1538/471 858/1553/478 874/1554/448 882/1539/447
f 856/1546/475 855/1555/479 873/1556/444 878/1547/443
f 473/860/281 899/859/280 900/826/270 474/825/269
f 471/848/277 897/847/276 898/818/262 472/817/261
f 481/842/273 895/841/272 896/822/266 482/821/265
f 479/862/285 893/861/284 894/866/291 480/865/290
f 460/855/480 891/1557/279 892/1558/267 459/856/481
f 455/886/482 888/1559/288 894/878/291 477/876/293
f 464/857/483 889/1560/287 890/1561/263 463/858/484
f 478/874/292 893/877/284 889/1560/287 464/857/483
f 468/875/298 899/883/280 887/1562/283 457/885/485
f 470/867/296 897/881/276 891/1557/279 460/855/480
f 476/853/294 895/879/272 885/1563/275 451/854/486
f 457/885/15 887/1562/15 888/1559/15 455/886/15
f 453/851/271 451/854/271 885/1563/271 886/1564/271
f 459/856/481 892/1558/267 900/884/270 467/873/299
f 463/858/484 890/1561/263 896/880/266 475/868/295
f 453/851/487 886/1564/259 898/882/262 469/852/297
